source_file	source_line	wc1_address	wc2_address	source_name	mapping_name	evidence	review_flags	status
src/auto.c	12	00403E50	004228B0	visit_the_cinema	visit_the_cinema	WC1-fuzzy-very-low		mapped
src/auto.c	39	00403EE0	00422953	player_wingman	player_wingman	WC1-callgraph-propagated		mapped
src/auto.c	47	00403F10	00422990	set_speed	set_speed	WC1-callgraph-single-low		mapped
src/auto.c	54	00403F40	004229B9	auto_position	auto_position	WC1-callgraph-propagated		mapped
src/auto.c	93	00404050	00422B1C	auto_pilot_sequence	auto_pilot_sequence	WC1-callgraph-propagated		mapped
src/barracks.c	10	0041ADA0		CreateEmptySaveGameFile				unmapped
src/barracks.c	122	0041B020		EnsureSaveGameFile				unmapped
src/barracks.c	140	0041B070		InitializeBarracksAnimation				unmapped
src/barracks.c	164	0041B0E0		FreeBarracksMenuLabel				unmapped
src/barracks.c	175	0041B110	0044F332	SetAwakenBarracksMenuLabel	PromptAwakenPilot	WC1-callgraph-single-low		mapped
src/barracks.c	192	0041B180		FreeBarracksMenuLabels				unmapped
src/barracks.c	215	0041B1E0		SaveGame				unmapped
src/barracks.c	306	0041B420	0042E3CF	PromptForTextInput	BlitG0046999cFnB420	WC1-callgraph-propagated		mapped
src/barracks.c	348	0041B550	004346E9	WarnLoadGameFirst	WarnLoadGameFirst	WC1-callgraph-propagated		mapped
src/barracks.c	368	0041B5C0		SaveGameWithNamePrompt				unmapped
src/barracks.c	407	0041B710		LoadGame				unmapped
src/barracks.c	508	0041B980		LoadGameFromSlot				unmapped
src/barracks.c	547	0041BAD0		SetBunkMenuLabel				unmapped
src/barracks.c	562	0041BB20	00433ED7	GetBunkInfo	LoopSaveLoadFnBB20	WC1-fuzzy-very-low		mapped
src/barracks.c	589	0041BBD0	0046138D	DrawBarracksBunks	SceneRoutine02	WC1-callgraph-propagated		mapped
src/barracks.c	617	0041BC90	00467300	DrawBarracksStaticDetails	DrawLocalFnBC90	WC1-fuzzy-very-low		mapped
src/barracks.c	627	0041BCE0	0040815F	AnimateBarracks	DrawUiFnBCE0	WC1-callgraph-propagated		mapped
src/barracks.c	711	0041BF10	00434F7D	ConfirmQuitWingCommander	ConfirmQuitWingCommander	WC1-callgraph-propagated		mapped
src/barracks.c	727	0041BF60	00436722	ConfirmAwakenAfterBadData	ConfirmAwakenAfterBadData	WC1-callgraph-propagated		mapped
src/barracks.c	747	0041BFE0	0043641C	ConfirmReplaceFaultyData	ConfirmReplaceFaultyData	WC1-callgraph-propagated		mapped
src/barracks.c	771	0041C090	00418DAA	HandleBarracksBunkSelection	GetNavFnC090	WC1-callgraph-propagated		mapped
src/barracks.c	804	0041C140		UpdateBarracksScreen				unmapped
src/barracks.c	813	0041C170	00419831	BarracksScreen	BarracksScreen	WC1-callgraph-propagated		mapped
src/barracks.c	947	0041C510	004225A0	StepPaletteTransition	StepPaletteTransition	WC1-fuzzy-very-low		mapped
src/barracks.c	1027	0041C740	00446910	DosStrcat	DosStrcat	WC1-callgraph-propagated		mapped
src/brains.c	13		00440490	HandleUnsupportedManeuver	HandleUnsupportedManeuver	WC2-only		wc2-only
src/brains.c	21		00440549	ResetShipWeaponFireState	ResetShipWeaponFireState	WC2-only		wc2-only
src/brains.c	28	004060A0	00440606	SetShipAiScratchWord	HelperOf4075D0A	WC1-callgraph-single		mapped
src/brains.c	34	004060B0	0044061B	maneuver_complete	maneuver_complete	WC1-fuzzy-low		mapped
src/brains.c	41	004060D0	00440642	Mline_up_drop	Mline_up_drop	WC1-fuzzy-low		mapped
src/brains.c	57	00406130	004406BA	Mwabble	ShipAiState13	WC1-fuzzy-followup		mapped
src/brains.c	85	004061E0	004407B0	advance	advance	WC1-order-exact		mapped
src/brains.c	92	00406200	004407DA	ShipAiState35	ShipAiState35	WC1-order-exact		mapped
src/brains.c	135	00406310	004407F7	Mfull_ahead	Mfull_ahead	WC1-order-exact		mapped
src/brains.c	147	00406350	00440814	Mchill	Mchill	WC1-order-exact		mapped
src/brains.c	158	004063B0	00440831	Mdrop_a_mine	Mdrop_a_mine	WC1-order-exact		mapped
src/brains.c	172	00406400	0044084E	Mthink	Mthink	WC1-order-exact		mapped
src/brains.c	182	00406440	0044086B	Mtight_loop	Mtight_loop	WC1-fuzzy-very-low		mapped
src/brains.c	210	004064F0	00440967	Mhard_break	Mhard_break	WC1-fuzzy-followup		mapped
src/brains.c	238	004065A0	00440A93	Msit_n_spin	Msit_n_spin	WC1-fuzzy-followup		mapped
src/brains.c	307	004067A0	00440D0B	Mturn_n_spin	Mturn_n_spin	WC1-fuzzy-followup		mapped
src/brains.c	341	00406860	00440E46	Mburnout	ShipAiState12	WC1-callgraph-propagated		mapped
src/brains.c	364	004068D0	00440F01	Mkickit	Mkickit	WC1-manual-verified		mapped
src/brains.c	380	00406910	00440F76	Mturn_n_kick	Mturn_n_kick	WC1-order-exact		mapped
src/brains.c	403	00406990	004410C0	Mroll_over	Mroll_over	WC1-manual-verified		mapped
src/brains.c	417	004069F0	00441146	Mhard_turn	Mhard_turn	WC1-callgraph-propagated		mapped
src/brains.c	434	00406A50	004411E1	Mfish_hook	Mfish_hook	WC1-fuzzy-followup		mapped
src/brains.c	476	00406B60	00441379	Mtry2tail	Mtry2tail	WC1-order-exact		mapped
src/brains.c	490	00406BD0	0044145A	Msplit_left	Msplit_left	WC1-order-exact		mapped
src/brains.c	505	00406C20	0044151B	Msplit_right	Msplit_right	WC1-order-exact		mapped
src/brains.c	520	00406C70	004415DC	Mgloat	ShipAiState25	WC1-fuzzy-followup		mapped
src/brains.c	545	00406D20	004416D5	Mtail_fire	Mtail_fire	WC1-manual-verified		mapped
src/brains.c	556	00406D80	00441742	Mzip_past	Mzip_past	WC1-manual-verified		mapped
src/brains.c	577	00406E10	00441C01	Mtarget_missile	Mtarget_missile	WC1-callgraph-propagated		mapped
src/brains.c	606	00406EC0	0044199B	Mram_missile	Mram_missile	WC1-fuzzy-low		mapped
src/brains.c	619	00406F20	00441A13	Mbuzz_debris	Mbuzz_debris	WC1-fuzzy-followup		mapped
src/brains.c	646	00406FB0	00441AFC	Mstrafe_enemy	Mstrafe_enemy	WC1-order-exact		mapped
src/brains.c	664	00407030	00441BC1	Mbest_strafe	Mbest_strafe	WC1-fuzzy-very-low		mapped
src/brains.c	674	00407060	00441D00	Msit_n_fire	Msit_n_fire	WC1-fuzzy-very-low		mapped
src/brains.c	690	004070D0	00441D71	Mstrafe_n_roll	Mstrafe_n_roll	WC1-fuzzy-very-low		mapped
src/brains.c	700	00407100	00441DB3	Mkill_missile	Mkill_missile	WC1-fuzzy-very-low		mapped
src/brains.c	723	004071B0	00441E9C	Msuicide_run	Msuicide_run	WC1-order-exact		mapped
src/brains.c	731	004071E0	00441EC8	Mget_distance	Mget_distance	WC1-fuzzy-low		mapped
src/brains.c	750	00407270	00441F86	general_zig	general_zig	WC1-callgraph-propagated		mapped
src/brains.c	783	00407350	0044210C	Mzig_zag	Mzig_zag	WC1-callgraph-single		mapped
src/brains.c	789	00407370	00442129	Mzig_zag_pitch	Mzig_zag_pitch	WC1-fuzzy-low		mapped
src/brains.c	795	00407390	00442146	Mcorkscrew	ShipAiState38	WC1-fuzzy-very-low		mapped
src/brains.c	821	00407450	00442252	Mveer_away	Mveer_away	WC1-fuzzy-followup		mapped
src/brains.c	858	00407560	004423E2	ShipAiState44	ShipAiState44	WC1-callgraph-single-low		mapped
src/brains.c	865	00407580	00442404	Mtarget_laser	Mtarget_laser	WC1-manual-verified		mapped
src/brains.c	871	004075A0	00442421	Mrout_me	Mrout_me	WC1-manual-verified		mapped
src/brains.c	877	004075B0	004424C2	Mnone	Mnone	WC1-manual-verified		mapped
src/brains.c	883	004075C0	004424CD	Mreset	ShipAiState03	WC1-fuzzy-followup		mapped
src/brains.c	889	004075D0	004424E4	perform_maneuver	perform_maneuver	WC1-fuzzy-followup		mapped
src/brains.c	1038	00407710	00447170	GetShapeFrameExtent	GetShapeFrameExtent	WC1-fuzzy-followup		mapped
src/brains.c	1049	00407750		AnimateScrambleWalk				unmapped
src/brains.c	1134	004079C0	00460650	PlayScrambleHangarScene	BlitUiFn79C0	WC1-fuzzy-very-low		mapped
src/brains.c	1226	00407C90		DrawScrambleActor				unmapped
src/brains.c	1285	00407D90		ConfigureScrambleActor				unmapped
src/brains.c	1307	00407E10		DrawScrambleFrame				unmapped
src/brains.c	1442	00408200		scramble				unmapped
src/brains.c	1601	00408650	0042EF12	landing	landing	WC1-callgraph-propagated		mapped
src/brains.c	1789	00408B30		funeral_player				unmapped
src/brains.c	1866	00408D50		funeral_wingman				unmapped
src/brains.c	1889	00408DE0	00459D74	funeral_sequence	funeral_sequence	WC1-callgraph-propagated		mapped
src/brains.c	2179	004094E0	00409C1A	RunAnimationDemoLoop	RunAnimationDemoLoop	WC1-callgraph-propagated		mapped
src/brains.c	2298	00409760	00442770	cruise_home	cruise_home	WC1-fuzzy-very-low		mapped
src/brains.c	2340	004098C0		fail				unmapped
src/brains.c	2346	004098D0		coming_home				unmapped
src/brains.c	2376	004099C0	00442B78	run_away	run_away	WC1-fuzzy-low		mapped
src/brains.c	2406	00409AC0	00442CC3	check_engage_target	check_engage_target	WC1-callgraph-propagated		mapped
src/brains.c	2418	00409B10	00442D58	check_destroy_target	check_destroy_target	WC1-fuzzy-followup		mapped
src/brains.c	2448	00409C20	00442EFC	maneuvering	maneuvering	WC1-callgraph-propagated		mapped
src/brains.c	2456	00409C50	00442F2D	formation_burst	formation_burst	WC1-callgraph-propagated		mapped
src/brains.c	2473	00409CE0	00442FE9	disallow_engage	disallow_engage	WC1-callgraph-single-low		mapped
src/brains.c	2479	00409CF0	00442FFD	allow_engage	allow_engage	WC1-fuzzy-medium		mapped
src/brains.c	2486	00409D10	0044301A	try2allow_engage	try2allow_engage	WC1-fuzzy-followup		mapped
src/brains.c	2504	00409D60	00443095	imperial_formation	imperial_formation	WC1-fuzzy-low		mapped
src/brains.c	2549	00409F00	004432EB	formation_break	formation_break	WC1-callgraph-propagated		mapped
src/brains.c	2571	00409F80	004433B1	imperial_wingman	imperial_wingman	WC1-fuzzy-followup		mapped
src/brains.c	2596	0040A030	00443499	kilrathi_wingman	kilrathi_wingman	WC1-fuzzy-very-low		mapped
src/brains.c	2636	0040A130	00443631	wingman_mission	wingman_mission	WC1-manual-verified		mapped
src/brains.c	2646	0040A160	0044366D	dist_from_home	dist_from_home	WC1-callgraph-single-low		mapped
src/brains.c	2652	0040A180	00443698	scan_and_lock	scan_and_lock	WC1-callgraph-propagated		mapped
src/brains.c	2661	0040A1C0	00443707	patrol_area	patrol_area	WC1-fuzzy-followup		mapped
src/brains.c	2710	0040A360	00443930	kilrathi_patrol	kilrathi_patrol	WC1-manual-verified		mapped
src/brains.c	2734	0040A400		imperial_wingleader				unmapped
src/brains.c	2740	0040A410	00443A08	cruise_to_destination	cruise_to_destination	WC1-fuzzy-followup		mapped
src/brains.c	2781	0040A540	00443C45	prepare_for_jump	prepare_for_jump	WC1-fuzzy-low		mapped
src/brains.c	2809	0040A630	00443D6E	accelerate_and_jump	accelerate_and_jump	WC1-manual-verified		mapped
src/brains.c	2817	0040A670	00443DBD	reach_warp	reach_warp	WC1-fuzzy-low		mapped
src/brains.c	2840	0040A710	00443EE9	warp_arrival	warp_arrival	WC1-fuzzy-very-low		mapped
src/brains.c	2849	0040A740	00443F28	return_to_buddy	return_to_buddy	WC1-fuzzy-followup		mapped
src/brains.c	2861	0040A7A0	00443FA2	escort_buddy	escort_buddy	WC1-fuzzy-low		mapped
src/brains.c	2869	0040A7D0	00443FE4	escort_mission	escort_mission	WC1-fuzzy-followup		mapped
src/brains.c	2906	0040A900	00444199	check_goal	check_goal	WC1-fuzzy-followup		mapped
src/brains.c	2915	0040A940	004441E5	streak_toward	streak_toward	WC1-fuzzy-low		mapped
src/brains.c	2930	0040A9B0	00444291	approach_and_engage	approach_and_engage	WC1-fuzzy-followup		mapped
src/brains.c	2961	0040AAC0	00444420	strike_mission	strike_mission	WC1-order-exact		mapped
src/brains.c	2999	0040ABB0	004446C9	return_to_master	return_to_master	WC1-fuzzy-followup		mapped
src/brains.c	3011	0040AC00	0044472C	defend_mission	defend_mission	WC1-fuzzy-followup		mapped
src/brains.c	3058	0040AD80	00444966	rendezvous_mission	rendezvous_mission	WC1-fuzzy-followup		mapped
src/brains.c	3092	0040AE80	00444ADC	ship_intelligence	ship_intelligence	WC1-fuzzy-followup		mapped
src/brains.c	3144	0040AF70	00444C80	orbit_sphere	orbit_sphere	WC1-fuzzy-followup		mapped
src/brains.c	3162	0040B010	00444D5C	tanker_intelligence	tanker_intelligence	WC1-fuzzy-very-low		mapped
src/brains.c	3184	0040B0C0	00444E51	destroyer_intelligence	destroyer_intelligence	WC1-callgraph-propagated		mapped
src/brains.c	3196	0040B110	00444EA7	stationary_intelligence	stationary_intelligence	WC1-manual-verified		mapped
src/brains.c	3205	0040B140	00445AAC	capital_ship_intelligence	capital_ship_intelligence	WC1-manual-verified		mapped
src/brains.c	3270	0040B320	00445D9A	futurion_intelligence	futurion_intelligence	WC1-fuzzy-low		mapped
src/brains.c	3290	0040B3A0	00446474	mine_intelligence	mine_intelligence	WC1-fuzzy-low		mapped
src/brains.c	3312	0040B430	00445E68	heat_seeking_missile_intelligence	heat_seeking_missile_intelligence	WC1-callgraph-propagated		mapped
src/brains.c	3374	0040B570	00446133	FF_missile_intelligence	FF_missile_intelligence	WC1-callgraph-propagated		mapped
src/brains.c	3412	0040B670	0044B200	set_sphere_point	set_sphere_point	WC1-callgraph-propagated		mapped
src/brains.c	3421	0040B6A0	0044B239	is_alive	is_alive	WC1-order-exact		mapped
src/brains.c	3436	0040B700	0044B257	check_futurion	check_futurion	WC1-fuzzy-medium		mapped
src/brains.c	3449	0040B730	0044B2E2	init_mission	init_mission	WC1-callgraph-propagated		mapped
src/brains.c	3471	0040B7A0		prepare_mission				unmapped
src/brains.c	3539	0040B940	00456988	release_all_capital_ship_shapes	release_all_capital_ship_shapes	WC1-fuzzy-very-low		mapped
src/brains.c	3556	0040B990		release_capital_ship_shapes				unmapped
src/brains.c	3575	0040B9F0		load_ship				unmapped
src/brains.c	3703	0040BC70		free_ship				unmapped
src/brains.c	3776	0040BE20	004175AD	free_all_slots	free_all_slots	WC1-callgraph-propagated		mapped
src/brains.c	3792	0040BE60	0044CCE1	load_all_slots	load_all_slots	WC1-callgraph-propagated		mapped
src/brains.c	3811	0040BEA0	0044CDCF	remove_nav_point_objects	LoopLocalFnBEA0	WC1-fuzzy-very-low		mapped
src/brains.c	3822	0040BEC0		get_shape_slot				unmapped
src/brains.c	3835	0040BEF0		shape_loaded				unmapped
src/brains.c	3849	0040BF20		shape_needed				unmapped
src/brains.c	3865	0040BF50	00428EDC	new_sphere_shapes	new_sphere_shapes	WC1-callgraph-propagated		mapped
src/brains.c	3902	0040BFF0		set_up_action_sphere				unmapped
src/brains.c	3971	0040C150		free_pilot_talk				unmapped
src/brains.c	3990	0040C1C0	00434043	get_pilot_talk	get_pilot_talk	WC1-callgraph-propagated		mapped
src/brains.c	4022	0040C2B0		init_personalities				unmapped
src/brains.c	4052	0040C350		room_for_me				unmapped
src/brains.c	4058	0040C360	0044D81F	approve_xyz	place_ship_near_player_until_valid	WC1-fuzzy-low		mapped
src/brains.c	4069	0040C3C0	0044D888	set_up_next_wave	set_up_next_wave	WC1-callgraph-propagated		mapped
src/brains.c	4112	0040C4A0	00448D1A	sub_int_vector	DoLocalFnC4A0	WC1-fuzzy-high		mapped
src/brains.c	4123	0040C4E0	0044DA2F	set_formation_position	ScanTbl0046c97bFnC4E0	WC1-fuzzy-followup		mapped
src/brains.c	4158	0040C5E0	0044DB7E	Set_up_ship_info	SetTbl0059dd90FnC5E0	WC1-callgraph-propagated		mapped
src/brains.c	4195	0040C740		is_team_member				unmapped
src/brains.c	4211	0040C780		find_next_ship_turn_slot				unmapped
src/brains.c	4240	0040C800	0044E187	init_ship	GetTbl0046c96aFnC800	WC1-callgraph-propagated		mapped
src/brains.c	4280	0040C950	0044E44F	init_intelligence_data	DispatchTbl0059d4b0FnC950	WC1-callgraph-propagated		mapped
src/brains.c	4336	0040CAA0	0044F1F0	SampleBothJoysticks	HelperOf431A10A	WC1-callgraph-single		mapped
src/brains.c	4349	0040CAE0		SampleJoystickDevice				unmapped
src/brains.c	4368	0040CB30	00461922	SampleActiveJoystickDevice	SampleActiveJoystickDevice	WC1-fuzzy-very-low		mapped
src/brains.c	4381	0040CB60	0044FA70	DrawNavTextLine	DrawNavTextLine	WC1-fuzzy-followup		mapped
src/brains.c	4405	0040CBB0	0044FADA	SetNavMapCoordinateScaling	SetNavMapCoordinateScaling	WC1-callgraph-propagated		mapped
src/brains.c	4411	0040CBC0	0044FAEF	ScaleNavMapMarkerSize	ScaleNavMapMarkerSize	WC1-manual-verified		mapped
src/brains.c	4417	0040CBE0	0044FB19	ScaleNavMapCoordinates	ScaleNavMapCoordinates	WC1-fuzzy-medium		mapped
src/brains.c	4426	0040CC30	0044FB68	nav_getxy	nav_getxy	WC1-fuzzy-low		mapped
src/brains.c	4438	0040CC80	0044FBC8	CheckPoint	CheckPoint	WC1-fuzzy-low		mapped
src/brains.c	4451	0040CCF0	0044FC37	IncludeNavMapWorldPoint	IncludeNavMapWorldPoint	WC1-fuzzy-followup		mapped
src/brains.c	4461	0040CD30	0044FC6D	SetScale	SetScale	WC1-fuzzy-followup		mapped
src/brains.c	4514	0040CED0	0044FE9F	Build_objective_list	Build_objective_list	WC1-fuzzy-very-low		mapped
src/cdrom.c	9	00403100	00455715	AllocateFontWorkspace	AllocateFontWorkspace	WC1-fuzzy-medium		mapped
src/cdrom.c	38	00403180	0042EE4F	FreeFontWorkspace	FreeFontWorkspace	WC1-fuzzy-low		mapped
src/cdrom.c	52	004031C0	00456123	LocateStreamsDirOnDisc	LocateStreamsDirOnDisc	WC1-callgraph-transfer		mapped
src/cdrom.c	84	00403290	00456236	FindCdRomDriveByVolumeLabel	FindCdRomDriveByVolumeLabel	WC1-fuzzy-medium		mapped
src/cdrom.c	133	004033E0	004563A3	SetCurrentDirOnDrive	SetCurrentDirOnDrive	WC1-fuzzy-medium		mapped
src/cdrom.c	149	00403450	00456443	PromptInsertCorrectCd	PromptInsertCorrectCd	WC1-auto-vt		mapped
src/cdrom.c	168	004034D0	0045A010	OpenDataFileOrDie	OpenDataFileOrDie	WC1-auto-vt		mapped
src/cmpgn.c	68	00404610	00459BC8	LoadPaletteTripletsFile	LoadPaletteTripletsFile	WC1-fuzzy-very-low		mapped
src/cmpgn.c	100	004046A0	0044EBCA	ejection_sequence	ejection_sequence	WC1-callgraph-propagated		mapped
src/cmpgn.c	268	00404BE0	004251F2	stranded_sequence	stranded_sequence	WC1-callgraph-propagated		mapped
src/cmpgn.c	304	00404CD0		ParseFaceAnimation				unmapped
src/cmpgn.c	342	00404D70		ParseMouthAnimation				unmapped
src/cmpgn.c	379	00404E10		AddPCName				unmapped
src/cmpgn.c	467	004050B0	004099A8	LoadFace	LoadFace	WC1-callgraph-propagated		mapped
src/cmpgn.c	533	00405290		LongTalk				unmapped
src/cmpgn.c	626	004054B0	004098F2	CloseTalk	CloseTalk	WC1-callgraph-propagated		mapped
src/cmpgn.c	686	00405660		Briefing				unmapped
src/cmpgn.c	707	004056F0	00424D4D	DeBriefing	DeBriefing	WC1-fuzzy-very-low		mapped
src/cmpgn.c	751	00405840	00409B80	Office	Office	WC1-callgraph-propagated		mapped
src/cmpgn.c	786	00405910		LoadBriefingData				unmapped
src/cmpgn.c	818	004059B0		LoadMissionData				unmapped
src/cmpgn.c	949	00405CC0		UpdateMap				unmapped
src/cmpgn.c	977	00405DE0		CloseLook				unmapped
src/cockpt.c	102	00413A10	0040F040	EmitTextString	EmitTextString	WC1-fuzzy-medium		mapped
src/cockpt.c	114	00413A40	00420378	FormatTextTokens	FormatTextTokens	WC1-auto-vt		mapped
src/cockpt.c	247	00413C40		DrawFormattedText				unmapped
src/cockpt.c	266	00413C70	0040D6B0	FormatTextBufferFromStart	FormatTextBufferFromStart	WC1-callgraph-propagated		mapped
src/cockpt.c	289	00413CB0	004206F2	AppendFormattedText	AppendFormattedText	WC1-callgraph-propagated		mapped
src/cockpt.c	308	00413CE0	004380B0	FatalErrorAndExit	HelperOf428F80A	WC1-auto-vt		mapped
src/cockpt.c	326	00413D20	004380FD	IsCockpitExplosionActive	IsCockpitExplosionActive	WC1-manual-verified		mapped
src/cockpt.c	332	00413D40	00438129	EraseCockpitReadoutRegion	EraseCockpitReadoutRegion	WC1-fuzzy-medium		mapped
src/cockpt.c	349	00413DA0	00438194	vdu_polygon	vdu_polygon	WC1-fuzzy-very-low		mapped
src/cockpt.c	448	00413F70	00438454	InitializeCockpitReadout	InitializeCockpitReadout	WC1-callgraph-propagated		mapped
src/cockpt.c	459	00413FB0	004384AD	DrawCockpitReadout	DrawCockpitReadout	WC1-fuzzy-followup		mapped
src/cockpt.c	479	00414050		EraseCockpitReadoutAtPosition				unmapped
src/cockpt.c	492	004140A0	004385B3	DrawHudMessageSlot	DrawHudMessageSlot	WC1-fuzzy-very-low		mapped
src/cockpt.c	526	00414180	00438711	ClearHudMessageSlot	ClearHudMessageSlot	WC1-order-exact		mapped
src/cockpt.c	535	004141B0	004387A7	ClearHudMessageIfMatching	ClearHudMessageIfMatching	WC1-fuzzy-followup		mapped
src/cockpt.c	542	004141D0	004387CD	ClearHudGunReadouts	ClearHudGunReadouts	WC1-manual-verified		mapped
src/cockpt.c	551	004141F0	004387FA	SetHudMessageSlot	SetHudMessageSlot	WC1-manual-verified		mapped
src/cockpt.c	567	00414240	00438864	UpdateMessage	UpdateMessage	WC1-fuzzy-low		mapped
src/cockpt.c	579	00414270	004388B6	set_global_message	set_global_message	WC1-manual-verified		mapped
src/cockpt.c	589	004142B0	004388F5	CockpitMessage	CockpitMessage	WC1-manual-verified		mapped
src/cockpt.c	597	004142E0	0043893F	remove_message	remove_message	WC1-callgraph-propagated		mapped
src/cockpt.c	603	00414300	0043895F	kilrathi_near	kilrathi_near	WC1-fuzzy-very-low		mapped
src/cockpt.c	621	00414380	00438ADD	auto_pilot_valid	auto_pilot_valid	WC1-callgraph-propagated		mapped
src/cockpt.c	644	00414410	00438CEB	reset_cockpit	reset_cockpit	WC1-manual-verified		mapped
src/cockpt.c	654	00414440	00438D30	SetCockpitLightBlink	SetCockpitLightBlink	WC1-fuzzy-medium		mapped
src/cockpt.c	672	00414490	00438DAD	draw_cockpit_lights	draw_cockpit_lights	WC1-fuzzy-very-low		mapped
src/cockpt.c	726	004145B0	00438F62	update_lights	update_lights	WC1-fuzzy-low		mapped
src/cockpt.c	756	00414690	00439076	update_bars	update_bars	WC1-fuzzy-followup		mapped
src/cockpt.c	792	004147E0	00439264	get_mode	get_mode	WC1-callgraph-propagated		mapped
src/cockpt.c	799	00414800	0043928E	set_mode	set_mode	WC1-manual-verified		mapped
src/cockpt.c	808	00414850	004392F1	SetVduModeIfChanged	SetVduModeIfChanged	WC1-manual-verified		mapped
src/cockpt.c	819	00414890	0043934D	GetVduModeStackDepth	GetVduModeStackDepth	WC1-callgraph-single-low		mapped
src/cockpt.c	825	004148A0	00439369	push_mode	push_mode	WC1-manual-verified		mapped
src/cockpt.c	834	004148E0	004393B3	pop_mode	pop_mode	WC1-manual-verified		mapped
src/cockpt.c	841	00414910	004393E1	set_new_vdu	set_new_vdu	WC1-fuzzy-followup		mapped
src/cockpt.c	855	00414980	004394A0	update_vid_disp	update_vid_disp	WC1-manual-verified		mapped
src/cockpt.c	866	004149C0	00439500	InvalidateVduMode	DebugNoBodyStub	WC1-callgraph-propagated		mapped
src/cockpt.c	872	004149E0	0043951A	clear_message_time	clear_message_time	WC1-manual-verified		mapped
src/cockpt.c	878	004149F0	0043952E	message_showing	GetCombatFn49F0	WC1-callgraph-propagated		mapped
src/cockpt.c	884	00414A10	00439559	set_message_time	set_message_time	WC1-manual-verified		mapped
src/cockpt.c	891	00414A20	00439588	check_message	GetCombatFn4A20	WC1-callgraph-propagated		mapped
src/cockpt.c	899	00414A50	004396BF	update_digital_readouts	update_digital_readouts	WC1-fuzzy-medium		mapped
src/cockpt.c	916	00414AD0	00446CC2	PlayTargetLockSfx	CallThrough42EF30	WC1-callgraph-single-low		mapped
src/cockpt.c	922	00414AE0	00439753	malf_sound	malf_sound	WC1-callgraph-propagated		mapped
src/cockpt.c	928	00414AF0	00439789	malf	malf	WC1-fuzzy-followup		mapped
src/cockpt.c	936	00414B20	00421BFC	vdu_malf	vdu_malf	WC1-fuzzy-low		mapped
src/cockpt.c	945	00414B70	0043984F	ShowComponentHitHudMessage	ShowComponentHitHudMessage	WC1-fuzzy-medium		mapped
src/cockpt.c	961	00414BF0	004398CB	damage_your_component	damage_your_component	WC1-fuzzy-medium		mapped
src/cockpt.c	982	00414CB0	004399C6	RemovePlayerReleaseWeapon	RemovePlayerReleaseWeapon	WC1-fuzzy-low		mapped
src/cockpt.c	1010	00414D50	00439A5A	fire_computer_graphic_missile	fire_computer_graphic_missile	WC1-fuzzy-low		mapped
src/cockpt.c	1056	00414EA0	00439BB7	show_weapon_disp	show_weapon_disp	WC1-callgraph-propagated		mapped
src/cockpt.c	1129	00415040	00439F5F	update_status_text	update_status_text	WC1-order-exact		mapped
src/cockpt.c	1134	00415050	0043A1EB	sighted	sighted	WC1-manual-verified		mapped
src/cockpt.c	1140	00415070	0043A21E	visited	visited	WC1-manual-verified		mapped
src/cockpt.c	1146	00415090	0043A251	achieved	achieved	WC1-order-exact		mapped
src/cockpt.c	1152	004150B0	0043A29E	flag_objective	flag_objective	WC1-order-exact		mapped
src/cockpt.c	1158	004150D0	0043A2CD	DrawCalculatingLabel	DrawCalculatingLabel	WC1-fuzzy-followup		mapped
src/cockpt.c	1174	00415130	0043A374	objective_name	objective_name	WC1-fuzzy-very-low		mapped
src/cockpt.c	1185	00415180	0043A3F8	show_navigation_disp	show_navigation_disp	WC1-fuzzy-very-low		mapped
src/cockpt.c	1198	004151F0	0043A474	hidden_objective	hidden_objective	WC1-callgraph-propagated		mapped
src/cockpt.c	1231	004152C0	0043A75E	set_new_objective	set_new_objective	WC1-callgraph-propagated		mapped
src/cockpt.c	1259	00415370	0043A851	cycle_next_objective	cycle_next_objective	WC1-fuzzy-low		mapped
src/cockpt.c	1279	004153D0	0043A8EA	set_next_destination	set_next_destination	WC1-order-exact		mapped
src/cockpt.c	1304	00415470	0043A9D7	LocateMobileObjective	LocateMobileObjective	WC1-callgraph-propagated		mapped
src/cockpt.c	1317	004154C0	0043AA3F	someone_coming	someone_coming	WC1-order-exact		mapped
src/cockpt.c	1332	00415510	0043AAC3	escorting_a_ship	escorting_a_ship	WC1-callgraph-single-low		mapped
src/cockpt.c	1342	00415530	0043AAFF	flag_reached	flag_reached	WC1-fuzzy-followup		mapped
src/cockpt.c	1394	004156D0	0043AD61	check_sighting	check_sighting	WC1-fuzzy-very-low		mapped
src/cockpt.c	1403	00415720	0043ADC4	check_visit	check_visit	WC1-fuzzy-very-low		mapped
src/cockpt.c	1417	00415770	0043AE2F	update_objective_location	update_objective_location	WC1-callgraph-propagated		mapped
src/cockpt.c	1443	00415850	0043AFD3	objective_lost	objective_lost	WC1-manual-verified		mapped
src/cockpt.c	1461	004158A0	0043B089	check_objectives	check_objectives	WC1-fuzzy-low		mapped
src/cockpt.c	1475	004158F0	0043B0EB	rotational_pos_to_scanner_pos	rotational_pos_to_scanner_pos	WC1-fuzzy-low		mapped
src/cockpt.c	1516	00415A30	0043B1F0	mobile_objective	mobile_objective	WC1-manual-verified		mapped
src/cockpt.c	1526	00415A70	0043B258	ResetScannerContacts	ResetScannerContacts	WC1-manual-verified		mapped
src/cockpt.c	1538	00415A90	0043B29D	clear_head_up_display	clear_head_up_display	WC1-fuzzy-very-low		mapped
src/cockpt.c	1574	00415B70	0043B4CF	set_objective_range	set_objective_range	WC1-fuzzy-followup		mapped
src/cockpt.c	1594	00415C00	0043B61F	get_color	get_color	WC1-manual-verified		mapped
src/cockpt.c	1628	00415CE0	00460DFE	draw_3d_scanner	DrawCurrentTargetBox	WC1-callgraph-propagated		mapped
src/cockpt.c	1721	00415FC0	0043BE1B	start_lock	start_lock	WC1-fuzzy-followup		mapped
src/cockpt.c	1730	00415FF0	0043BE55	starting_lock	starting_lock	WC1-fuzzy-very-low		mapped
src/cockpt.c	1740	00416010	0043BE8D	lock_off	lock_off	WC1-fuzzy-very-low		mapped
src/cockpt.c	1749	00416040	0043BEFF	CheckTargetLockMalfunction	CheckTargetLockMalfunction	WC1-fuzzy-very-low		mapped
src/cockpt.c	1765	00416090	0043BF67	decrement_lock_time	decrement_lock_time	WC1-fuzzy-very-low		mapped
src/cockpt.c	1788	00416120	0043C048	target_locking	target_locking	WC1-callgraph-propagated		mapped
src/cockpt.c	1848	00416220	0043C30D	SetRectBounds	DoLocalFn6220	WC1-callgraph-propagated		mapped
src/cockpt.c	1858	00416250	0043C344	GetRectHeight	GetRectHeight	WC1-manual-verified		mapped
src/cockpt.c	1864	00416260	0043C364	print_message_text	print_message_text	WC1-manual-verified		mapped
src/cockpt.c	1958	00416460	0043C570	ShowHudTextLine	ShowHudTextLine	WC1-manual-verified		mapped
src/cockpt.c	1965	00416480	0043C601	SetHudTextColour	SetHudTextColour	WC1-manual-verified		mapped
src/cockpt.c	1973	004164B0	0043C6D8	draw_target_box	draw_target_box	WC1-fuzzy-very-low		mapped
src/cockpt.c	2094	004168A0	0043CBD3	remove_nav_pointer	remove_nav_pointer	WC1-manual-verified		mapped
src/cockpt.c	2101	004168C0	0043CBFD	draw_nav_pointer	draw_nav_pointer	WC1-fuzzy-very-low		mapped
src/cockpt.c	2166	00416AC0	0043D386	overlay_head_up_display	overlay_head_up_display	WC1-callgraph-propagated		mapped
src/cockpt.c	2246	00416C90	0043D7F2	RestoreCockpitExplosionIfVisible	RestoreCockpitExplosionIfVisible	WC1-manual-verified		mapped
src/cockpt.c	2255	00416CB0	0043D81F	RestoreTransientCockpitGraphics	RestoreTransientCockpitGraphics	WC1-order-exact		mapped
src/cockpt.c	2300	00416DE0	0043D956	SetHudMessageText	SetHudMessageText	WC1-fuzzy-low		mapped
src/cockpt.c	2313	00416E20	0043D9DA	malf_noise	malf_noise	WC1-fuzzy-low		mapped
src/cockpt.c	2330	00416E90	0043DA68	build_your_target_list	build_your_target_list	WC1-callgraph-propagated		mapped
src/cockpt.c	2361	00416F30	0043DD1B	cycle_onscreen_targets	cycle_onscreen_targets	WC1-fuzzy-very-low		mapped
src/cockpt.c	2394	00416FD0	0043DDFC	check_target	check_target	WC1-callgraph-propagated		mapped
src/cockpt.c	2461	00417190	0043E1B2	update_missile_warning	update_missile_warning	WC1-callgraph-propagated		mapped
src/cockpt.c	2473	004171D0	0043E297	determine_pilot_hand	determine_pilot_hand	WC1-fuzzy-very-low		mapped
src/cockpt.c	2504	00417260	0043E371	DrawPilotHandFrame	DrawPilotHandFrame	WC1-fuzzy-low		mapped
src/cockpt.c	2527	00417320	0043F110	CopyTrainSimPilotViewToRightVdu	LoopCombatFn7320	WC1-callgraph-propagated		mapped
src/cockpt.c	2547	004173C0	0043E43A	animate_pilot	animate_pilot	WC1-fuzzy-followup		mapped
src/cockpt.c	2557	004173F0	0043E472	ResetPilotHandAnimation	ResetPilotHandAnimation	WC1-manual-verified		mapped
src/cockpt.c	2567	00417420	0043E4A8	send_message	send_message	WC1-fuzzy-medium		mapped
src/cockpt.c	2598	004174F0	0043E5DA	npc_communication	npc_communication	WC1-callgraph-propagated		mapped
src/cockpt.c	2645	00417610	0043E870	clear_cockpit_damage	clear_cockpit_damage	WC1-order-exact		mapped
src/cockpt.c	2652	00417630	0043E8B2	explosion_draw	explosion_draw	WC1-callgraph-propagated		mapped
src/cockpt.c	2677	004176C0	0043E9E2	DrawPendingCockpitDamage	DrawPendingCockpitDamage	WC1-callgraph-propagated		mapped
src/cockpt.c	2702	00417760	0043EAE3	RestoreCockpitExplosionBackground	RestoreCockpitExplosionBackground	WC1-fuzzy-low		mapped
src/cockpt.c	2717	004177B0	0043EB46	cockpit_explosion	cockpit_explosion	WC1-fuzzy-low		mapped
src/cockpt.c	2751	004178A0	0043EC50	place_damage_on_cockpit	place_damage_on_cockpit	WC1-fuzzy-very-low		mapped
src/cockpt.c	2771	00417910	0043ECD9	vid_transmit	vid_transmit	WC1-fuzzy-followup		mapped
src/cockpt.c	2825	00417AC0	0043F042	vid_equiv	GetG00469e2cFn7AC0	WC1-fuzzy-low		mapped
src/cockpt.c	2835	00417B10	0043F09D	update_dead_disp	update_dead_disp	WC1-fuzzy-low		mapped
src/cockpt.c	2841	00417B30	0043F0C3	check_stranded	check_stranded	WC1-fuzzy-very-low		mapped
src/cockpt.c	2851	00417B70	0043F2F5	update_VDUs	update_VDUs	WC1-fuzzy-followup		mapped
src/cockpt.c	2979	00417E70	0043F6C9	update_cockpit	update_cockpit	WC1-callgraph-propagated		mapped
src/cockpt.c	3008	00417F00	0043F849	PlayCockpitSelectionSfx	PlayCockpitSelectionSfx	WC1-fuzzy-low		mapped
src/cockpt.c	3015	00417F10	0043F862	vdu_pop_all	vdu_pop_all	WC1-fuzzy-followup		mapped
src/cockpt.c	3029	00417F60	0043F8CD	SelectCockpitVduMode	SelectCockpitVduMode	WC1-fuzzy-followup		mapped
src/debug.cpp	14	0041C760	0045AC50	DebugOverlayConsole::DebugOverlayConsole	DebugOverlayConsole::DebugOverlayConsole	WC1-callgraph-propagated		mapped
src/debug.cpp	77	0041C910	0040EEC7	DebugOverlayConsole::~DebugOverlayConsole	DebugOverlayConsole::~DebugOverlayConsole	WC1-fuzzy-followup		mapped
src/debug.cpp	92	0041C960	0045AEE4	DebugOverlayWorkerProc	DebugOverlayWorkerProc	WC1-callgraph-propagated		mapped
src/debug.cpp	140	0041CA60	0042E692	DebugKeyboardHookProc	DebugKeyboardHookProc	WC1-fuzzy-medium		mapped
src/debug.cpp	164	0041CAB0	0045B0BB	DebugOverlayPrintf	DebugOverlayPrintf	WC1-callgraph-propagated		mapped
src/debug.cpp	230	0041CC00	0045B2E0	DebugOverlayConsole::Clear	DebugOverlayConsole::Clear	WC1-order-exact		mapped
src/debug.cpp	239	0041CC50	0045B348	DebugOverlayConsole::Scroll	DebugOverlayConsole::Scroll	WC1-callgraph-propagated		mapped
src/debug.cpp	248	0041CCC0	0045B3DC	DebugOverlayConsole::DrawPendingLines	DebugOverlayConsole::DrawPendingLines	WC1-callgraph-propagated		mapped
src/debug.cpp	269	0041CD40	0045B49C	DebugOverlayConsole::WaitForKey	DebugOverlayConsole::WaitForKey	WC1-callgraph-propagated		mapped
src/debug.cpp	362	0041CF00	0045B5D8	DebugOverlayConsole::EnableReverseVideo	DebugOverlayConsole::EnableReverseVideo	WC1-callgraph-propagated		mapped
src/debug.cpp	382	0041CF50	0045B55C	DebugOverlayConsole::DisableReverseVideo	DebugOverlayConsole::DisableReverseVideo	WC1-callgraph-propagated		mapped
src/debug.cpp	402	0041CFA0	0045B654	DebugOverlayConsole::SetOverlayTextColor	DebugOverlayConsole::SetOverlayTextColor	WC1-manual-verified		mapped
src/debug.cpp	417	0041CFF0	0045B6BB	DebugOverlayConsole::SetOverlayBackgroundColor	DebugOverlayConsole::SetOverlayBackgroundColor	WC1-callgraph-propagated		mapped
src/debug.cpp	433	0041D040	0045B722	DebugOverlayConsole::SetTransparentBackground	DebugOverlayConsole::SetTransparentBackground	WC1-callgraph-propagated		mapped
src/debug.cpp	448	0041D080		DebugOverlayConsole::SetOpaqueBackground				unmapped
src/dib.c	10	00432050	0045CE9A	ReportSpaceFlightMaxFps	ReportSpaceFlightMaxFps	WC1-fuzzy-medium		mapped
src/dib.c	26	004320E0	0045CF7F	SetSpaceFlightFrameTiming	SetSpaceFlightFrameTiming	WC1-manual-verified		mapped
src/dib.c	34	00432110	0045CFC3	SetCinematicFrameTiming	SetCinematicFrameTiming	WC1-manual-verified		mapped
src/dib.c	42	00432140	0045D004	DIBerror	DIBerror	WC1-fuzzy-high		mapped
src/dib.c	75	00432230	0045D11F	DIBpositionWindow	DIBpositionWindow	WC1-fuzzy-medium		mapped
src/dib.c	92	004322B0	0045D1BB	DIBreInstall	DIBreInstall	WC1-fuzzy-followup		mapped
src/dib.c	114	00432310	0045D23B	DIBinstall	DIBinstall	WC1-fuzzy-followup		mapped
src/dib.c	165	00432410	0045D3A1	DIBcascade	DIBcascade	WC1-fuzzy-followup		mapped
src/dib.c	297	00432680	0045D78C	DIBunInstall	DIBunInstall	WC1-manual-verified		mapped
src/dib.c	314	004326E0	0045D80F	DIBmakeDIB	DIBmakeDIB	WC1-fuzzy-followup		mapped
src/dib.c	387	004328A0	0045DA8C	DIBdestroyDIB	DIBdestroyDIB	WC1-fuzzy-followup		mapped
src/dib.c	427	00432960	0045DC19	DIBslam	DIBslam	WC1-manual-verified		mapped
src/dib.c	433	00432970	0045DC33	DIBslamReal	DIBslamReal	WC1-fuzzy-followup		mapped
src/dib.c	602	00432C60	0045E060	DIBupdate	DIBupdate	WC1-fuzzy-followup		mapped
src/dib.c	668	00432DE0	0045E276	GetDIBPixelBuffer	HelperOf4326E0A	WC1-callgraph-propagated		mapped
src/dib.c	674	00432E00	0045E2C5	GetDIBWindowHandle	GetDIBWindowHandle	WC1-manual-verified		mapped
src/dib.c	680	00432E30	0045E2DA	CachePaletteEntryFromWords	CachePaletteEntryFromWords	WC1-order-exact		mapped
src/dib.c	699	00432EA0	0045E37C	DIBramPalette	DIBramPalette	WC1-fuzzy-followup		mapped
src/dib.c	727	00432F10	0045E46C	DIBsetPalette	DIBsetPalette	WC1-fuzzy-followup		mapped
src/dib.c	778	00433020	0045E61C	GetPaletteEntryAsWords	GetPaletteEntryAsWords	WC1-order-exact		mapped
src/dib.c	789	00433060	0045E667	DIBwholePaletteFromTriplets	DIBwholePaletteFromTriplets	WC1-fuzzy-followup		mapped
src/dib.c	843	00433120	0045E816	DIBwholePaletteFromWords	DIBwholePaletteFromWords	WC1-callgraph-single		mapped
src/dib.c	897	004331E0	0045E9C5	DIBwaitForVerticalBlank	DIBwaitForVerticalBlank	WC1-manual-verified		mapped
src/dib.c	910	004331F0		DirectDrawResultToText				unmapped
src/disk.c	9	0041D120	0040F0D2	ReportPacketLoadError	TextUiFnD120	WC1-fuzzy-followup		mapped
src/disk.c	43	0041D200		LoadPacketIntoBuffer				unmapped
src/disk.c	57	0041D250	0040F49D	LoadPacketAllocated	LoadUiFnD250	WC1-callgraph-propagated		mapped
src/disk.c	82	0041D2E0	0040F5B6	FetchDiskPacketRetrying	FetchDiskPacketRetrying	WC1-fuzzy-very-low		mapped
src/disk.c	149	0041D510	0042067F	InitializeTextContextFromFont	InitializeTextContextFromFont	WC1-fuzzy-very-low		mapped
src/disk.c	179	0041D590		ReleaseTextFont				unmapped
src/disk.c	196	0041D5F0	0040F96E	DrawTextAt	DrawTextAt	WC1-callgraph-propagated		mapped
src/disk.c	215	0041D650		SortSignedByteValuesAscending				unmapped
src/disk.c	245	0041D6C0	004342E8	OpenDiskDataFile	OpenDiskDataFile	WC1-callgraph-propagated		mapped
src/disk.c	279	0041D760		PromptInsertNumberedDisk				unmapped
src/disk.c	388	0041DA00		GetZeroUnused				unmapped
src/disk.c	394	0041DA10		CheckEscaped				unmapped
src/disk.c	419	0041DAA0	0040FA2C	WaitForInputKey	WaitForInputKey	WC1-callgraph-propagated		mapped
src/disk.c	460	0041DBA0	00409120	WaitForSceneAdvance	WaitForSceneAdvance	WC1-fuzzy-very-low		mapped
src/disk.c	503	0041DC70	00421E6D	MoveMenuPointerFromKeyboard	MoveMenuPointerFromKeyboard	WC1-fuzzy-very-low		mapped
src/disk.c	571	0041DDF0	004345A1	EraseLastTextInputCharacter	EraseLastTextInputCharacter	WC1-callgraph-propagated		mapped
src/disk.c	602	0041DEB0	0043456E	WaitForStreamInputKey	LoopAudioStreamFnDEB0	WC1-callgraph-propagated		mapped
src/disk.c	616	0041DEE0	004103A6	initialize_object	initialize_object	WC1-callgraph-propagated		mapped
src/disk.c	627	0041DF40	0041040D	borrow_dust	borrow_dust	WC1-callgraph-single		mapped
src/disk.c	640	0041DF70	004105BF	new_object	new_object	WC1-callgraph-propagated		mapped
src/disk.c	651	0041DFA0	0041062D	initialize_ship	initialize_ship	WC1-callgraph-propagated		mapped
src/disk.c	663	0041DFE0	00410680	any_selected	any_selected	WC1-manual-verified		mapped
src/disk.c	687	0041E040	00410715	remove_weapon	remove_weapon	WC1-manual-verified		mapped
src/disk.c	734	0041E120	00410999	set_objects_data	set_objects_data	WC1-callgraph-propagated		mapped
src/disk.c	850	0041E400	00411172	match_rotation_goal	DoLocalFnE400	WC1-fuzzy-very-low		mapped
src/disk.c	891	0041E520	0041133D	rotate_object_to_goal	GetTbl0059c3c0FnE520	WC1-callgraph-propagated		mapped
src/disk.c	927	0041E710	004117AC	celerate	celerate	WC1-callgraph-propagated		mapped
src/disk.c	942	0041E750	0041181D	approach_speed	approach_speed	WC1-fuzzy-low		mapped
src/disk.c	959	0041E7C0	004118A9	steady_object	steady_object	WC1-manual-verified		mapped
src/disk.c	968	0041E7F0	004118F2	real_velocity	real_velocity	WC1-callgraph-propagated		mapped
src/disk.c	975	0041E820	00411922	fix_velocity	fix_velocity	WC1-callgraph-propagated		mapped
src/disk.c	984	0041E860	0043CE8F	sort_viable_target_list	sort_viable_target_list	WC1-fuzzy-medium		mapped
src/eventmgr.c	10	004355F0	00462625	TranslatePolledInputEvent	TranslatePolledInputEvent	WC1-callgraph-single-low		mapped
src/eventmgr.c	46	004356A0	00462849	QueueInputEventAtCursor	QueueInputEventAtCursor	WC1-callgraph-propagated		mapped
src/eventmgr.c	60	004356E0		AllocateInputEvent				unmapped
src/eventmgr.c	88	00435760	0042C04B	ReleaseInputEvent	ReleaseInputEvent	WC1-fuzzy-medium		mapped
src/eventmgr.c	99	00435790	004629A7	QueueInputEvent	InputTbl0046da94Fn5790	WC1-fuzzy-followup		mapped
src/eventmgr.c	150	004358B0		ReleaseInputEventQueue				unmapped
src/eventmgr.c	165	004358E0		RetainInputEventsOfType				unmapped
src/eventmgr.c	188	00435940		RemoveInputEvent				unmapped
src/eventmgr.c	217	004359C0		GetNextInputEvent				unmapped
src/eventmgr.c	318	00435CC0	00464D5F	PollInputEvent	PollInputEvent	WC1-callgraph-propagated	WC1-review-module-mismatch	mapped
src/eventmgr.c	325	00435CE0		PeekInputEvent				unmapped
src/eventmgr.c	353	00435D80		IsInputEventQueued				unmapped
src/eventmgr.c	363	00435DB0	0046354F	FlushInputEvents	FlushInputEvents	WC1-callgraph-propagated		mapped
src/eventmgr.c	369	00435DC0		ResetAllocationDepth				unmapped
src/eventmgr.c	378	00435DE0		CheckCursor				unmapped
src/eventmgr.c	383	00435E20	004635E3	CaptureMouseCursorBackground	WcOrphanRoutine435E20	WC1-fuzzy-low		mapped
src/eventmgr.c	416	00435EF0	004636F7	DrawMouseCursor	DrawUiFn5EF0	WC1-fuzzy-low		mapped
src/eventmgr.c	445	00435FA0	004637F4	RestoreMouseCursorBackground	GetUiFn5FA0	WC1-fuzzy-low		mapped
src/eventmgr.c	475	00436060	004638F1	RefreshMouseCursorDisplay	BlitUiFn6060	WC1-fuzzy-followup		mapped
src/eventmgr.c	491	004360D0	0046396C	EnterAllocationScope	EnterAllocationScope	WC1-manual-verified		mapped
src/eventmgr.c	497	004360E0	00463E19	LeaveAllocationScope	GetUiFn60E0	WC1-callgraph-propagated		mapped
src/eventmgr.c	503	004360F0	00463EEE	SetMouseCursorShape	SetMouseCursorShape	WC1-manual-verified		mapped
src/eventmgr.c	520	00436160	00463F74	SetMouseHomePosition	SetInputFn6160	WC1-callgraph-single		mapped
src/eventmgr.c	528	00436190	00463FAA	ApplyPackedMousePosition	ApplyPackedMousePosition	WC1-manual-verified		mapped
src/eventmgr.c	536	004361E0	00464009	SetFrameTimerPeriod	SetFrameTimerPeriod	WC1-manual-verified		mapped
src/eventmgr.c	542	004361F0	00464021	SetFrameTimerAndWait	SetFrameTimerAndWait	WC1-manual-verified		mapped
src/eventmgr.c	549	00436210	0046403D	SetFrameTimerPeriodDirect	SetFrameTimerPeriodDirect	WC1-manual-verified		mapped
src/eventmgr.c	555	00436230	00464055	WaitForFrameTick	WaitForFrameTick	WC1-manual-verified		mapped
src/eventmgr.c	561	00436240	00464072	IsFrameTickElapsed	IsFrameTickElapsed	WC1-manual-verified		mapped
src/eventmgr.c	567	00436260	00464141	GetSoundHardwareFlag	GetSoundHardwareFlag	WC1-manual-verified		mapped
src/eventmgr.c	573	004362A0	0046416A	TimerResetHook	TimerResetHook	WC1-manual-verified		mapped
src/eventmgr.c	578	004362B0	0046417A	GetVideoReleaseResult	GetVideoReleaseResult	WC1-manual-verified		mapped
src/eventmgr.c	584	004362C0	0046418D	IdentityWord	DoLocalFn62C0	WC1-callgraph-single-low		mapped
src/eventmgr.c	590	004362D0		TimerStopHook				unmapped
src/eventmgr.c	595	004362E0		GetFixedOneMillion				unmapped
src/eventmgr.c	601	004362F0		GetFixedOneMillionAlt				unmapped
src/eventmgr.c	607	004363A0	004642D6	ClearInputKeyStatePreservingModifiers	ClearInputKeyStatePreservingModifiers	WC1-fuzzy-followup		mapped
src/eventmgr.c	620	004363E0		ClearInputKeyState				unmapped
src/eventmgr.c	628	00436420	0046431A	SetInputKeyState	SetInputKeyState	WC1-fuzzy-medium		mapped
src/eventmgr.c	641	00436460		sort_object_depth				unmapped
src/eventmgr.c	696	00436520	00433690	draw_sorted_objects_to_buffer	draw_sorted_objects_to_buffer	WC1-callgraph-single-low		mapped
src/eventmgr.c	820	00436650	0046470E	intro_drawbackgroundships	intro_drawbackgroundships	WC1-callgraph-propagated		mapped
src/eventmgr.c	905	00436740	004648C5	set_up_screen_viewport	set_up_screen_viewport	WC1-fuzzy-medium		mapped
src/eventmgr.c	973	004368C0		MouseIdleHook				unmapped
src/eventmgr.c	978	004368E0		GetNavRangeSentinel				unmapped
src/eventmgr.c	984	004368F0		GetOriginalFreeMemory				unmapped
src/eventmgr.c	990	00436900		StartupHook				unmapped
src/eventmgr.c	996	00436910		JoystickEdgeHook				unmapped
src/eventmgr.c	1002	00436950	00464B3A	FreeIfNotNull	DoLocalFn6950	WC1-callgraph-propagated		mapped
src/eventmgr.c	1009	00436970		GetStartupErrorCode				unmapped
src/eventmgr.c	1016	00436980		ShutdownHook				unmapped
src/eventmgr.c	1023	004369A0		SelectDiskDriveHook				unmapped
src/eventmgr.c	1029	004369B0		GetCurrentDiskDriveHook				unmapped
src/eventmgr.c	1035	004369C0		GetShutdownErrorCode				unmapped
src/eventmgr.c	1042	004369D0		VideoReleaseHook				unmapped
src/eventmgr.c	1047	004369E0		ExitCleanupHook				unmapped
src/eventmgr.c	1052	00436A00		IsVectorWithinRange				unmapped
src/eventmgr.c	1063	00436A30		shrink_vector				unmapped
src/eventmgr.c	1076	00436A70		shrink				unmapped
src/eventmgr.c	1098	00436C70	0042BAC0	FillGraphicSuffix	FillGraphicSuffix	WC1-fuzzy-followup		mapped
src/eventmgr.c	1113	00436CB0	0042BB17	ConvertChar_Int	ConvertChar_Int	WC1-fuzzy-medium		mapped
src/geom.c	10	00418080	00453B30	MeasureTextPixelWidthClamped	MeasureTextPixelWidthClamped	WC1-callgraph-propagated		mapped
src/geom.c	27	004180C0	004389FE	SeekPacketSection	SeekPacketSection	WC1-fuzzy-very-low		mapped
src/geom.c	57	00418130		GetMusicDriverPresent				unmapped
src/geom.c	63	00418140	0040ED9F	CollectActivePaletteIndices	CollectActivePaletteIndices	WC1-fuzzy-very-low		mapped
src/geom.c	91	004181C0	00428E5C	get_ship_max_velocity	get_ship_max_velocity	WC1-fuzzy-medium		mapped
src/geom.c	102	00418210	0040A481	recalc_max_velocity	recalc_max_velocity	WC1-fuzzy-low		mapped
src/geom.c	122	00418280		drain_fuel				unmapped
src/geom.c	130	004182B0		damage_ion_drive				unmapped
src/geom.c	147	004182F0	0040A5A0	GetShipAccelerationRate	GetShipAccelerationRate	WC1-callgraph-propagated		mapped
src/geom.c	159	00418330	0040A691	point_at	SetTbl0059bce0Fn8330	WC1-fuzzy-low		mapped
src/geom.c	170	004183A0	0040A6F7	look_at	DoLocalFn83A0	WC1-fuzzy-followup		mapped
src/geom.c	176	004183D0	0040A725	position_relative	position_relative	WC1-fuzzy-low		mapped
src/geom.c	191	00418420	0040A774	position_relative_ijk	position_relative_ijk	WC1-manual-verified		mapped
src/geom.c	201	004184C0	0040A81B	FixedToShortSaturating	FixedToShortSaturating	WC1-fuzzy-medium		mapped
src/geom.c	211	004184E0	0040A867	MinInt	DoLocalFn84E0	WC1-order-exact		mapped
src/geom.c	218	004184F0	0040A893	MaxInt	DoLocalFn84F0	WC1-order-exact		mapped
src/geom.c	225	00418500	0040A8BF	AbsInt	DoLocalFn8500	WC1-callgraph-single		mapped
src/geom.c	233	00418510		intfract_sign				unmapped
src/geom.c	246	00418520		SignShort				unmapped
src/geom.c	254	00418540	0040A8EB	SignFixed	DoLocalFn8540	WC1-fuzzy-medium		mapped
src/geom.c	262	00418560	0040A925	WrapDegrees	DoLocalFn8560	WC1-fuzzy-medium		mapped
src/geom.c	275	00418590	0040A981	equ_vector	equ_vector	WC1-manual-verified		mapped
src/geom.c	282	004185C0	0040A9D1	IsPairEqualityDifferentFromFlag	IsPairEqualityDifferentFromFlag	WC1-manual-verified		mapped
src/geom.c	288	004185F0	0040AA0B	zero_vector	zero_vector	WC1-callgraph-propagated		mapped
src/geom.c	296	00418600	0040AA37	negate_vector	negate_vector	WC1-manual-verified		mapped
src/geom.c	304	00418620	0040AA6A	AddFixedVectors	AddFixedVectors	WC1-callgraph-propagated		mapped
src/geom.c	313	00418650	0040AAA8	SubtractFixedVectors	SubtractFixedVectors	WC1-callgraph-propagated		mapped
src/geom.c	322	00418680	0040AAE6	ComputeVectorDelta	ComputeVectorDelta	WC1-callgraph-propagated		mapped
src/geom.c	330	004186B0	0040AB24	ScaleFixedVector	ScaleFixedVector	WC1-manual-verified		mapped
src/geom.c	338	00418700	0040AB78	divide_vector	divide_vector	WC1-fuzzy-followup		mapped
src/geom.c	346	00418750	0040ABCC	ChooseRandomSignedMagnitude	ChooseRandomSignedMagnitude	WC1-manual-verified		mapped
src/geom.c	357	00418780	0040AC24	MakeRandomVectorFixed	MakeRandomVectorFixed	WC1-fuzzy-low		mapped
src/geom.c	371	004187E0	0040AC88	FillFixedVectorWithRandomComponents	FillFixedVectorWithRandomComponents	WC1-fuzzy-followup		mapped
src/geom.c	377	00418800	0040ACA5	random_radial	random_radial	WC1-manual-verified		mapped
src/geom.c	388	00418840		MakeRandomNormalizedVector				unmapped
src/geom.c	397	00418890	0040ACE0	rectangular_to_spherical	DoLocalFn8890	WC1-fuzzy-low		mapped
src/geom.c	417	00418980		ConvertShortVectorToFixedVector				unmapped
src/geom.c	432	004189B0	0040AD89	ConvertFixedVectorToShortVector	ConvertFixedVectorToShortVector	WC1-manual-verified		mapped
src/geom.c	443	004189E0	0040ADC2	dot_product	dot_product	WC1-manual-verified		mapped
src/geom.c	451	00418A30	0040AE18	vector_angle	vector_angle	WC1-manual-verified		mapped
src/geom.c	459	00418A80	0040AE70	vector_cross_product	DoLocalFn8A80	WC1-fuzzy-low		mapped
src/geom.c	471	00418B10	0040AF18	NormalizeFixedVector	NormalizeFixedVector	WC1-fuzzy-followup		mapped
src/geom.c	485	00418B60	0040AF99	vector_length_in_dir	vector_length_in_dir	WC1-manual-verified		mapped
src/geom.c	497	00418BB0	0040AFFA	vector_component_in_dir	vector_component_in_dir	WC1-manual-verified		mapped
src/geom.c	508	00418BE0	0040B02F	rotate_about_i	rotate_about_i	WC1-manual-verified		mapped
src/geom.c	528	00418D00	0040B17F	rotate_about_j	rotate_about_j	WC1-manual-verified		mapped
src/geom.c	548	00418E40	0040B2CF	rotate_about_k	DoLocalFn8E40	WC1-callgraph-propagated		mapped
src/geom.c	568	00418F60	0040B41F	init_ijk	SetTbl0059bce8Fn8F60	WC1-callgraph-propagated		mapped
src/geom.c	585	00418FD0	0040B550	copy_frame	copy_frame	WC1-manual-verified		mapped
src/geom.c	596	00419050	0040B5DF	fix_objects_ijk	SetUiFn9050	WC1-fuzzy-followup		mapped
src/geom.c	610	004190B0	0040B699	transform_to_objects_frame	transform_to_objects_frame	WC1-manual-verified		mapped
src/geom.c	619	00419110	0040B747	alter_pitch	GetUiFn9110	WC1-callgraph-propagated		mapped
src/geom.c	627	00419150	0040B706	alter_yaw	GetUiFn9150	WC1-fuzzy-followup		mapped
src/geom.c	635	00419190	0040B788	alter_roll	GetUiFn9190	WC1-callgraph-propagated		mapped
src/geom.c	643	004191D0	0040B7C9	distance_between_points	distance_between_points	WC1-manual-verified		mapped
src/geom.c	655	00419210	0040B805	distance_from_point	distance_from_point	WC1-manual-verified		mapped
src/geom.c	667	00419260	0040B85C	distance_from_object	distance_from_object	WC1-callgraph-propagated		mapped
src/geom.c	674	00419290	0040B898	get_facing_range_from_point	get_facing_range_from_point	WC1-manual-verified		mapped
src/geom.c	688	00419310	0040B92F	get_facing_range_from_object	get_facing_range_from_object	WC1-manual-verified		mapped
src/geom.c	700	00419390		ship_vs_point				unmapped
src/geom.c	706	004193B0	0042A222	ship_vs_ship	ship_vs_ship	WC1-callgraph-propagated		mapped
src/geom.c	712	004193D0	0040B9B5	facing_to_object	facing_to_object	WC1-callgraph-propagated		mapped
src/geom.c	726	00419440	0040BA2E	match_roll_orientation	match_roll_orientation	WC1-callgraph-propagated		mapped
src/geom.c	744	004194D0	0040BADB	set_ship_rotation_goals	set_ship_rotation_goals	WC1-fuzzy-followup		mapped
src/geom.c	789	00419620	0040BC6B	point_ship	point_ship	WC1-callgraph-propagated		mapped
src/geom.c	798	00419660	0040BCA9	point_ship_at_point	point_ship_at_point	WC1-manual-verified		mapped
src/geom.c	808	004196A0	0040BCE8	point_ship_at_object	point_ship_at_object	WC1-callgraph-propagated		mapped
src/geom.c	814	004196C0	0040BD0E	point_capital_ship_at_object	point_capital_ship_at_object	WC1-manual-verified		mapped
src/geom.c	824	00419710	0040BDC2	point_ship_behind_object	point_ship_behind_object	WC1-manual-verified		mapped
src/geom.c	835	00419790	0040BE3A	point_ship_below_object	point_ship_below_object	WC1-fuzzy-low		mapped
src/geom.c	846	00419810	0040BD58	point_perpendicular_to_point	point_perpendicular_to_point	WC1-fuzzy-very-low		mapped
src/geom.c	856	00419850	0040BEB0	point_perpendicular	point_perpendicular	WC1-callgraph-propagated		mapped
src/geom.c	862	00419870	0040BED6	point_parallel	point_parallel	WC1-manual-verified		mapped
src/geom.c	869	004198A0	0042A823	MoveObjectAlongDirection	MoveObjectAlongDirection	WC1-callgraph-single-low		mapped
src/geom.c	881	00419950	0040BF0B	NormalizeAndScaleVector	NormalizeAndScaleVector	WC1-fuzzy-low		mapped
src/geom.c	888	00419970	0040BF36	SetVectorFixedPoint	DoLocalFn9970	WC1-fuzzy-followup		mapped
src/geom.c	898	00419990	0040BF55	IsPointWithinRange	IsPointWithinRange	WC1-callgraph-propagated		mapped
src/geom.c	907	004199C0	0040BF8C	check_for_collision	check_for_collision	WC1-order-exact		mapped
src/geom.c	943	00419A70	0040C08C	position_child	position_child	WC1-manual-verified		mapped
src/geom.c	962	00419B40	0040C1DA	child_object	child_object	WC1-manual-verified		mapped
src/geom.c	969	00419B70	0040C211	get_ship_slot	get_ship_slot	WC1-callgraph-single-low		mapped
src/geom.c	985	00419BA0	0040C266	find_vacant_3d_object	find_vacant_3d_object	WC1-callgraph-propagated		mapped
src/geom.c	1000	00419BD0	0040C2C9	remove_object	remove_object	WC1-fuzzy-followup		mapped
src/geom.c	1033	00419CC0	0040C46C	apply_force_to_objects_center	apply_force_to_objects_center	WC1-callgraph-propagated		mapped
src/geom.c	1046	00419D10	0040C4D1	apply_force_to_object	apply_force_to_object	WC1-fuzzy-low		mapped
src/geom.c	1105	00419F70	0040C796	rotational_acceleration	rotational_acceleration	WC1-fuzzy-low		mapped
src/geom.c	1145	0041A0F0	0040C959	ClampVectorTo30	ClampVectorTo30	WC1-order-exact		mapped
src/geom.c	1158	0041A110	0040C99F	ClampTo30	DoLocalFnA110	WC1-fuzzy-medium		mapped
src/geom.c	1169	0041A130		IsPointWithinEyeViewCone				unmapped
src/geom.c	1196	0041A1D0	0040C9DD	transform_objects_to_your_view	ScanTbl0059d9b0FnA1D0	WC1-fuzzy-very-low		mapped
src/geom.c	1321	0041A530	0040CEF6	set_background_objects_rotation	SetTbl0059cd90FnA530	WC1-fuzzy-very-low		mapped
src/geom.c	1346	0041A610	0040CFF8	get_right_shape	LoadTbl0059dd90FnA610	WC1-callgraph-propagated		mapped
src/geom.c	1468	0041A9D0	004593D6	InitializeModalTextPanel	InitializeModalTextPanel	WC1-fuzzy-very-low		mapped
src/geom.c	1503	0041AAE0	00459527	DrawModalTextPanel	DrawModalTextPanel	WC1-order-exact		mapped
src/geom.c	1526	0041AB60	004595AA	RestoreModalTextPanel	RestoreModalTextPanel	WC1-manual-verified		mapped
src/geom.c	1534	0041AB90	004595EF	ShowModalTextPanel	ShowModalTextPanel	WC1-fuzzy-medium		mapped
src/geom.c	1586	0041AD10	0045979B	ReleaseModalTextPanel	ReleaseModalTextPanel	WC1-fuzzy-followup		mapped
src/geom.c	1598	0041AD50		AnySavedGames				unmapped
src/gr.c	9	00440C00	00425A16	ValidateViewportBounds	ValidateViewportBounds	WC1-fuzzy-followup		mapped
src/gr.c	48	00440CF0	00425B9E	ClipViewportToScreen	ClipViewportToScreen	WC1-manual-verified		mapped
src/gr.c	55	00440D10	00425BBF	SetSolidColourTranslation	SetSolidColourTranslation	WC1-fuzzy-very-low		mapped
src/gr.c	63	00440D50	00425BF6	PrepareShapeRLEData	PrepareShapeRLEData	WC1-fuzzy-very-low		mapped
src/gr.c	172	00440FE0	00425FB4	DrawSpriteTransformed	DrawSpriteTransformed	WC1-fuzzy-very-low		mapped
src/gr.c	210	00441140	004261D5	RasterLineHook	DoLocalFn1140	WC1-callgraph-single		mapped
src/gr.c	216	00441150	004261E5	DrawFontGlyph	DrawFontGlyph	WC1-fuzzy-low		mapped
src/gr.c	287	00441370	00426694	MarkActivePaletteEntries	MarkActivePaletteEntries	WC1-manual-verified		mapped
src/gr.c	304	004413C0	004266B1	GetPaletteEntry	GetPaletteEntry	WC1-manual-verified		mapped
src/gr.c	310	004413E0	004266CC	SetPaletteEntry	PaletteLocalFn13E0	WC1-callgraph-propagated		mapped
src/gr.c	316	00441400	004266E7	DrawSpriteDefault	DrawSpriteDefault	WC1-callgraph-propagated		mapped
src/gr.c	325	00441450	00426769	CaptureSpriteBackground	LoopLocalFn1450	WC1-callgraph-propagated		mapped
src/gr.c	460	00441740	00426B96	RestoreSpriteBackground	LoopUiFn1740	WC1-callgraph-propagated		mapped
src/gr.c	597	00441A40	00426FD9	DrawSolidColourSprite	DrawSolidColourSprite	WC1-callgraph-propagated		mapped
src/gr.c	607	00441A90	00427047	CopyViewportContents	CopyViewportContents	WC1-callgraph-propagated		mapped
src/gr.c	622	00441AE0	00427123	ClearViewport	ClearViewport	WC1-auto-vt		mapped
src/gr.c	635	00441B20	00427179	DrawViewportPixel	DrawViewportPixel	WC1-auto-vt		mapped
src/gr.c	645	00441B60	004271D2	GetViewportPixel	GetViewportPixel	WC1-auto-vt		mapped
src/gr.c	654	00441BA0	0042722E	DrawViewportLine	DrawViewportLine	WC1-manual-verified		mapped
src/gr.c	665	00441BF0	004272A5	TriangleRasterizerHook	TriangleRasterizerHook	WC1-manual-verified		mapped
src/gr.c	670	00441C70	00427E1B	DrawFilledViewportRect	DrawFilledViewportRect	WC1-manual-verified		mapped
src/gr.c	689	00441CF0	00427EC8	DrawViewportBorder	DrawViewportBorder	WC1-fuzzy-followup		mapped
src/gr.c	712	00441DD0	00428023	DrawViewportEllipse	DrawViewportEllipse	WC1-fuzzy-followup		mapped
src/gr.c	724	00441E20	0042808F	FillViewportEllipse	FillViewportEllipse	WC1-fuzzy-followup		mapped
src/gr.c	736	00441E70	004280FB	DrawViewportEllipseShadow	DrawViewportEllipseShadow	WC1-callgraph-propagated		mapped
src/gr.c	748	00441FC0		DrawSpriteScaled				unmapped
src/gr.c	757	00442000	00428344	DrawSolidColourSpriteScaled	DoLocalFn2000	WC1-callgraph-propagated		mapped
src/gr.c	768	00442050	004283A4	GetTransformedShapeBounds	GetTransformedShapeBounds	WC1-fuzzy-very-low		mapped
src/gr.c	845	00442200	00428690	fizzle_fade	fizzle_fade	WC1-callgraph-propagated		mapped
src/gr.c	881	00442300	00427DE8	snow_viewport	snow_viewport	WC1-fuzzy-very-low		mapped
src/gr.c	891	00442330	00428979	UpdateStreamerStoppedFlag	UpdateStreamerStoppedFlag	WC1-manual-verified		mapped
src/gr.c	899	00442350	0042894B	SignalAudioMixerWakeEvent	SignalAudioMixerWakeEvent	WC1-fuzzy-very-low		mapped
src/gr.c	906	00442370	00428900	InitializeAudioStreamer	InitializeAudioStreamer	WC1-auto-vt		mapped
src/gr.c	917	004423B0	004289BF	Streamer_open	Streamer_open	WC1-fuzzy-followup		mapped
src/gr.c	936	00442430	00428A2F	Streamer_play	Streamer_play	WC1-fuzzy-very-low		mapped
src/gr.c	946	00442460	00428A6D	Streamer_stop	Streamer_stop	WC1-manual-verified		mapped
src/gr.c	956	004424B0	00428AEB	ClearStreamerTrigger	ClearStreamerTrigger	WC1-auto-vt		mapped
src/gr.c	963	004424D0	00428B3C	Streamer_trigger	Streamer_trigger	WC1-manual-verified		mapped
src/gr.c	979	00442520	00428BAD	SetStreamerIntensity	SetStreamerIntensity	WC1-manual-verified		mapped
src/gr.c	989	00442550		ForceStreamerTrigger				unmapped
src/gr.c	1001	00442590	00428DA3	SetMusicStreamVolume	HelperOf427F20B	WC1-auto-vt		mapped
src/gr.c	1008	004425D0	00428B86	Streamer_close	Streamer_close	WC1-auto-vt		mapped
src/gr.c	1017	00442600	00428D09	ReadCheaterFlagFromRegistry	ReadCheaterFlagFromRegistry	WC1-auto-vt		mapped
src/hudmsg.c	11	00428E70	00464E1E	MeasureMessageWidth	GetCombatFn8E70	WC1-fuzzy-very-low		mapped
src/hudmsg.c	19	00428EA0	00418ECD	WaitForKeyAcknowledge	WaitForKeyAcknowledge	WC1-callgraph-propagated		mapped
src/hudmsg.c	52	00428F20	00437C2E	ShowModalMessage	ShowModalMessage	WC1-callgraph-transfer		mapped
src/hudmsg.c	75	00428F80	00437C96	ReportOutOfMemoryAndExit	ReportOutOfMemoryAndExit	WC1-auto-vt		mapped
src/hudmsg.c	82	00428FA0	00437DFA	ShowOnScreenMessage	ShowOnScreenMessage	WC1-callgraph-transfer		mapped
src/hudmsg.c	130	004290A0	00437F2F	ShowGamePausedBanner	ShowGamePausedBanner	WC1-fuzzy-very-low		mapped
src/hudmsg.c	140	004290D0	00437F77	ShowVersionBanner	ShowVersionBanner	WC1-auto-vt		mapped
src/hudmsg.c	147	004290F0	00437F9A	SetMessageDisplaySpeed	SetMessageDisplaySpeed	WC1-fuzzy-followup		mapped
src/hudmsg.c	156	00429120	00437FD3	ReportFramesSkipped	ReportFramesSkipped	WC1-fuzzy-followup		mapped
src/hudmsg.c	165	00429160	0046733D	HandleSpaceFlightControls	HandleDebugCheatKeys	WC1-fuzzy-followup		mapped
src/hudmsg.c	604	00429DD0	004690FF	Draw_3Space_Frame	Draw_3Space_Frame	WC1-fuzzy-low	WC1-review-module-mismatch	mapped
src/hudmsg.c	631	00429E30	00424E8C	GetArcadeBonus	GetArcadeBonus	WC1-fuzzy-high		mapped
src/hudmsg.c	641	00429E70		FigureArcadeTime				unmapped
src/hudmsg.c	648	00429E90	00434EBC	DrawArcadeScorePanel	DrawArcadeScorePanel	WC1-callgraph-single-low		mapped
src/hudmsg.c	659	00429EE0		UpdateArcadeScoreDisplay				unmapped
src/hudmsg.c	692	00429FC0	0046903F	RenderSpaceViewFrame	RenderSpaceViewFrame	WC1-callgraph-propagated	WC1-review-module-mismatch	mapped
src/hudmsg.c	726	0042A0C0	00401A10	RefreshCockpitStatus	UiRoutine06	WC1-callgraph-propagated		mapped
src/hudmsg.c	735	0042A0E0	00469143	GetShipDistanceToNavPoint	GetShipDistanceToNavPoint	WC1-callgraph-propagated		mapped
src/hudmsg.c	745	0042A120	0046918D	FindNearestNavPoint	FindNearestNavPoint	WC1-callgraph-propagated		mapped
src/hudmsg.c	762	0042A170	00469223	ReleaseStaleNavTarget	ReleaseStaleNavTarget	WC1-callgraph-propagated		mapped
src/hudmsg.c	772	0042A190	0046925E	RunSpaceFlight	RunSpaceFlight	WC1-callgraph-propagated	WC1-review-module-mismatch	mapped
src/hudmsg.c	902	0042A520	004695FD	calculate_damage_level	calculate_damage_level	WC1-fuzzy-medium	WC1-review-module-mismatch	mapped
src/hudmsg.c	936	0042A610	00419A40	UpdateTrainSimMenuCursor	UpdateTrainSimMenuCursor	WC1-callgraph-single-low		mapped
src/hudmsg.c	958	0042A670	00452A00	ResetMouseCursorFrame	WcOrphanRoutine42A670	WC1-fuzzy-low		mapped
src/hudmsg.c	964	0042A680		UpdateRoomMenuCursor				unmapped
src/hudmsg.c	996	0042A700	00453820	FadeViewportPaletteToColour	FadeViewportPaletteToColour	WC1-fuzzy-very-low		mapped
src/hudmsg.c	1061	0042A8F0	0044CE0A	find_objective	find_objective	WC1-fuzzy-medium		mapped
src/hudmsg.c	1079	0042A950	00424AEE	arrive_from_warp	arrive_from_warp	WC1-fuzzy-followup		mapped
src/hudmsg.c	1102	0042AA10	00424C05	unwarp	unwarp	WC1-callgraph-propagated		mapped
src/hudmsg.c	1124	0042AAF0	0045924D	warp	warp	WC1-fuzzy-very-low		mapped
src/hudmsg.c	1146	0042ABD0		drop_player_mine				unmapped
src/hudmsg.c	1173	0042AC50		personality_killed				unmapped
src/hudmsg.c	1190	0042ACC0		clean_up_cockpit				unmapped
src/hudmsg.c	1205	0042AD00		find_next_gun				unmapped
src/hudmsg.c	1239	0042ADA0		select_guns				unmapped
src/hudmsg.c	1270	0042AE10	0046166D	select_new_gun	select_new_gun	WC1-fuzzy-low		mapped
src/hudmsg.c	1280	0042AE50	004616B8	select_new_release_weapon	select_new_release_weapon	WC1-fuzzy-very-low		mapped
src/hudmsg.c	1354	0042AFA0		WaitForDebugStep				unmapped
src/hudmsg.c	1360	0042AFB0		FrameTimerCallback				unmapped
src/hudmsg.c	1372	0042AFC0	0040A2E7	SetMultimediaTimerCallback	SetMultimediaTimerCallback	WC1-fuzzy-medium		mapped
src/ix/dsp.cpp	40	00444910	00489990	ix_dsp_init	ix_dsp_init	WC1-auto-vt		mapped
src/ix/dsp.cpp	66	004449CF	00489A4F	ix_dsp_shutdown	ix_dsp_shutdown	WC1-auto-vt		mapped
src/ix/dsp.cpp	95	00444A62	00489AE2	ix_dsp_configure	ix_dsp_configure	WC1-auto-vt		mapped
src/ix/dsp.cpp	124	00444B25	00489BA5	ix_dsp_open_driver	ix_dsp_open_driver	WC1-auto-vt		mapped
src/ix/dsp.cpp	160	00444BFD	00489C7D	ix_dsp_get_tick	ix_dsp_get_tick	WC1-callgraph-propagated		mapped
src/ix/dsp.cpp	166	00444C12	00489C92	ix_dsp_get_flags	ix_dsp_get_flags	WC1-order-exact		mapped
src/ix/dsp.cpp	172	00444C27	00489CA7	ix_dsp_set_config_bit1	ix_dsp_set_config_bit1	WC1-auto-vt		mapped
src/ix/dsp.cpp	181	00444C54	00489CD4	ix_dsp_set_config_bit3	ix_dsp_set_config_bit3	WC1-auto-vt		mapped
src/ix/dsp.cpp	190	00444C81	00489D01	ix_dsp_get_voice_count	ix_dsp_get_voice_count	WC1-callgraph-propagated		mapped
src/ix/dsp.cpp	196	00444C96	00489D16	ix_dsp_set_voice_count	ix_dsp_set_voice_count	WC1-fuzzy-high		mapped
src/ix/dsp.cpp	211	00444D18	00489D98	ix_dsp_get_stream_count	ix_dsp_get_stream_count	WC1-order-exact		mapped
src/ix/dsp.cpp	217	00444D2D	00489DAD	ix_dsp_set_stream_count	ix_dsp_set_stream_count	WC1-fuzzy-medium		mapped
src/ix/dsp.cpp	232	00444DAF	00489E2F	ix_dsp_get_master_volume	ix_dsp_get_master_volume	WC1-callgraph-single		mapped
src/ix/dsp.cpp	238	00444DC5	00489E45	ix_dsp_set_master_volume	ix_dsp_set_master_volume	WC1-auto-vt		mapped
src/ix/dsp.cpp	255	00444E52	00489ED2	ix_dsp_build_pan_tables	ix_dsp_build_pan_tables	WC1-auto-vt		mapped
src/ix/dsp.cpp	289	00444F97	0048A017	ix_dsp_result_to_text	ix_dsp_result_to_text	WC1-auto-vt		mapped
src/ix/dsp.cpp	329	00445123	0048A1A3	ix_dsp_alloc	ix_dsp_alloc	WC1-fuzzy-high		mapped
src/ix/dsp.cpp	335	00445140	0048A1C0	function	ix_dsp_copy	WC1-auto-vt		mapped
src/ix/dsp.cpp	342	00445164	0048A1E4	ix_dsp_free	ix_dsp_free	WC1-callgraph-propagated		mapped
src/ix/dsp.cpp	348	00445190		ix_dsp_static_initializer				unmapped
src/ix/dsp.cpp	354	004451A5		ix_dsp_static_initialization_hook				unmapped
src/ix/dsps.cpp	18	004451B5	0048AA15	ix_dsps_alloc	ix_dsps_alloc	WC1-auto-vt		mapped
src/ix/dsps.cpp	70	0044546B	0048ACCB	ix_dsps_free	ix_dsps_free	WC1-auto-vt		mapped
src/ix/dsps.cpp	91	00445582	0048ADE2	ix_dsps_prepare	ix_dsps_prepare	WC1-auto-vt		mapped
src/ix/dsps.cpp	116	004456D8	0048AF38	ix_dsps_play	ix_dsps_play	WC1-auto-vt		mapped
src/ix/dsps.cpp	143	00445808	0048B068	ix_dsps_stop	ix_dsps_stop	WC1-auto-vt		mapped
src/ix/dsps.cpp	165	00445906	0048B166	ix_dsps_set_volume	ix_dsps_set_volume	WC1-auto-vt		mapped
src/ix/dsps.cpp	189	00445A0B	0048B26B	ix_dsps_get_flags	ix_dsps_get_flags	WC1-auto-vt		mapped
src/ix/dsps.cpp	200	00445A6F	0048B2CF	ix_dsps_get_buffer_free	ix_dsps_get_buffer_free	WC1-auto-vt		mapped
src/ix/dsps.cpp	242	00445CDB	0048B53B	ix_dsps_lock	ix_dsps_lock	WC1-auto-vt		mapped
src/ix/dsps.cpp	273	00445E3C	0048B69C	ix_dsps_unlock	ix_dsps_unlock	WC1-auto-vt		mapped
src/ix/dspv.cpp	24	004467C5	0048A235	ix_dspv_set_active	ix_dspv_set_active	WC1-auto-vt		mapped
src/ix/dspv.cpp	35	00446829	0048A299	ix_dspv_clear_active	ix_dspv_clear_active	WC1-auto-vt		mapped
src/ix/dspv.cpp	46	0044688E	0048A2FE	ix_dspv_clear_flag4	ix_dspv_clear_flag4	WC1-auto-vt		mapped
src/ix/dspv.cpp	57	004468F2	0048A362	ix_dspv_get_flags	ix_dspv_get_flags	WC1-auto-vt		mapped
src/ix/dspv.cpp	68	00446956	0048A3C6	ix_dspv_set_flag4	ix_dspv_set_flag4	WC1-auto-vt		mapped
src/ix/dspv.cpp	78	0044698F	0048A3FF	ix_dspv_set_buffer	ix_dspv_set_buffer	WC1-auto-vt		mapped
src/ix/dspv.cpp	95	00446A2B	0048A49B	ix_dspv_get_position	ix_dspv_get_position	WC1-auto-vt		mapped
src/ix/dspv.cpp	108	00446AA0	0048A510	ix_dspv_set_position	ix_dspv_set_position	WC1-auto-vt		mapped
src/ix/dspv.cpp	121	00446B18	0048A588	ix_dspv_set_volume	ix_dspv_set_volume	WC1-auto-vt		mapped
src/ix/dspv.cpp	133	00446B8C	0048A5FC	ix_dspv_set_pan	ix_dspv_set_pan	WC1-auto-vt		mapped
src/ix/dspv.cpp	163	00446CB1	0048A721	ix_dspv_set_frequency	ix_dspv_set_frequency	WC1-auto-vt		mapped
src/ix/dspv.cpp	175	00446D2C	0048A79C	ix_dspv_set_bits_per_sample	ix_dspv_set_bits_per_sample	WC1-auto-vt		mapped
src/ix/dspv.cpp	194	00446DF5	0048A865	ix_dspv_set_channels	ix_dspv_set_channels	WC1-auto-vt		mapped
src/ix/dspv.cpp	213	00446EBF	0048A92F	ix_dspv_recalc_mix	ix_dspv_recalc_mix	WC1-auto-vt		mapped
src/ix/dspv.cpp	234	00446F74	0048BFF8	ix_dspv_mix	ix_dspv_mix	WC1-auto-vt		mapped
src/ix/ixlog.cpp	29	004426A0	00428BD4	ix_log_printf	ix_log_printf	WC1-auto-vt		mapped
src/ix/lzo1x.cpp	18	004614C0	0048C290	ix_lzo1x_decompress	ix_lzo1x_decompress	WC1-auto-vt		mapped
src/ix/lzo1x.cpp	191	00461650	0048C420	ix_file_open	ix_file_open	WC1-auto-vt		mapped
src/ix/lzo1x.cpp	214	004616BE	0048C48E	ix_file_close	ix_file_close	WC1-auto-vt		mapped
src/ix/lzo1x.cpp	220	004616DA	0048C4AA	ix_file_seek	ix_file_seek	WC1-auto-vt		mapped
src/ix/lzo1x.cpp	226	004616FC	0048C4CC	ix_file_tell	ix_file_tell	WC1-auto-vt		mapped
src/ix/lzo1x.cpp	232	00461718	0048C4E8	ix_file_read	ix_file_read	WC1-manual-verified		mapped
src/ix/lzo1x.cpp	239	00461764	0048C534	ix_file_size	ix_file_size	WC1-auto-vt		mapped
src/ix/mixer.cpp	36	00445F60	0048B7C0	ix_mixer_thread_proc	ix_mixer_thread_proc	WC1-auto-vt		mapped
src/ix/mixer.cpp	177	004463FC	0048BC5C	ix_mixer_service	ix_mixer_service	WC1-auto-vt		mapped
src/ix/mixer.cpp	268	004467A0		ix_mixer_static_initializer				unmapped
src/ix/mixer.cpp	274	004467B5		ix_mixer_static_initialization_hook				unmapped
src/ix/sample.cpp	62	0044879C	0046B21C	IxSample::ix_sample_load_aiff	ix_sample_load_aiff	WC1-auto-vt		mapped
src/ix/sample.cpp	174	00448C8B	0046B70B	IxSample::ix_sample_load_wav	ix_sample_load_wav	WC1-auto-vt		mapped
src/ix/sample.cpp	265	00449044	0046BAC4	IxSample::ix_sample_load_raw	ix_sample_load_raw	WC1-auto-vt		mapped
src/ix/sample.cpp	291	0044914C	0046BBCC	IxSample::ix_sample_convert_from_ieee_extended	ix_sample_convert_from_ieee_extended	WC1-auto-vt		mapped
src/ix/sound.cpp	15	00447CD8	0046A758	ix_sound_start	ix_sound_start	WC1-auto-vt		mapped
src/ix/sound.cpp	101	0044801E	0046AA9E	ix_sound_release	ix_sound_release	WC1-auto-vt		mapped
src/ix/sound.cpp	118	004480CF	0046AB4F	ix_sound_stop	ix_sound_stop	WC1-auto-vt		mapped
src/ix/sound.cpp	180	0044831A	0046AD9A	IxSound::ix_sound_reprioritise	ix_sound_reprioritise	WC1-auto-vt		mapped
src/ix/sound.cpp	259	00448645	0046B0C5	IxSound::ix_sound_set_delete_on_stop	ix_sound_set_delete_on_stop	WC1-auto-vt		mapped
src/ix/sound.cpp	268	00448678	0046B0F8	ix_sound_is_playing	ix_sound_is_playing	WC1-manual-verified		mapped
src/ix/sound.cpp	274	004486B0	0046B130	IxSample::ix_sample_construct	ix_sample_construct	WC1-auto-vt		mapped
src/ix/sound.cpp	286	0044870F	0046B18F	IxSample::ix_sample_destruct	ix_sample_destruct	WC1-auto-vt		mapped
src/ix/streamer.cpp	48	00442750	0046BD50	ix_streamer_init	ix_streamer_init	WC1-auto-vt		mapped
src/ix/streamer.cpp	78	0044286F	0046BE6F	ix_streamer_destroy	ix_streamer_destroy	WC1-auto-vt		mapped
src/ix/streamer.cpp	112	0044291E	00469EA6	ix_streamer_configure	ix_streamer_configure	WC1-fuzzy-followup		mapped
src/ix/streamer.cpp	118	0044293E	0046BF3E	ix_streamer_set_dev_mode	ix_streamer_set_dev_mode	WC1-auto-vt		mapped
src/ix/streamer.cpp	133	004429B6	0046BFB6	ix_streamer_open_stream_file	ix_streamer_open_stream_file	WC1-auto-vt		mapped
src/ix/streamer.cpp	307	0044307A	0046C67A	ix_streamer_close_stream_file	ix_streamer_close_stream_file	WC1-auto-vt		mapped
src/ix/streamer.cpp	346	004431F3	0046C7F3	ix_streamer_audio_play	ix_streamer_audio_play	WC1-auto-vt		mapped
src/ix/streamer.cpp	359	00443253	0046C853	ix_streamer_audio_stop	ix_streamer_audio_stop	WC1-auto-vt		mapped
src/ix/streamer.cpp	372	004432B6	0046C8B6	ix_streamer_audio_pause	ix_streamer_audio_pause	WC1-auto-vt		mapped
src/ix/streamer.cpp	384	0044330F	0046C90F	ix_streamer_audio_reprepare	ix_streamer_audio_reprepare	WC1-auto-vt		mapped
src/ix/streamer.cpp	396	0044336B	0046C96B	ix_streamer_set_intensity	ix_streamer_set_intensity	WC1-auto-vt		mapped
src/ix/streamer.cpp	406	004433AC	0046C9AC	ix_streamer_get_intensity	ix_streamer_get_intensity	WC1-fuzzy-high		mapped
src/ix/streamer.cpp	412	004433C1	0046C9C1	ix_streamer_set_trigger	ix_streamer_set_trigger	WC1-auto-vt		mapped
src/ix/streamer.cpp	427	00443419	0046CA19	ix_streamer_get_trigger	ix_streamer_get_trigger	WC1-order-exact		mapped
src/ix/streamer.cpp	433	0044342E	0046CA2E	ix_streamer_force_trigger	ix_streamer_force_trigger	WC1-auto-vt		mapped
src/ix/streamer.cpp	484	004435BE	0046CBBE	ix_streamer_set_volume	ix_streamer_set_volume	WC1-auto-vt		mapped
src/ix/streamer.cpp	500	0044363B	0046CC3B	ix_streamer_get_volume	ix_streamer_get_volume	WC1-fuzzy-high		mapped
src/ix/streamer.cpp	506	00443651	00428DE0	ix_streamer_get_audio_chunk	ix_streamer_get_audio_chunk	WC1-fuzzy-high	WC1-review-module-mismatch	mapped
src/ix/streamer.cpp	512	00443666	0046CC66	ix_streamer_seek_chunk	ix_streamer_seek_chunk	WC1-auto-vt		mapped
src/ix/streamer.cpp	527	004436C0	0046CCC0	ix_streamer_hash_name	ix_streamer_hash_name	WC1-auto-vt		mapped
src/ix/streamer.cpp	549	00443755	0046CD55	ix_streamer_find_entry	ix_streamer_find_entry	WC1-auto-vt		mapped
src/ix/streamer.cpp	573	004437E3	0046CDE3	ix_streamer_open_file	ix_streamer_open_file	WC1-auto-vt		mapped
src/ix/streamer.cpp	640	00443A5D	0046D05D	ix_streamer_close_file	ix_streamer_close_file	WC1-auto-vt		mapped
src/ix/streamer.cpp	658	00443B10	0046D110	ix_streamer_thread_proc	ix_streamer_thread_proc	WC1-auto-vt		mapped
src/ix/streamer.cpp	733	00443CC0	0046D2C0	ix_streamer_service_audio	ix_streamer_service_audio	WC1-auto-vt		mapped
src/ix/system.cpp	23	00447200	00469C80	ix_system_init	ix_system_init	WC1-auto-vt		mapped
src/ix/system.cpp	44	004472A7	00469D27	ix_system_service_sounds	ix_system_service_sounds	WC1-auto-vt		mapped
src/ix/system.cpp	91	004473F3	00469E73	ix_system_shutdown	ix_system_shutdown	WC1-auto-vt		mapped
src/ix/system.cpp	102	00447426	004624A7	ix_system_configure	ix_system_configure	WC1-fuzzy-medium	WC1-review-module-mismatch	mapped
src/ix/system.cpp	108	00447446	00469EC6	ix_system_get_master_volume	ix_system_get_master_volume	WC1-auto-vt		mapped
src/ix/system.cpp	114	0044745B	00469EDB	ix_system_set_master_volume	ix_system_set_master_volume	WC1-auto-vt		mapped
src/ix/system.cpp	120	00447477	00469EF7	ix_system_get_voice_count	ix_system_get_voice_count	WC1-order-exact		mapped
src/ix/system.cpp	126	0044748C	00469F0C	ix_system_set_voice_count	ix_system_set_voice_count	WC1-auto-vt		mapped
src/ix/system.cpp	137	004474E3	00469F63	ix_system_new_sample	ix_system_new_sample	WC1-auto-vt		mapped
src/ix/system.cpp	148	00447519	00469F99	ix_system_delete_sample	ix_system_delete_sample	WC1-auto-vt		mapped
src/ix/system.cpp	157	00447548	00469FC8	ix_system_delete_all_samples	ix_system_delete_all_samples	WC1-auto-vt		mapped
src/ix/system.cpp	171	0044758D	0046A00D	ix_system_new_sound	ix_system_new_sound	WC1-auto-vt		mapped
src/ix/system.cpp	182	004475C7	0046A047	ix_system_delete_sound	ix_system_delete_sound	WC1-auto-vt		mapped
src/ix/system.cpp	195	00447610	0046A090	ix_system_delete_all_sounds	ix_system_delete_all_sounds	WC1-auto-vt		mapped
src/ix/system.cpp	223	004476B9	0046A139	ix_system_release_voice	ix_system_release_voice	WC1-auto-vt		mapped
src/ix/system.cpp	235	004476FA	0046A17A	ix_system_assign_voice	ix_system_assign_voice	WC1-auto-vt		mapped
src/ix/system.cpp	285	00447921	0046A3A1	ix_system_find_highest_waiting	ix_system_find_highest_waiting	WC1-auto-vt		mapped
src/ix/system.cpp	301	00447974	0046A3F4	ix_system_find_lowest_playing	ix_system_find_lowest_playing	WC1-auto-vt		mapped
src/ix/system.cpp	317	004479C7	0046A447	ix_system_find_free_voice	ix_system_find_free_voice	WC1-auto-vt		mapped
src/ix/system.cpp	330	00447A20	0046A4A0	IxSound::ix_system_sound_init	ix_system_sound_init	WC1-auto-vt		mapped
src/ix/system.cpp	357	00447B17	0046A597	IxSound::ix_system_sound_construct	ix_system_sound_construct	WC1-auto-vt		mapped
src/ix/system.cpp	364	00447B48	0046A5C8	IxSound::ix_system_sound_construct_centred	ix_system_sound_construct_centred	WC1-auto-vt		mapped
src/ix/system.cpp	370	00447B7A	0046A5FA	ix_sound_unlink_from_free_list	ix_sound_unlink_from_free_list	WC1-auto-vt		mapped
src/ix/system.cpp	382	00447BE7	0046A667	IxSound::ix_system_sound_set_volume	ix_system_sound_set_volume	WC1-auto-vt		mapped
src/ix/system.cpp	390	00447C18	0046A698	IxSound::ix_system_sound_set_pan	ix_system_sound_set_pan	WC1-auto-vt		mapped
src/ix/system.cpp	397	00447C44	0046A6C4	IxSound::ix_system_sound_set_frequency	ix_system_sound_set_frequency	WC1-auto-vt		mapped
src/ix/system.cpp	409	00447CAF	0046A72F	IxSound::ix_system_sound_set_priority	ix_system_sound_set_priority	WC1-auto-vt		mapped
src/ix/thread.cpp	19	00443DA6	0046D3A6	ix_thread_handle_file_chunk	ix_thread_handle_file_chunk	WC1-auto-vt		mapped
src/ix/thread.cpp	146	004441C6	0046D7C6	ix_thread_service_streams	ix_thread_service_streams	WC1-auto-vt		mapped
src/ix/thread.cpp	188	00444316	0046D916	ix_thread_advance_audio_chunk	ix_thread_advance_audio_chunk	WC1-auto-vt		mapped
src/ix/thread.cpp	272	004445C9	0046DBC9	ix_thread_lock_stream_buffer	ix_thread_lock_stream_buffer	WC1-auto-vt		mapped
src/ix/thread.cpp	302	004446A6	0046DCA6	ix_thread_get_audio_chunk_size	ix_thread_get_audio_chunk_size	WC1-auto-vt		mapped
src/ix/thread.cpp	316	00444700	0046DD00	IxStreamFile::ix_stream_file_read	ix_stream_file_read	WC1-auto-vt		mapped
src/ix/thread.cpp	345	00444809	0046DE09	IxStreamFile::ix_stream_file_seek	ix_stream_file_seek	WC1-auto-vt		mapped
src/ix/thread.cpp	355	0044485B	0046DE5B	IxStreamFile::ix_stream_file_tell	IxStreamFile::ix_stream_file_tell	WC1-manual-verified		mapped
src/ix/thread.cpp	362	0044487F	0046DE7F	IxStreamFile::ix_stream_file_size	ix_stream_file_size	WC1-auto-vt		mapped
src/ix/thread.cpp	368	0044489B	0046DE9B	IxStreamFile::ix_stream_file_wait	ix_stream_file_wait	WC1-auto-vt		mapped
src/ix/thread.cpp	377	004448D9		IxStreamFile::ix_stream_file_is_reading				unmapped
src/killbrd.c	9	0043F640		CorrectPointers				unmapped
src/killbrd.c	28	0043F690		ClearRoomMenuLabel				unmapped
src/killbrd.c	34	0043F6A0		IsRoomMenuLabelEmpty				unmapped
src/killbrd.c	40	0043F6B0		DrawRoomMenuLabel				unmapped
src/killbrd.c	50	0043F6F0	0045641B	RefreshRoomMenuLabel	RefreshRoomMenuLabel	WC1-callgraph-single-low		mapped
src/killbrd.c	60	0043F720		ClearRoomMenuCursorFrame				unmapped
src/killbrd.c	66	0043F730		SelectRoomMenuLabel				unmapped
src/killbrd.c	76	0043F750	004575B4	InitializeRoomMenu	InitializeRoomMenu	WC1-callgraph-propagated		mapped
src/killbrd.c	96	0043F7C0	00464E06	FindMenuRegionAtPoint	FindMenuRegionAtPoint	WC1-callgraph-propagated		mapped
src/killbrd.c	112	0043F810	0045C128	InitializeRoomViewports	InitializeRoomViewports	WC1-fuzzy-very-low		mapped
src/killbrd.c	130	0043F940	00418FFC	RecRoom	RecRoom	WC1-callgraph-propagated		mapped
src/killbrd.c	549	00440510	00459C4D	ShowChalkBoard	ShowChalkBoard	WC1-callgraph-propagated		mapped
src/killbrd.c	654	00440800		ResetCampaignData				unmapped
src/killbrd.c	667	00440840	00469BE0	ReadPacketSectionData	ReadPacketSectionData	WC1-callgraph-propagated	WC1-review-module-mismatch	mapped
src/killbrd.c	688	004408A0	004254C0	CheckHeapBlockSignature	CheckHeapBlockSignature	WC1-fuzzy-very-low		mapped
src/killbrd.c	695	004408C0	0042553A	GetPreparedShapeData	GetPreparedShapeData	WC1-callgraph-propagated		mapped
src/killbrd.c	705	004408D0	00425550	GetShapeFrameCount	GetShapeFrameCount	WC1-callgraph-propagated		mapped
src/killbrd.c	712	004408F0	0042557C	GetShapeFrameExtents	GetShapeFrameExtents	WC1-order-exact		mapped
src/killbrd.c	752	00440960	00425618	DecodeShapeFrame	DecodeShapeFrame	WC1-order-exact		mapped
src/killbrd.c	887	00440BE0	004259E2	SignExtendClipCoord	SignExtendClipCoord	WC1-fuzzy-medium		mapped
src/logic.c	12	00421100		find_weapon				unmapped
src/logic.c	29	00421150	0041670E	fire_missile	fire_missile	WC1-manual-verified		mapped
src/logic.c	63	00421220	0041687F	fire_fixed_projectile_weapon	fire_fixed_projectile_weapon	WC1-manual-verified		mapped
src/logic.c	81	004212A0		drop_mine				unmapped
src/logic.c	107	00421350	0041693A	fire_afterburner	fire_afterburner	WC1-manual-verified		mapped
src/logic.c	125	004213B0	004169CC	fire_super_brake	fire_super_brake	WC1-fuzzy-low		mapped
src/logic.c	133	004213D0	004169F3	flip_angle	flip_angle	WC1-fuzzy-medium		mapped
src/logic.c	150	00421430	00416A87	place_exhaust_on_ships	place_exhaust_on_ships	WC1-callgraph-propagated		mapped
src/logic.c	211	004215E0	00416DC3	reposition_fixed_child_objects	reposition_fixed_child_objects	WC1-order-exact		mapped
src/logic.c	314	00421760	004170F9	housekeep_power_plant_and_fuel	housekeep_power_plant_and_fuel	WC1-fuzzy-low		mapped
src/logic.c	322	00421780	00417124	replenish_shields	replenish_shields	WC1-manual-verified		mapped
src/logic.c	348	00421830	0041724A	replenish_weapon_energy_bank	replenish_weapon_energy_bank	WC1-callgraph-propagated		mapped
src/logic.c	379	004218D0	0041740F	accelerate	accelerate	WC1-fuzzy-low		mapped
src/logic.c	390	00421920	00417471	your_afterburner	your_afterburner	WC1-fuzzy-low		mapped
src/logic.c	424	004219C0	0045B810	LoadGamePaletteFile	LoadGamePaletteFile	WC1-callgraph-propagated		mapped
src/logic.c	455	00421A40	0045B905	EMShutDown	EMShutDown	WC1-fuzzy-low		mapped
src/logic.c	463	00421A60		InitializeEventManagerResources				unmapped
src/logic.c	476	00421AB0	0045B924	EMStartUp	EMStartUp	WC1-callgraph-propagated		mapped
src/logic.c	489	00421B10	0045B9D3	LoadOriginFxDrivers	LoadOriginFxDrivers	WC1-callgraph-propagated		mapped
src/logic.c	580	00421D80	0045C088	InitializeGameTextContexts	InitializeGameTextContexts	WC1-fuzzy-low		mapped
src/logic.c	603	00421E20	0045C1A1	initialize_direction_view_frame	SetUiFn1E20	WC1-fuzzy-low		mapped
src/logic.c	621	00421EF0	0045C279	initialize_direction_view_frames	LoopLocalFn1EF0	WC1-fuzzy-followup		mapped
src/logic.c	649	00421F50	00420B12	LoadSpaceflightResources	LoadSpaceflightResources	WC1-fuzzy-very-low		mapped
src/logic.c	680	00421FE0		GetFxDriverInitResult				unmapped
src/logic.c	686	00421FF0		GetMessagePumpResult				unmapped
src/logic.c	692	00422000		GetFxDriverStatus				unmapped
src/logic.c	698	00422010	004587E0	ace_status	ace_status	WC1-fuzzy-medium		mapped
src/logic.c	704	00422030		unflag_ace				unmapped
src/logic.c	710	00422050		flag_ace				unmapped
src/logic.c	716	00422060		kill_ace				unmapped
src/logic.c	725	00422090		ace_greeting				unmapped
src/logic.c	734	004220D0		prepare_ace				unmapped
src/logic.c	741	004220F0	00429581	signed_random	signed_random	WC1-fuzzy-followup		mapped
src/logic.c	747	00422110	004295A9	alert_flag	alert_flag	WC1-callgraph-propagated		mapped
src/logic.c	753	00422130		HasSpeechBuffer				unmapped
src/logic.c	763	00422140	004295D9	set_alert	set_alert	WC1-callgraph-propagated		mapped
src/logic.c	770	00422160	004295F2	clear_alert	clear_alert	WC1-fuzzy-medium		mapped
src/logic.c	778	00422180	00429625	start_collision_alert	start_collision_alert	WC1-fuzzy-low		mapped
src/logic.c	791	004221E0	00429698	try2end_collision_alert	try2end_collision_alert	WC1-fuzzy-followup		mapped
src/logic.c	801	00422220	004296E2	normal_speed	normal_speed	WC1-manual-verified		mapped
src/logic.c	811	00422260	00429736	real_crash_time	real_crash_time	WC1-fuzzy-followup		mapped
src/logic.c	876	00422440		clear_crash_cache				unmapped
src/logic.c	887	00422460	00429958	crash_time	crash_time	WC1-fuzzy-very-low		mapped
src/logic.c	901	004224F0	004299C9	detect_collisions	detect_collisions	WC1-callgraph-single		mapped
src/logic.c	929	00422560	00429B55	unactive	unactive	WC1-callgraph-propagated		mapped
src/logic.c	939	00422590	00429BA8	are_alive	are_alive	WC1-manual-verified		mapped
src/logic.c	948	004225C0	00429BF0	trim_goals	trim_goals	WC1-fuzzy-medium		mapped
src/logic.c	965	00422640	00429CAD	report_kilrathi_rout	report_kilrathi_rout	WC1-fuzzy-low		mapped
src/logic.c	1001	00422710	00429E24	find_ship_index	find_ship_index	WC1-fuzzy-medium		mapped
src/logic.c	1022	00422780	00429EE0	try2rout	try2rout	WC1-fuzzy-followup		mapped
src/logic.c	1055	00422830	0042A062	no_goal	no_goal	WC1-manual-verified		mapped
src/logic.c	1063	00422860	0042A0A9	being_tailed	being_tailed	WC1-manual-verified		mapped
src/logic.c	1072	004228A0		any_enemy_tail				unmapped
src/logic.c	1092	00422930	0042A108	detect_enemy_tail	detect_enemy_tail	WC1-fuzzy-very-low		mapped
src/logic.c	1109	004229B0	0042A1C5	is_ship_tailing_player_target	is_ship_tailing_player_target	WC1-callgraph-propagated		mapped
src/logic.c	1119	004229F0	0041596F	missile_on_tail	missile_on_tail	WC1-fuzzy-low		mapped
src/logic.c	1132	00422A30	0041F446	select_weighted_value	select_weighted_value	WC1-fuzzy-followup		mapped
src/logic.c	1150	00422A70		build_squad_list				unmapped
src/logic.c	1167	00422AC0	004210B8	find_squad_center	find_squad_center	WC1-fuzzy-very-low		mapped
src/logic.c	1184	00422B30	0042A39A	init_formation_burst	init_formation_burst	WC1-fuzzy-very-low		mapped
src/logic.c	1209	00422BE0	0042A490	reset_mission_type	reset_mission_type	WC1-fuzzy-low		mapped
src/logic.c	1221	00422C30	0042A4E5	change_mission_type	change_mission_type	WC1-fuzzy-followup		mapped
src/logic.c	1232	00422C70	0042A52A	reset_objective	reset_objective	WC1-fuzzy-low		mapped
src/logic.c	1241	00422CA0	0042A55F	alter_objective	alter_objective	WC1-order-exact		mapped
src/logic.c	1250	00422CD0	0042A594	reset_tactic	reset_tactic	WC1-fuzzy-followup		mapped
src/logic.c	1259	00422D00	0042A5C8	alter_tactic	alter_tactic	WC1-manual-verified		mapped
src/logic.c	1267	00422D30	0042A5F1	reset_maneuver	reset_maneuver	WC1-callgraph-propagated		mapped
src/logic.c	1275	00422D60	0042A625	try2reset_maneuver	try2reset_maneuver	WC1-fuzzy-low		mapped
src/logic.c	1284	00422D90	0042A664	set_special	set_special	WC1-fuzzy-followup		mapped
src/logic.c	1301	00422DD0	0042A6E8	approach_zero_speed	approach_zero_speed	WC1-fuzzy-followup		mapped
src/logic.c	1308	00422DF0	0042A701	approach_min_speed	approach_min_speed	WC1-fuzzy-low		mapped
src/logic.c	1315	00422E10	0042A71D	approach_half_speed	approach_half_speed	WC1-fuzzy-followup		mapped
src/logic.c	1325	00422E50	0042A754	approach_cruise_speed	approach_cruise_speed	WC1-callgraph-propagated		mapped
src/logic.c	1334	00422E80	0042A788	approach_full_speed	approach_full_speed	WC1-callgraph-propagated		mapped
src/logic.c	1342	00422EA0	0042A7AF	approach_ship_speed	approach_ship_speed	WC1-callgraph-propagated		mapped
src/logic.c	1349	00422EC0		get_front_spot				unmapped
src/logic.c	1359	00422F10	0042A7D2	get_rear_spot	get_rear_spot	WC1-fuzzy-low		mapped
src/logic.c	1369	00422F60	0042A876	close_behind	close_behind	WC1-manual-verified		mapped
src/logic.c	1378	00422F80	0042A8B5	scan_for_enemy	scan_for_enemy	WC1-fuzzy-very-low		mapped
src/logic.c	1415	00423070	0042AA0D	any_enemy	any_enemy	WC1-fuzzy-followup		mapped
src/logic.c	1436	004230F0		nearest_enemy_range				unmapped
src/logic.c	1456	00423210		fire_when_ready				unmapped
src/logic.c	1469	00423260	0042AB81	ships_within_range	ships_within_range	WC1-callgraph-single-low		mapped
src/logic.c	1479	004232B0	0042ABCE	attacker_in_range	attacker_in_range	WC1-manual-verified		mapped
src/logic.c	1502	00423350	0042ACAF	in_danger	in_danger	WC1-callgraph-propagated		mapped
src/logic.c	1530	00423400	0042ADB8	target_within_range	target_within_range	WC1-manual-verified		mapped
src/logic.c	1540	00423440	0042AE32	build_target_list	build_target_list	WC1-manual-verified		mapped
src/logic.c	1566	004234C0		select_safe_target				unmapped
src/logic.c	1589	00423530	0042AF60	inherit_leader_mission	inherit_leader_mission	WC1-fuzzy-medium		mapped
src/logic.c	1606	004235B0	0042B00A	inherit_leader	inherit_leader	WC1-fuzzy-followup		mapped
src/logic.c	1622	00423610	0042B0B7	dead_ship	dead_ship	WC1-manual-verified		mapped
src/logic.c	1630	00423640	0042B0FB	gone_ship	gone_ship	WC1-callgraph-propagated		mapped
src/logic.c	1640	00423670		skill_rating				unmapped
src/logic.c	1654	004236B0	0042B15A	skill_check	skill_check	WC1-manual-verified		mapped
src/logic.c	1663	004236F0	0042B1AE	find_ships_sphere	find_ships_sphere	WC1-fuzzy-medium		mapped
src/logic.c	1697	00423780	0042B2A7	locate_ship	locate_ship	WC1-fuzzy-followup		mapped
src/logic.c	1721	00423820	0042B38F	get_follow_point	get_follow_point	WC1-fuzzy-followup		mapped
src/logic.c	1757	00423930	0042B524	get_first_follow_point	get_first_follow_point	WC1-fuzzy-very-low		mapped
src/logic.c	1767	00423970	0042B565	hostile_sphere	hostile_sphere	WC1-callgraph-single		mapped
src/logic.c	1784	004239D0	0042B5F7	abandoned	abandoned	WC1-fuzzy-low		mapped
src/logic.c	1803	00423A50	0042B6C5	engage	engage	WC1-fuzzy-followup		mapped
src/logic.c	1816	00423AC0	0042B73B	target_valid	target_valid	WC1-callgraph-propagated		mapped
src/logic.c	1825	00423B00	00458467	triumph	triumph	WC1-fuzzy-very-low		mapped
src/logic.c	1849	00423BA0		find_ratio				unmapped
src/logic.c	1863	00423C00	0042B985	evaluate_damage	evaluate_damage	WC1-fuzzy-medium		mapped
src/logic.c	1883	00423CD0		mine_available				unmapped
src/logic.c	1889	00423CE0	004568E0	LoadShapeSet	LoadShapeSet	WC1-callgraph-propagated		mapped
src/logic.c	1910	00423D50	00432DCC	FreeShapeSet	FreeShapeSet	WC1-fuzzy-low		mapped
src/logic.c	1922	00423D80	004589D0	LoadPacketResourceList	LoadUiFn3D80	WC1-fuzzy-low		mapped
src/logic.c	1950	00423E10	00456A68	ResetCockpitPaletteEntries	HelperOf4219C0C	WC1-callgraph-propagated		mapped
src/logic.c	1973	00423E90	00456B1A	initialize_cockpit	initialize_cockpit	WC1-callgraph-propagated		mapped
src/logic.c	2123	004242D0		InitializeConstellationObject				unmapped
src/logic.c	2147	004243B0		FreeConstellationObject				unmapped
src/logic.c	2155	004243E0	0042917D	init_constellation	init_constellation	WC1-fuzzy-very-low		mapped
src/logic.c	2192	00424490	0045890E	free_constellation	free_constellation	WC1-callgraph-propagated		mapped
src/logic.c	2211	004244E0	00457720	init_vdus	init_vdus	WC1-fuzzy-low		mapped
src/logic.c	2232	004245B0	004577D7	InitializeCockpitResources	LoopCombatFn45B0	WC1-callgraph-propagated		mapped
src/logic.c	2375	004249A0	00458196	free_cockpit	free_cockpit	WC1-callgraph-propagated		mapped
src/logic.c	2403	00424A80	004560C0	init_3Space_objects	init_3Space_objects	WC1-fuzzy-very-low		mapped
src/logic.c	2429	00424B00	00414BE9	load_common_3Space_objects	load_common_3Space_objects	WC1-fuzzy-very-low		mapped
src/logic.c	2462	00424B80	0044EA50	remove_all_3d_objects	remove_all_3d_objects	WC1-callgraph-single-low		mapped
src/logic.c	2474	00424BA0	004293F9	free_3Space	free_3Space	WC1-callgraph-propagated		mapped
src/logic.c	2489	00424BE0	0042E6EB	free_3Space_objects	free_3Space_objects	WC1-fuzzy-followup		mapped
src/logic.c	2514	00424C60		init_inflight_music				unmapped
src/logic.c	2523	00424C80	00458806	free_inflight_music	free_inflight_music	WC1-fuzzy-followup		mapped
src/logic.c	2543	00424CE0	00469AD0	PreloadMusicTrackHook	PreloadMusicTrackHook	WC1-callgraph-propagated		mapped
src/logic.c	2550	00424CF0	00469B49	ReleaseMusicTrackHook	ReleaseMusicTrackHook	WC1-manual-verified		mapped
src/logic.c	2557	00424D00		LoadSceneAnimationResources				unmapped
src/logic.c	2584	00424DA0		ReleaseSceneAnimationResources				unmapped
src/logic.c	2593	00424DE0		FindSceneAnimationCommand				unmapped
src/logic.c	2634	00424EA0		SceneAnimationGoalReached				unmapped
src/logic.c	2650	00424EF0		UpdateSceneAnimationObject				unmapped
src/logic.c	2913	00425500		PlaySceneAnimation				unmapped
src/main.c	9	004274E0	0045C558	Wc1GameMain	main	WC1-fuzzy-very-low		mapped
src/main.c	216	004279D0		GetScreenUpdateFlag				unmapped
src/main.c	226	00427A00	00465CF6	initialize_view_buffer	initialize_view_buffer	WC1-fuzzy-medium		mapped
src/main.c	237	00427A40	00465D55	dump_buffer_to_screen	dump_buffer_to_screen	WC1-fuzzy-very-low		mapped
src/main.c	271	00427B00	00465E88	clear_view_buffer	clear_view_buffer	WC1-fuzzy-followup		mapped
src/main.c	278	00427B20	00437CBF	InitializeConversationViewport	InitializeConversationViewport	WC1-fuzzy-followup		mapped
src/main.c	294	00427BA0	00437D68	ResetScreenClipToFullHeight	ResetScreenClipToFullHeight	WC1-fuzzy-followup		mapped
src/main.c	303	00427BC0	00437D92	InitializeConversationText	InitializeConversationText	WC1-fuzzy-low		mapped
src/main.c	322	00427C30	00465EA9	RefreshMemoryStatusOverlay	RefreshMemoryStatusOverlay	WC1-manual-verified		mapped
src/main.c	333	00427C50	00465EE9	Update_3Space	Update_3Space	WC1-callgraph-propagated	WC1-review-module-mismatch	mapped
src/main.c	345	00427C80	00465F3A	TriggerPlayerHitPaletteFlash	TriggerPlayerHitPaletteFlash	WC1-fuzzy-medium		mapped
src/main.c	353	00427CA0	00465F5B	FadeFlightPaletteEntry	FadeFlightPaletteEntry	WC1-manual-verified		mapped
src/main.c	366	00427CD0	00465FA3	UpdateSpacePaletteFade	UpdateSpacePaletteFade	WC1-fuzzy-followup		mapped
src/main.c	387	00427D40	0046604F	house_keep	house_keep	WC1-manual-verified		mapped
src/main.c	419	00427DF0	0046428B	init_player_input	init_player_input	WC1-fuzzy-followup		mapped
src/main.c	430	00427E40	004661C2	get_player_input	get_player_input	WC1-manual-verified		mapped
src/main.c	464	00427F20	004663A2	process_player_input	process_player_input	WC1-fuzzy-very-low		mapped
src/main.c	667	00428480	00466908	fire_players_lasers	fire_players_lasers	WC1-fuzzy-very-low		mapped
src/main.c	680	004284D0	0046696E	players_flight_dynamics	players_flight_dynamics	WC1-fuzzy-medium		mapped
src/main.c	713	004285D0	00466B02	player_input	player_input	WC1-fuzzy-followup		mapped
src/main.c	973	00428C90	00465E25	SelectNextExternalViewObject	SelectNextExternalViewObject	WC1-fuzzy-medium		mapped
src/main.c	990	00428CD0		SelectPreviousExternalViewObject				unmapped
src/main.c	1007	00428D10	0045F200	HandleFleetOverviewInput	HandleFleetOverviewInput	WC1-callgraph-propagated		mapped
src/mathfp.c	9	00434CD0	004618E0	RandomBelow	DoLocalFn4CD0	WC1-fuzzy-medium		mapped
src/mathfp.c	15	00434CF0	004618FF	SeedRandomFromClock	DoLocalFn4CF0	WC1-auto-vt		mapped
src/mathfp.c	21	00434D20	00461942	RandomInRange	RandomInRange	WC1-fuzzy-medium		mapped
src/mathfp.c	31	00434D50	004619A1	RandomBelowOrEqual	RandomBelowOrEqual	WC1-fuzzy-medium		mapped
src/mathfp.c	39	00434D80	004619E2	MultiplyFixed	MultiplyFixed	WC1-callgraph-propagated		mapped
src/mathfp.c	48	00434DB0	00461A2D	DivideFixed	DivideFixed	WC1-fuzzy-medium		mapped
src/mathfp.c	61	00434E00	00461A91	SinFixed	CalcVideoFn4E00	WC1-callgraph-propagated		mapped
src/mathfp.c	67	00434E30	00461AD6	CosFixed	CalcVideoFn4E30	WC1-callgraph-propagated		mapped
src/mathfp.c	73	00434E60	00461B1B	ArcSin	ArcSin	WC1-callgraph-propagated		mapped
src/mathfp.c	80	00434E90	00461B6B	ArcCos	ArcCos	WC1-callgraph-propagated		mapped
src/mathfp.c	87	00434EC0	00461BBB	Magnitude	Magnitude	WC1-callgraph-single-low		mapped
src/mathfp.c	93	00434EE0	00461C06	PlanarMagnitude	PlanarMagnitude	WC1-manual-verified		mapped
src/mathfp.c	104	00434F20	00461C71	Vector_magnitude	Vector_magnitude	WC1-callgraph-propagated		mapped
src/mathfp.c	117	00434F70	00461D02	SetTextCursor	SetTextCursor	WC1-manual-verified		mapped
src/mathfp.c	124	00434FA0	00461D29	SetTextContext	SetTextContext	WC1-manual-verified		mapped
src/mathfp.c	134	00434FB0	00461D68	WaitForVerticalBlankThunk	WaitForVerticalBlankThunk	WC1-manual-verified		mapped
src/mathfp.c	140	00434FC0	00461D7D	IdentityHandle	IdentityHandle	WC1-manual-verified		mapped
src/mathfp.c	146	00434FD0	00461D90	SetWholePaletteFromTriplets	CallThrough433060	WC1-callgraph-single		mapped
src/mathfp.c	154	00434FE0	00461DA7	ReadWord	DoLocalFn4FE0	WC1-callgraph-propagated		mapped
src/mathfp.c	160	00434FF0	00461DBD	GetFontCharWidth	UiRoutine09	WC1-callgraph-propagated		mapped
src/mathfp.c	166	00435010	004641A0	ReleaseVideoResourcesHook	GameNoBodyStubv12	WC1-callgraph-single		mapped
src/mathfp.c	171	00435020	00461DF0	GetShapeFrameBounds	GetShapeFrameBounds	WC1-fuzzy-medium		mapped
src/mathfp.c	202	00435090	00461E97	IsPointInRect	DoLocalFn5090	WC1-order-exact		mapped
src/mathfp.c	211	004350D0	00461EFE	SplitPackedPoint	DoLocalFn50D0	WC1-order-exact		mapped
src/mathfp.c	217	004350F0	00461F22	DrawTextString	DrawTextString	WC1-fuzzy-high		mapped
src/mathfp.c	309	00435290	004621D5	DrawTextCharacter	DrawTextCharacter	WC1-fuzzy-followup		mapped
src/mathfp.c	337	00435310		AppendTextCharacter				unmapped
src/mathfp.c	345	00435340		MeasureShapeFrameStorage				unmapped
src/mathfp.c	395	004353F0		ResetTextCursor				unmapped
src/mathutil.c	9	0041D0C0		MinShort				unmapped
src/mathutil.c	17	0041D0E0	0040F072	MaxShort	MaxShort	WC1-callgraph-propagated		mapped
src/mathutil.c	25	0041D100	0040F0A4	FreePacketAndClear	FreePacketAndClear	WC1-callgraph-propagated		mapped
src/mono.c	11	00403500	0045A04A	CloseDataFile	DoUiFn3500	WC1-auto-vt		mapped
src/mono.c	17	00403520	0045A06C	WriteDataFileAtOffset	WriteDataFileAtOffset	WC1-fuzzy-high		mapped
src/mono.c	35	004035C0	0045A12D	CreateDataFile	CreateDataFile	WC1-auto-vt		mapped
src/mono.c	49	00403610	0045A19B	ReadDataFileAtOffset	ReadDataFileAtOffset	WC1-fuzzy-high		mapped
src/mono.c	67	004036B0	0045A259	SeekDataFile	SeekDataFile	WC1-fuzzy-medium		mapped
src/mono.c	81	00403710		MeasureScaledIntroTextWidth				unmapped
src/mono.c	110	004037A0	004087FF	DrawCenteredScaledIntroText	DrawCenteredScaledIntroText	WC1-callgraph-propagated		mapped
src/mono.c	148	00403890		GetLineLength				unmapped
src/mono.c	182	00403920	0042C0F1	print_subtitle	DrawUiFn3920	WC1-fuzzy-very-low		mapped
src/mono.c	238	00403A80	004207B0	advance_canned_sequence	DispatchTbl0059c310Fn3A80	WC1-fuzzy-very-low		mapped
src/mono.c	272	00403B70		update_canned_sequence				unmapped
src/mono.c	303	00403C40	00437760	SplitGameClockTicks	DoLocalFn3C40	WC1-fuzzy-low		mapped
src/mono.c	317	00403C90	004377F0	MonoDebug_install	MonoDebug_install	WC1-fuzzy-low		mapped
src/mono.c	347	00403D60	004378D9	MonoDebug_remove	MonoDebug_remove	WC1-callgraph-propagated		mapped
src/mono.c	356	00403DB0	0042F0B3	SoundDebugPrintf	GetG005a8760Fn3DB0	WC1-auto-vt		mapped
src/mono.c	371	00403DE0	00437983	MonoDebug_print	MonoDebug_print	WC1-fuzzy-low		mapped
src/mono.c	383	00403E30	004379D4	ReadPerformanceCounter	QueryPerfCounterValue	WC1-callgraph-single-low		mapped
src/mono.c	389	00403E40	0040A27A	ResetStringBuilder	ResetStringBuilder	WC1-callgraph-single-low		mapped
src/music.c	9	0042CDB0	00457434	parse_view_script	ScanTbl0059c010FnCDB0	WC1-callgraph-propagated		mapped
src/music.c	140	0042D1C0		update_scripted_view				unmapped
src/music.c	167	0042D230		initialize_scripted_view				unmapped
src/music.c	178	0042D270	0045A2C0	InitializeFireworks	InitializeFireworks	WC1-callgraph-single-low		mapped
src/music.c	191	0042D2A0	0045A300	TheEndFireWorks	TheEndFireWorks	WC1-fuzzy-very-low		mapped
src/music.c	231	0042D390	0045A441	InitializeConstellationField	InitializeConstellationField	WC1-fuzzy-followup		mapped
src/music.c	280	0042D500	0045A634	DrawConstellationField	DrawConstellationField	WC1-callgraph-propagated		mapped
src/music.c	343	0042D730	0044F010	OpenPacketSection	OpenPacketSection	WC1-fuzzy-followup		mapped
src/music.c	400	0042D870	0044F1C7	CloseDataFileByHandle	CloseDataFileByHandle	WC1-fuzzy-followup		mapped
src/music.c	406	0042D880		DecompressPacketSection				unmapped
src/music.c	526	0042DB70		GetTargetColourIndex				unmapped
src/music.c	536	0042DB90	0043FAC0	show_target_disp	show_target_disp	WC1-fuzzy-very-low		mapped
src/music.c	640	0042DEA0	0043FF40	DrawTargetRangeReadout	DrawTargetRangeReadout	WC1-fuzzy-followup		mapped
src/music.c	703	0042E020	0045CA50	LogDisplayMode	LogDisplayMode	WC1-auto-vt		mapped
src/music.c	712	0042E050	0045CA80	CalcRectangleArea	CalcRectangleArea	WC1-fuzzy-followup		mapped
src/music.c	725	0042E090	0045CAD2	AllocateViewport	AllocateViewport	WC1-fuzzy-followup		mapped
src/music.c	774	0042E1D0	0046505E	AlignSpriteFrameToRectCorner	AlignSpriteFrameToRectCorner	WC1-fuzzy-followup		mapped
src/music.c	825	0042E320		FadeMusic				unmapped
src/music.c	831	0042E330	0042F100	SetMusicOn	DoLocalFnE330	WC1-fuzzy-very-low		mapped
src/music.c	837	0042E350	00452A26	StopMusic	StopMusic	WC1-callgraph-propagated		mapped
src/music.c	847	0042E380	004641C5	SetMusBreakpt	DoMusicFnE380	WC1-callgraph-single-low		mapped
src/music.c	855	0042E390		PaletteFadeHook				unmapped
src/music.c	860	0042E3A0	00452AAB	FlushSoundEffect	DoLocalFnE3A0	WC1-fuzzy-very-low		mapped
src/music.c	867	0042E3C0		FlushSoundEffects				unmapped
src/music.c	874	0042E3E0	00452AF0	SceneLeaveHook	GameNoBodyStubv9	WC1-callgraph-single-low		mapped
src/music.c	879	0042E3F0	00452B03	SelectFlightMusicTrack	SelectFlightMusicTrack	WC1-callgraph-propagated		mapped
src/music.c	976	0042E520		MapMusicTrackToStreamerCommand				unmapped
src/music.c	1067	0042E6F0		ProcessMusicScriptCommand				unmapped
src/music.c	1128	0042E880	00452CF4	spacetrack	spacetrack	WC1-fuzzy-very-low		mapped
src/music.c	1136	0042E8B0	00452D32	StopMusicUnlessSuppressed	SoundG0046a9f8FnE8B0	WC1-fuzzy-low		mapped
src/music.c	1143	0042E8D0		GetMusicMode				unmapped
src/music.c	1152	0042E900	00452DB0	wait_for_end_of_music	wait_for_end_of_music	WC1-fuzzy-low		mapped
src/music.c	1169	0042E9E0	00452E46	new_space_music_changes	GetTbl0059d650FnE9E0	WC1-fuzzy-low		mapped
src/music.c	1212	0042EAD0	00452F90	changetrack	changetrack	WC1-fuzzy-very-low		mapped
src/music.c	1244	0042EB60	00453085	gametrack	gametrack	WC1-fuzzy-followup		mapped
src/music.c	1291	0042ECB0	00453240	servicetrack	servicetrack	WC1-fuzzy-very-low		mapped
src/music.c	1356	0042EE80	0042DE62	ResetSoundState	SetShipAiFnEE80	WC1-callgraph-propagated		mapped
src/music.c	1364	0042EEA0		ResetSoundStateForScene				unmapped
src/music.c	1371	0042EEB0		ResetSoundStateForFlight				unmapped
src/music.c	1378	0042EEE0		EnableMusicForScene				unmapped
src/music.c	1385	0042EF00		SoundFxTick				unmapped
src/music.c	1392	0042EF10	0045357E	FlushSoundEffectsAndLog	FlushSoundEffectsAndLog	WC1-callgraph-propagated		mapped
src/music.c	1398	0042EF20	004535BB	sound_effect	sound_effect	WC1-order-exact		mapped
src/music.c	1404	0042EF30	0045373B	PlaySfxWaveFileByNumber	PlaySfxWaveFileByNumber	WC1-fuzzy-followup		mapped
src/nav.c	140	0040D090		NavMapPointInsideReservedArea				unmapped
src/nav.c	150	0040D0E0	004501B2	NavMapLabelFits	NavMapLabelFits	WC1-fuzzy-medium		mapped
src/nav.c	156	0040D120	00450210	NavMapLabelPositionAvailable	NavMapLabelPositionAvailable	WC1-fuzzy-followup		mapped
src/nav.c	186	0040D1D0	00450329	ResetNavMapReservedAreas	ResetNavMapReservedAreas	WC1-manual-verified		mapped
src/nav.c	192	0040D1E0	0045033D	ReserveNavMapArea	ReserveNavMapArea	WC1-order-exact		mapped
src/nav.c	208	0040D240	004503A7	ResetNavMapLabels	ResetNavMapLabels	WC1-manual-verified		mapped
src/nav.c	214	0040D250	004503BB	TryPlaceNavMapLabel	TryPlaceNavMapLabel	WC1-fuzzy-followup		mapped
src/nav.c	229	0040D2C0	00450458	PlaceNavMapLabel	PlaceNavMapLabel	WC1-fuzzy-low		mapped
src/nav.c	271	0040D410	004506F8	AddUniqueObjectiveNavLabel	AddUniqueObjectiveNavLabel	WC1-fuzzy-very-low		mapped
src/nav.c	293	0040D490	004507DA	IsPointInNavMapLabel	IsPointInNavMapLabel	WC1-callgraph-single-low		mapped
src/nav.c	307	0040D540	0045087F	DrawNavMapLabels	DrawNavMapLabels	WC1-fuzzy-very-low		mapped
src/nav.c	323	0040D5A0	00450900	DrawNavRectangleMarker	DrawNavRectangleMarker	WC1-fuzzy-low		mapped
src/nav.c	341	0040D640	004509C9	DrawNavSquareOutline	DrawNavSquareOutline	WC1-manual-verified		mapped
src/nav.c	350	0040D680	00450A12	DrawNavSquareMarker	DrawNavSquareMarker	WC1-fuzzy-medium		mapped
src/nav.c	376	0040D740	00450B03	DrawNavTriangleOutline	DrawNavTriangleOutline	WC1-manual-verified		mapped
src/nav.c	388	0040D7D0	00450BBA	DrawNavTriangleMarker	DrawNavTriangleMarker	WC1-fuzzy-low		mapped
src/nav.c	402	0040D830	00450C2A	DrawNavCrossMarker	DrawNavCrossMarker	WC1-fuzzy-low		mapped
src/nav.c	421	0040D8C0	00450DF6	SetScreenClipRect	DoUiFnD8C0	WC1-fuzzy-low		mapped
src/nav.c	428	0040D8F0	00450E1E	DrawNavHazardMarker	DrawNavHazardMarker	WC1-fuzzy-low		mapped
src/nav.c	443	0040D980	00450E98	DrawNavPlayerMarker	DrawNavPlayerMarker	WC1-manual-verified		mapped
src/nav.c	458	0040DA00	00450FE2	BuildMap	BuildMap	WC1-fuzzy-followup		mapped
src/nav.c	567	0040DDA0	0045153A	UpdateInflightNavText	DrawStandardTimeReadout	WC1-fuzzy-medium		mapped
src/nav.c	596	0040DE70	00451637	FormatNavCoordinates	DoLocalFnDE70	WC1-callgraph-single-low		mapped
src/nav.c	606	0040DEA0	00451673	DrawSelectedNavLegendEntry	DrawSelectedNavLegendEntry	WC1-manual-verified		mapped
src/nav.c	616	0040DEE0	004516C0	DrawNavMapLegend	DrawNavMapLegend	WC1-fuzzy-low		mapped
src/nav.c	635	0040DF50	00451756	nav_note	nav_note	WC1-callgraph-single		mapped
src/nav.c	646	0040DF70	0045180F	DrawNavLocationReadout	DrawNavLocationReadout	WC1-fuzzy-followup		mapped
src/nav.c	703	0040E190	00451AD3	BriefingMap_LoadShapes	BriefingMap_LoadShapes	WC1-fuzzy-followup		mapped
src/nav.c	720	0040E210	00451B70	BriefingMap_DisplayMap	BriefingMap_DisplayMap	WC1-fuzzy-very-low		mapped
src/nav.c	739	0040E2B0	00451C5C	SelectNavObjectiveAtPoint	ScanTbl0059c000FnE2B0	WC1-fuzzy-very-low		mapped
src/nav.c	778	0040E3C0	00451DDB	CentreMouseOnCurrentNavObjective	GetTbl0059c000FnE3C0	WC1-fuzzy-followup		mapped
src/nav.c	798	0040E430	00451E57	ShowConfedNavScan	ShowConfedNavScan	WC1-fuzzy-very-low		mapped
src/nav.c	808	0040E480	00451FAA	InflightComputer	BlitUiFnE480	WC1-callgraph-propagated		mapped
src/nav.c	971	0040E890	004397D5	MergeAdjacentNearHeapBlocks	MergeAdjacentNearHeapBlocks	WC1-fuzzy-very-low		mapped
src/nav.c	995	0040E900	00420874	ReleaseNearHeapBlock	ReleaseNearHeapBlock	WC1-callgraph-propagated		mapped
src/nav.c	1013	0040E950	004208FC	PurgeNearHeapBlocks	PurgeNearHeapBlocks	WC1-fuzzy-low		mapped
src/nav.c	1044	0040E9E0	004209C2	InitializeNearHeap	InitializeNearHeap	WC1-fuzzy-low		mapped
src/nav.c	1093	0040EB70	00420B88	AllocateNearHeapBlockFromEnd	AllocateNearHeapBlockFromEnd	WC1-fuzzy-low		mapped
src/nav.c	1186	0040ED30	00420E16	AllocateNearHeapBlockByFlags	AllocateNearHeapBlockByFlags	WC1-fuzzy-low		mapped
src/nav.c	1279	0040EFE0		add_statistics				unmapped
src/nav.c	1286	0040F010	0042BB70	PostMission	PostMission	WC1-fuzzy-followup		mapped
src/nav.c	1357	0040F190		FullMissionScore				unmapped
src/nav.c	1376	0040F1E0		PlayersMissionScore				unmapped
src/nav.c	1394	0040F240	004651B7	UpdateSeries	UpdateSeries	WC1-callgraph-single-low		mapped
src/nav.c	1469	0040F3F0		MoveNewCampaign				unmapped
src/nav.c	1488	0040F440		StartNewCampaign				unmapped
src/nav.c	1505	0040F4B0	0046591A	GameFlow	GameFlow	WC1-callgraph-propagated		mapped
src/nav.c	1679	0040F940	004471B0	free_viewport	free_viewport	WC1-fuzzy-medium		mapped
src/nav.c	1720	0040FA30		GetPaletteReadyUnused				unmapped
src/nav.c	1726	0040FA40		DrawTitleLogo				unmapped
src/nav.c	1764	0040FB10		UpdateTitleMenuCursor				unmapped
src/nav.c	1785	0040FB70		Title_Sequence				unmapped
src/pilot.cpp	10	00425730		WaitForKeyExceptXOrF12				unmapped
src/pilot.cpp	26	00425770	00407E40	ShowMeanwhileTransition	ShowMeanwhileTransition	WC1-callgraph-propagated		mapped
src/pilot.cpp	68	004258D0		ApplyAnswerTextCipher				unmapped
src/pilot.cpp	81	00425910	00447300	LoadAnswerPromptAndResponse	LoadAnswerPromptAndResponse	WC1-callgraph-propagated		mapped
src/pilot.cpp	115	004259B0	0040DA0C	PromptForAnswerText	PromptForAnswerText	WC1-callgraph-single-low		mapped
src/pilot.cpp	149	00425AF0	004333F8	SceneEnterHook	GameNoBodyStubv3	WC1-callgraph-single-low		mapped
src/pilot.cpp	154	00425B00	0040FCD0	CreateDebugOverlayConsole	CreateDebugOverlayConsole	WC1-fuzzy-medium		mapped
src/pilot.cpp	162	00425B90	0040FF00	DestroyGlobalDebugOverlayConsole	DestroyGlobalDebugOverlayConsole	WC1-auto-vt		mapped
src/pilot.cpp	171	00425BB0	0040FDAD	SystemDebugPrintf	SystemDebugPrintf	WC1-callgraph-transfer		mapped
src/pilot.cpp	185	00425BC0	0040FE23	PumpMessagesDuringWait	GetG004763f0Fn5BC0	WC1-callgraph-transfer		mapped
src/pilot.cpp	191	00425BD0	0040FE3E	TakeDebugStepFlag	GetDebugFn5BD0	WC1-order-exact		mapped
src/pilot.cpp	200	00425BE0	0040FE59	ResetDiskPromptTimer	HelperOf41D760A	WC1-order-exact		mapped
src/pilot.cpp	205	00425BF0	0040FE7E	SetConsoleTextColourHook	SetConsoleTextColourHook	WC1-order-exact		mapped
src/pilot.cpp	212	00425C00	0040FEA3	SetConsoleBackgroundColourHook	SetConsoleBackgroundColourHook	WC1-order-exact		mapped
src/pilot.cpp	219	00425C10	0040FEBE	DiskPromptDrawHook	HelperOf41D760B	WC1-order-exact		mapped
src/pilot.cpp	224	00425C20	0040FED9	ClearDebugPauseFlags	SetDebugFn5C20	WC1-callgraph-transfer		mapped
src/pilot.cpp	231	00425C30		EraseTextContextBackground				unmapped
src/pilot.cpp	243	00425C60	0042C43D	DisplayTrainSimHighScoreTable	DisplayTrainSimHighScoreTable	WC1-callgraph-propagated		mapped
src/pilot.cpp	276	00425D00		AnimateTrainSimTitle				unmapped
src/pilot.cpp	321	00425DF0	0040FFC0	GetHighScoreEntry	GetHighScoreEntry	WC1-fuzzy-medium		mapped
src/pilot.cpp	331	00425E20		GetHighScoreValue				unmapped
src/pilot.cpp	337	00425E30		SetHighScoreEntry				unmapped
src/pilot.cpp	344	00425E50		SortTrainSimHighScores				unmapped
src/pilot.cpp	370	00425ED0		FindTrainSimHighScore				unmapped
src/pilot.cpp	384	00425EF0		InsertTrainSimHighScore				unmapped
src/pilot.cpp	396	00425F40	0041565E	InitializeTrainSimHighScores	ScanTbl005a7c30Fn5F40	WC1-callgraph-single-low		mapped
src/pilot.cpp	426	00425FE0		IsHighScoreSlotUsed				unmapped
src/pilot.cpp	432	00426000		AddRandomTrainSimHighScores				unmapped
src/pilot.cpp	471	004260E0		DrawTextInputCursor				unmapped
src/pilot.cpp	488	00426140	00459348	ClearTextInputCharacter	ClearTextInputCharacter	WC1-fuzzy-very-low		mapped
src/pilot.cpp	507	004261D0		ClearNextTextInputCharacter				unmapped
src/pilot.cpp	518	00426200	004597E3	ReadTextInput	ReadTextInput	WC1-fuzzy-followup		mapped
src/pilot.cpp	649	004265A0	0042075F	ReadRequiredPilotField	ReadRequiredPilotField	WC1-fuzzy-low		mapped
src/pilot.cpp	665	00426600	004348C3	PromptForPilotField	PromptForPilotField	WC1-callgraph-single-low		mapped
src/pilot.cpp	679	00426660	004347D6	InitializeTrainSimTextPanel	InitializeTrainSimTextPanel	WC1-callgraph-propagated		mapped
src/pilot.cpp	697	00426700	0042EBD0	ShowTrainSimTextMessage	ShowTrainSimTextMessage	WC1-callgraph-single-low		mapped
src/pilot.cpp	710	00426750	00458532	EnterPilotNameAndCallsign	EnterPilotNameAndCallsign	WC1-callgraph-single-low		mapped
src/pilot.cpp	738	00426820		UpdateTrainSimHighScores				unmapped
src/pilot.cpp	772	004268E0	00436A8F	ShowTrainSimHighScores	ShowTrainSimHighScores	WC1-callgraph-propagated		mapped
src/pilot.cpp	884	00426C50		LoadTrainSimOpponentShape				unmapped
src/pilot.cpp	893	00426C70	004353D4	SelectTrainSimMission	SelectTrainSimMission	WC1-callgraph-propagated		mapped
src/pload.c	9	0042B050	004465A0	PacketLoad	PacketLoad	WC1-fuzzy-followup		mapped
src/pload.c	119	0042B160	00423CA0	InitializeAudioSystem	InitializeAudioSystem	WC1-fuzzy-followup		mapped
src/pload.c	131	0042B1B0	00423D02	ServiceAudioStream	GetAudioStreamFnB1B0	WC1-auto-vt		mapped
src/pload.c	143	0042B1F0	00423D4F	AllocateWaveTableEntry	AllocateWaveTableEntry	WC1-fuzzy-medium		mapped
src/pload.c	159	0042B240	00423DBB	FindWaveTableEntryByName	FindWaveTableEntryByName	WC1-order-exact		mapped
src/pload.c	172	0042B290	00423E12	RemoveWaveTableEntry	RemoveWaveTableEntry	WC1-manual-verified		mapped
src/pload.c	194	0042B300	00423ED1	FreeWaveTable	LoopAudioStreamFnB300	WC1-callgraph-transfer		mapped
src/pload.c	210	0042B340	00423F3F	AllocateActiveSoundEntry	AllocateActiveSoundEntry	WC1-fuzzy-medium	WC1-review-module-mismatch	mapped
src/pload.c	226	0042B390	00423FAB	RemoveActiveSoundEntry	RemoveActiveSoundEntry	WC1-callgraph-single-low		mapped
src/pload.c	247	0042B3F0		FindActiveSoundEntryBySample				unmapped
src/screen.c	9	0042EFC0	00421910	cleanup_objectives	ScanTbl0046c97aFnEFC0	WC1-fuzzy-followup		mapped
src/screen.c	89	0042F1F0		too_busy				unmapped
src/screen.c	95	0042F210		reply				unmapped
src/screen.c	105	0042F240	00421C35	disobey_formation	disobey_formation	WC1-callgraph-propagated		mapped
src/screen.c	117	0042F270	0040F91C	bad_target	GetTbl0059d650FnF270	WC1-fuzzy-low		mapped
src/screen.c	127	0042F2B0		can_land				unmapped
src/screen.c	159	0042F350		i_wanna_rout				unmapped
src/screen.c	181	0042F3F0	00421F86	request	ScanTbl0059ce60FnF3F0	WC1-callgraph-propagated		mapped
src/screen.c	296	0042F730		ShouldSuspendCursorForRect				unmapped
src/screen.c	303	0042F740	0040FB80	InitializeDIBScreenViewport	InitializeDIBScreenViewport	WC1-fuzzy-followup		mapped
src/screen.c	337	0042F7E0	0040FC7E	InitFullScreenViewport	DoUiFnF7E0	WC1-callgraph-single		mapped
src/screen.c	351	0042F810	00453A70	GetPacketSize	GetPacketSize	WC1-callgraph-propagated		mapped
src/screen.c	377	0042F890	00421144	GetFreeNearHeapBytes	GetFreeNearHeapBytes	WC1-callgraph-single-low		mapped
src/screen.c	396	0042F930	0040A2A3	FrameStartHook	FrameStartHook	WC1-callgraph-single-low		mapped
src/screen.c	402	0042F940	00458E20	IsSoundHardwarePresent	DoLocalFnF940	WC1-callgraph-single-low		mapped
src/screen.c	409	0042F950	00458E39	MessagePumpHook	MessagePumpHook	WC1-manual-verified		mapped
src/screen.c	415	0042F960	00458E49	PushMemoryStackFrame	PushMemoryStackFrame	WC1-fuzzy-medium		mapped
src/screen.c	440	0042F9E0	00458EED	IsPushedPacketHandle	IsPushedPacketHandle	WC1-callgraph-single		mapped
src/screen.c	459	0042FA20	00458F5A	MapPacketHandleToBlock	MapPacketHandleToBlock	WC1-order-exact		mapped
src/screen.c	500	0042FA90	0045901D	AllocateTaggedMemory	AllocateTaggedMemory	WC1-fuzzy-followup		mapped
src/screen.c	532	0042FAE0	00459082	ReleasePacketHandle	ReleasePacketHandle	WC1-order-exact		mapped
src/screen.c	552	0042FB20	00459134	GetFixedOneMillionThunk	GetFixedOneMillionThunk	WC1-manual-verified		mapped
src/screen.c	562	0042FB30	00459149	GetFixedOneMillionThunkAlt	ReturnConst3E8000v1	WC1-callgraph-propagated		mapped
src/screen.c	569	0042FB40		CreateCannedSceneObject				unmapped
src/screen.c	592	0042FC00		ShowCampaignVictorySequence				unmapped
src/screen.c	817	00430150		ShowTigerClawEscapeScene				unmapped
src/screen.c	941	004304F0	00429261	ShowTheEndScreen	ShowTheEndScreen	WC1-callgraph-propagated		mapped
src/screen.c	1008	00430710	00421D59	UpdateInputDeviceTransitions	UpdateInputDeviceTransitions	WC1-fuzzy-very-low		mapped
src/screen.c	1060	00430840	00421409	PollJoystickButtonEvents	PollJoystickButtonEvents	WC1-fuzzy-very-low		mapped
src/screen.c	1100	00430920	00421530	PollMenuInputDevices	PollMenuInputDevices	WC1-fuzzy-low		mapped
src/screen.c	1213	00430BC0	0044F52E	get_face	DoLocalFn0BC0	WC1-callgraph-single-low		mapped
src/screen.c	1223	00430BF0	0044BCF7	LoadCommPortraitShape	HelperOf40C1C0D	WC1-fuzzy-very-low		mapped
src/screen.c	1240	00430C50		ResetCommMenuChoices				unmapped
src/screen.c	1258	00430CA0	004473D1	IsCommMenuIdle	IsCommMenuIdle	WC1-callgraph-single-low		mapped
src/screen.c	1264	00430CB0	004473FC	AppendCommMenuChoice	AppendCommMenuChoice	WC1-order-exact		mapped
src/screen.c	1281	00430D30	00447479	SendCommMenuChoice	SendCommMenuChoice	WC1-order-exact		mapped
src/screen.c	1287	00430D50	004474CA	OpenCommMenuForTarget	OpenCommMenuForTarget	WC1-fuzzy-low		mapped
src/screen.c	1294	00430D80	004474F4	IsCommChoiceMenuOpen	IsCommChoiceMenuOpen	WC1-manual-verified		mapped
src/screen.c	1300	00430DA0		GetPendingMenuAction				unmapped
src/screen.c	1306	00430DB0		SetPendingMenuAction				unmapped
src/screen.c	1312	00430DC0	00447526	OpenCommRecipientMenu	OpenCommRecipientMenu	WC1-fuzzy-very-low		mapped
src/screen.c	1319	00430DE0	00447544	CloseCommChoiceMenu	CloseCommChoiceMenu	WC1-manual-verified		mapped
src/screen.c	1330	00430E10	0044756F	wingman_dead	wingman_dead	WC1-callgraph-propagated		mapped
src/screen.c	1336	00430E30	0044759B	have_target	have_target	WC1-manual-verified		mapped
src/screen.c	1342	00430E50	004475D3	CanOpenCommMenu	CanOpenCommMenu	WC1-callgraph-single		mapped
src/screen.c	1352	00430E70	0044760F	SelectCommRecipient	SelectCommRecipient	WC1-manual-verified		mapped
src/screen.c	1359	00430E90	00447629	BuildCommunicationRecipientMenu	BuildCommunicationRecipientMenu	WC1-fuzzy-followup		mapped
src/screen.c	1408	00430FC0	00447890	BuildCommunicationCommandMenu	BuildCommunicationCommandMenu	WC1-fuzzy-followup		mapped
src/screen.c	1481	00431200	00447D85	RefreshCommunicationMenu	RefreshCommunicationMenu	WC1-fuzzy-low		mapped
src/screen.c	1494	00431240	00447DE3	HandleCommunicationMenuRequest	HandleCommunicationMenuRequest	WC1-fuzzy-low		mapped
src/screen.c	1507	00431290	00447E47	show_communications_disp	show_communications_disp	WC1-fuzzy-very-low		mapped
src/screen.c	1550	00431350	00447EF5	Chosen_communicate_option	Chosen_communicate_option	WC1-callgraph-propagated		mapped
src/screen.c	1583	00431400	00448008	talk_equiv	talk_equiv	WC1-order-exact		mapped
src/screen.c	1589	00431410	0044804A	FreeCommDisplayResources	FreeCommDisplayResources	WC1-order-exact		mapped
src/screen.c	1607	00431470	00448070	EndCommSessionWithWingman	EndCommSessionWithWingman	WC1-fuzzy-low		mapped
src/screen.c	1622	004314C0	004480C6	EndCommMenu	EndCommMenu	WC1-fuzzy-low		mapped
src/screen.c	1631	004314F0	00448100	ShowCentredPrompt	ShowCentredPrompt	WC1-fuzzy-followup		mapped
src/screen.c	1639	00431520	0042B80C	LoadCommDisplayResources	LoadShipAiFn1520	WC1-fuzzy-very-low		mapped
src/screen.c	1667	004315C0	00448136	ExpandCommMessageTokens	DispatchUiFn15C0	WC1-fuzzy-very-low		mapped
src/screen.c	1712	004316E0	004482CA	real_vid_transmit	DrawTbl0059d650Fn16E0	WC1-fuzzy-followup		mapped
src/screen.c	1804	004318F0		ShutdownVideoHook				unmapped
src/screen.c	1810	00431900	00424A60	ReserveContiguousPaletteEntries	ReserveContiguousPaletteEntries	WC1-fuzzy-medium		mapped
src/screen.c	1843	00431970	00420340	ReleaseContiguousPaletteEntries	ReleaseContiguousPaletteEntries	WC1-fuzzy-medium		mapped
src/screen.c	1857	004319B0	00401978	PrintPaletteAllocationMap	PrintPaletteAllocationMap	WC1-fuzzy-medium		mapped
src/screen.c	1878	00431A10	00423480	LoadJoystickCalibrationFile	LoadJoystickCalibrationFile	WC1-fuzzy-high		mapped
src/screen.c	1996	00431D20	004238E9	ReadCalibratedJoystick	ReadCalibratedJoystick	WC1-fuzzy-very-low		mapped
src/screen.c	2083	00431EA0		UnionRectBounds				unmapped
src/screen.c	2098	00431F00	0045CD2C	ThrottleFrameAndDrawFps	ThrottleFrameAndDrawFps	WC1-fuzzy-very-low		mapped
src/screens.c	9	00436D00	004401C0	LoadBriefingRoom	LoadBriefingRoom	WC1-callgraph-propagated		mapped
src/screens.c	47	00436E30	0042D568	ViewMedals	BlitUiFn6E30	WC1-callgraph-propagated		mapped
src/screens.c	90	00436F50		AwardCampaignMedal				unmapped
src/screens.c	147	004370D0		DrawMedalChest				unmapped
src/screens.c	200	00437250	00434177	DrawMedalLongShot	DrawMedalLongShot	WC1-callgraph-single-low		mapped
src/screens.c	265	004373E0		MedalEstablish				unmapped
src/screens.c	306	004374B0		PinMedal				unmapped
src/screens.c	346	004375C0		DrawMedals				unmapped
src/screens.c	408	00437770		EstablishingShot				unmapped
src/screens.c	459	004378D0		DrawBriefingLongShot				unmapped
src/screens.c	483	00437980		ReturnToBriefingLongShot				unmapped
src/screens.c	550	00437B80	00433F94	Dismissed	Dismissed	WC1-callgraph-propagated		mapped
src/screens.c	632	00437DC0		DrawDebriefingLongShot				unmapped
src/screens.c	669	00437F20		DebriefingEstablishingShot				unmapped
src/screens.c	730	00438090		no_objectives_achieved				unmapped
src/screens.c	744	004380D0		wing_status				unmapped
src/screens.c	763	00438110		int_value				unmapped
src/screens.c	783	00438160	0041D591	ParseTests	ParseTests	WC1-fuzzy-very-low		mapped
src/screens.c	1012	00438B90		TalkerInit				unmapped
src/screens.c	1022	00438BC0		FreeTalker				unmapped
src/screens.c	1032	00438C00	00434BB5	SceneDirector	SceneDirector	WC1-fuzzy-very-low		mapped
src/screens.c	1253	00439070	00446710	DrawPodiumShot	DrawPodiumShot	WC1-fuzzy-very-low		mapped
src/screens.c	1277	00439150	004021A7	DrawBriefingCharacter	DrawBriefingCharacter	WC1-fuzzy-very-low		mapped
src/screens.c	1314	00439220	0042E868	DrawFuneralLongShot	DrawFuneralLongShot	WC1-callgraph-single-low		mapped
src/screens.c	1358	00439400	0040A2D0	SetViewportRect	SetViewportRect	WC1-fuzzy-medium		mapped
src/screens.c	1369	00439430	00433410	PanToScreen	PanToScreen	WC1-fuzzy-very-low		mapped
src/screens.c	1443	00439660	004697A0	death_sequence	death_sequence	WC1-callgraph-propagated	WC1-review-module-mismatch	mapped
src/screens.c	1515	00439840		ShowGetReadyScreen				unmapped
src/screens.c	1553	00439910	00408CC8	ShowVictoryScreen	ShowVictoryScreen	WC1-callgraph-propagated		mapped
src/screens.c	1608	00439A80		ShowGameOverScreen				unmapped
src/screens.c	1663	00439C0E		FillRasterBytes				unmapped
src/screens.c	1678	00439C3E	0040243C	CopyRasterDriverName	CopyRasterDriverName	WC1-fuzzy-high		mapped
src/screens.c	1691	00439C69	00402465	InstallRasterDriverCallbacks	InstallRasterDriverCallbacks	WC1-fuzzy-high		mapped
src/screens.c	1705	00439C88	00402484	SetRasterClipPixel	SetRasterClipPixel	WC1-auto-vt		mapped
src/screens.c	1826	00439D63	0040255F	ReadRasterClipPixel	ReadRasterClipPixel	WC1-auto-vt		mapped
src/screens.c	1942	00439E39	00402635	optimize	DrawClippedLine	WC1-auto-vt		mapped
src/screens.c	1959	0043A83B	00403037	optimize	FillRasterClipCheckerboard	WC1-auto-vt		mapped
src/screens.c	2126	0043A974	00403170	optimize	DrawRLEImage	WC1-auto-vt		mapped
src/screens.c	2616	0043AD78	00403574	optimize	DrawRLEImageUnclipped	WC1-auto-vt		mapped
src/screens.c	2733	0043AE3F	0040363B	SetPaletteTranslationTable	SetPaletteTranslationTable	WC1-fuzzy-medium		mapped
src/screens.c	2762	0043AE5E	0040365A	optimize	DrawRLEImageColor	WC1-auto-vt		mapped
src/screens.c	3311	0043B336	00403B32	optimize	DrawRLEImageColorUnclipped	WC1-auto-vt		mapped
src/screens.c	3456	0043B469	00403C65	optimize	RotateRLEImage	WC1-auto-vt		mapped
src/screens.c	3474	0043C015	00404811	optimize	GetRLEFrameBounds	WC1-auto-vt		mapped
src/screens.c	3491	0043C18D	00404989	EncodeRasterClipToRLEFrame	EncodeRasterClipToRLEFrame	WC1-auto-vt		mapped
src/screens.c	3507	0043C410	00404C0C	optimize	TranslateRLEFramePalette	WC1-auto-vt		mapped
src/screens.c	3523	0043C4A2	00404C9E	EncodeRLEScanline	EncodeRLEScanline	WC1-auto-vt		mapped
src/screens.c	3678	0043C62B	00404E27	EmitRLEScanlineRun	EmitRLEScanlineRun	WC1-auto-vt		mapped
src/screens.c	3881	0043C808	00405004	FillRasterClip	FillRasterClip	WC1-auto-vt		mapped
src/screens.c	4003	0043C8E7	004050E3	BlitRasterClip	BlitRasterClip	WC1-auto-vt		mapped
src/screens.c	4387	0043CC83	0040547F	ScrollRasterClipWrapped	ScrollRasterClipWrapped	WC1-auto-vt		mapped
src/screens.c	4403	0043CE80	0040567C	optimize	DrawRasterEllipse	WC1-auto-vt		mapped
src/screens.c	4419	0043D1C1	004059BD	FillRasterEllipse	FillRasterEllipse	WC1-auto-vt		mapped
src/screens.c	4746	0043E2D3	00406ACF	GetRLETransformTrig	GetRLETransformTrig	WC1-auto-vt		mapped
src/screens.c	4823	0043E38B	00406B87	CalculateRoundedRLEFixedProduct	CalculateRoundedRLEFixedProduct	WC1-auto-vt		mapped
src/screens.c	4851	0043E3B1	00406BAD	TransformRLEPoint	TransformRLEPoint	WC1-auto-vt		mapped
src/screens.c	4937	0043E478	00406C74	GetRawImageHeight	GetRawImageHeight	WC1-auto-vt		mapped
src/screens.c	4961	0043E48B	00406C87	GetRawFrameWidth	GetRawFrameWidth	WC1-auto-vt		mapped
src/screens.c	4988	0043E4AB	00406CA7	BlitRawFrame	BlitRawFrame	WC1-auto-vt		mapped
src/screens.c	5194	0043E63E	00406E3A	BlitSelectedRawFrames	BlitSelectedRawFrames	WC1-auto-vt		mapped
src/screens.c	5209	0043E675	00406E71	BlitRawScanline	BlitRawScanline	WC1-auto-vt		mapped
src/screens.c	5223	0043E784	00406F80	FindIFFChunkData	FindIFFChunkData	WC1-auto-vt		mapped
src/screens.c	5236	0043E7C6	00406FC2	DecodeIFFImage	DecodeIFFImage	WC1-auto-vt		mapped
src/screens.c	5250	0043E98D	00407189	CopyILBMPalette	CopyILBMPalette	WC1-auto-vt		mapped
src/screens.c	5261	0043E9BE	004071BA	GetILBMImageSize	GetILBMImageSize	WC1-auto-vt		mapped
src/screens.c	5272	0043E9EB	004071E7	DecodePCXImage	DecodePCXImage	WC1-auto-vt		mapped
src/screens.c	5286	0043EA6D	00407269	CopyPCXPaletteFromFileTail	CopyPCXPaletteFromFileTail	WC1-auto-vt		mapped
src/screens.c	5300	0043EA98	00407294	GetPCXImageSize	GetPCXImageSize	WC1-auto-vt		mapped
src/screens.c	5310	0043EABF	004072BB	ResetGIFLZWDictionary	ResetGIFLZWDictionary	WC1-auto-vt		mapped
src/screens.c	5322	0043EB07	00407303	ReadGIFDataSubBlockByte	ReadGIFDataSubBlockByte	WC1-auto-vt		mapped
src/screens.c	5332	0043EB20	0040731C	ReadGIFLZWCode	ReadGIFLZWCode	WC1-auto-vt		mapped
src/screens.c	5342	0043EB66	00407362	AppendGIFLZWDictionaryEntry	AppendGIFLZWDictionaryEntry	WC1-auto-vt		mapped
src/screens.c	5352	0043EBAC	004073A8	EmitGIFDecodedPixel	EmitGIFDecodedPixel	WC1-auto-vt		mapped
src/screens.c	5362	0043EC29	00407425	ExpandGIFLZWImage	ExpandGIFLZWImage	WC1-auto-vt		mapped
src/screens.c	5377	0043EE42	0040763E	CopyGIFPalette	CopyGIFPalette	WC1-auto-vt		mapped
src/screens.c	5390	0043EEA3	0040769F	GetGIFImageSize	GetGIFImageSize	WC1-auto-vt		mapped
src/screens.c	5401	0043EEDB	004076D7	GetRLEFrameDimensions	GetRLEFrameDimensions	WC1-auto-vt		mapped
src/screens.c	5415	0043EEFD	004076F9	GetRLEFrameExtents	GetRLEFrameExtents	WC1-auto-vt		mapped
src/screens.c	5429	0043EF20	0040771C	GetRLEImageSize	GetRLEImageSize	WC1-auto-vt		mapped
src/screens.c	5465	0043EF54	00407750	GetRLEImageOrigin	GetRLEImageOrigin	WC1-auto-vt		mapped
src/screens.c	5495	0043EF7E	0040777A	ApplyRLEFramePalette	ApplyRLEFramePalette	WC1-auto-vt		mapped
src/screens.c	5509	0043EFC9	004077C5	CopyRLEFramePalette	CopyRLEFramePalette	WC1-auto-vt		mapped
src/screens.c	5523	0043F011	0040780D	SetRLEFramePalette	SetRLEFramePalette	WC1-auto-vt		mapped
src/screens.c	5537	0043F05B	00407857	GetRLEFrameCount	GetRLEFrameCount	WC1-auto-vt		mapped
src/screens.c	5558	0043F06E	0040786A	CollectUniqueRLEImageFrames	CollectUniqueRLEImageFrames	WC1-auto-vt		mapped
src/screens.c	5572	0043F0D0	004078CC	CollectUniqueRLEPaletteFrames	CollectUniqueRLEPaletteFrames	WC1-auto-vt		mapped
src/screens.c	5586	0043F425	00407C21	FadeRasterPaletteToPalette	FadeRasterPaletteToPalette	WC1-auto-vt		mapped
src/screens.c	5602	0043F5A9	00407DA5	CollectRasterClipColours	CollectRasterClipColours	WC1-auto-vt		mapped
src/ship.c	39	0041E650		check_for_lost_control				unmapped
src/ship.c	64	0041E900	00411A50	send_appropriate_message	send_appropriate_message	WC1-fuzzy-followup		mapped
src/ship.c	93	0041E9B0	00411C72	inflict_damage	inflict_damage	WC1-callgraph-propagated		mapped
src/ship.c	190	0041EC60	0041262D	pilot_hit	pilot_hit	WC1-fuzzy-low		mapped
src/ship.c	210	0041ECE0	0041270A	onboard_explosion	onboard_explosion	WC1-fuzzy-very-low		mapped
src/ship.c	240	0041EDB0	0041280B	call_enemy	call_enemy	WC1-fuzzy-followup		mapped
src/ship.c	256	0041EE20	004128A7	internal_damage	internal_damage	WC1-fuzzy-followup		mapped
src/ship.c	376	0041F1A0	00412F03	revise_shields	revise_shields	WC1-fuzzy-low		mapped
src/ship.c	392	0041F220	00413099	your_internal_damage	your_internal_damage	WC1-fuzzy-low		mapped
src/ship.c	538	0041F5D0	00412F90	check_computer_damage	check_computer_damage	WC1-fuzzy-low		mapped
src/ship.c	545	0041F5F0	00413578	ReportComponentRepaired	ReportComponentRepaired	WC1-auto-vt		mapped
src/ship.c	561	0041F660	004135F1	repair_internal_damage	repair_internal_damage	WC1-fuzzy-followup		mapped
src/ship.c	603	0041F700	004136E2	Create_ship_hit_debris	Create_ship_hit_debris	WC1-fuzzy-very-low		mapped
src/ship.c	628	0041F7C0		check_next_wave				unmapped
src/ship.c	645	0041F800	004115F8	Create_explosion_debris	Create_explosion_debris	WC1-fuzzy-very-low		mapped
src/ship.c	697	0041F9E0	00413D61	affect_mission_score	affect_mission_score	WC1-fuzzy-medium		mapped
src/ship.c	748	0041FA90	00413E4C	score_for_kill	score_for_kill	WC1-fuzzy-followup		mapped
src/ship.c	788	0041FB40	00413F58	analyze_kill	analyze_kill	WC1-callgraph-propagated		mapped
src/ship.c	807	0041FBC0	0042A313	ShipExplosion	ShipExplosion	WC1-fuzzy-very-low		mapped
src/ship.c	837	0041FCD0	0041444C	Explosion	SoundTbl0059b560FnFCD0	WC1-fuzzy-followup		mapped
src/ship.c	910	0041FEB0		the_creator				unmapped
src/ship.c	926	0041FEE0	00414025	explosion_shock_wave	explosion_shock_wave	WC1-callgraph-propagated		mapped
src/ship.c	976	00420040	00414835	explode	explode	WC1-callgraph-propagated		mapped
src/ship.c	1040	00420190		send_at_point				unmapped
src/ship.c	1050	004201D0	00410020	find_child_object	find_child_object	WC1-callgraph-single-low		mapped
src/ship.c	1065		00410161	IsCapitalShipObject	IsCapitalShipObject	WC2-only		wc2-only
src/ship.c	1073	00420210	00414CA9	find_child_ship	find_child_ship	WC1-fuzzy-low		mapped
src/ship.c	1091	00420260	00414D3D	launch_object	launch_object	WC1-fuzzy-low		mapped
src/ship.c	1105	004202D0	00414DC0	fire	fire	WC1-fuzzy-followup		mapped
src/ship.c	1260	004207E0	00415508	hemisphere	hemisphere	WC1-fuzzy-very-low		mapped
src/ship.c	1272	00420840	00415563	fire_flack	fire_flack	WC1-callgraph-propagated		mapped
src/ship.c	1291	004208C0		rnd_sign				unmapped
src/ship.c	1299	004208E0	0040A556	rnd_aim	rnd_aim	WC1-fuzzy-low		mapped
src/ship.c	1309	00420920	00444F53	pop_flack	pop_flack	WC1-callgraph-propagated		mapped
src/ship.c	1347	00420AA0	004159DB	fire_turrets	fire_turrets	WC1-callgraph-propagated		mapped
src/ship.c	1407	00420C20	00415E2C	fire_weapon	fire_weapon	WC1-callgraph-propagated		mapped
src/smart.c	10	00433AC0	0041E4E0	steer_away_from_object	steer_away_from_object	WC1-fuzzy-very-low		mapped
src/smart.c	35	00433B90	0041E5C8	steer_away_from_predicted_object	steer_away_from_predicted_object	WC1-fuzzy-very-low		mapped
src/smart.c	62	00433C80	0041E6C8	prevent_collision	prevent_collision	WC1-fuzzy-followup		mapped
src/smart.c	107	00433D90	0041E860	handle_collisions	handle_collisions	WC1-manual-verified		mapped
src/smart.c	120	00433DE0	00421CF6	regulate_turn	regulate_turn	WC1-fuzzy-very-low		mapped
src/smart.c	139	00433E50	0041EA86	select_target	select_target	WC1-fuzzy-very-low		mapped
src/smart.c	157	00433EC0	0041EB1D	veer_random	veer_random	WC1-fuzzy-low		mapped
src/smart.c	177	00433F50	0041EBC1	offset_location	offset_location	WC1-manual-verified		mapped
src/smart.c	191	00433FF0	0041EC73	compute_formation_destination	compute_formation_destination	WC1-fuzzy-low		mapped
src/smart.c	206	00434040	0041ECEF	control_speed	control_speed	WC1-fuzzy-followup		mapped
src/smart.c	230	004340F0	0041EDCC	chase_location	chase_location	WC1-fuzzy-low		mapped
src/smart.c	283	004342C0	0041EFFE	goto_location	goto_location	WC1-fuzzy-low		mapped
src/smart.c	311	00434360	0041F0C5	goto_formation	goto_formation	WC1-fuzzy-low		mapped
src/smart.c	355	004344E0	0041F2C5	maintain_formation	maintain_formation	WC1-manual-verified		mapped
src/smart.c	370	00434550	0041F337	reset_stress	reset_stress	WC1-manual-verified		mapped
src/smart.c	392	004345D0	0041F3EF	stress_morale	stress_morale	WC1-fuzzy-low		mapped
src/smart.c	402	004345F0		any_defense				unmapped
src/smart.c	416	00434630	0041F4C6	pick_regular_maneuver	pick_regular_maneuver	WC1-fuzzy-followup		mapped
src/smart.c	469	00434800	0041F714	pick_from_list	pick_from_list	WC1-fuzzy-followup		mapped
src/smart.c	495	004348A0	0041F83F	pick_kilrathi_maneuver	pick_kilrathi_maneuver	WC1-callgraph-propagated		mapped
src/smart.c	515	00434900		process_maneuver_node				unmapped
src/smart.c	540	00434980	0041FD2B	handle_stress	handle_stress	WC1-fuzzy-very-low		mapped
src/smart.c	587	00434A80	0041FF37	intelligence_events	intelligence_events	WC1-callgraph-propagated		mapped
src/smart.c	659	00434C70	00440571	chase_speed	chase_speed	WC1-callgraph-propagated		mapped
src/sound.c	9	0042B410	00465CBC	ReleaseFinishedSoundEntries	ReleaseFinishedSoundEntries	WC1-fuzzy-low		mapped
src/sound.c	25	0042B450	0042D444	StopSoundsUsingWave	StopSoundsUsingWave	WC1-callgraph-single-low		mapped
src/sound.c	45	0042B4A0	0042418C	playWAVE	playWAVE	WC1-fuzzy-followup		mapped
src/sound.c	106	0042B640	004245A2	stop_all_sounds	stop_all_sounds	WC1-auto-vt		mapped
src/sound.c	127	0042B680	004245F8	PlaySnowStaticSound	PlaySnowStaticSound	WC1-fuzzy-high		mapped
src/sound.c	169	0042B7D0	0042476B	ServiceSoundSystem	ServiceSoundSystem	WC1-order-exact		mapped
src/sound.c	175	0042B7E0	0042482E	SetSoundEffectsVolume	HelperOf427F20A	WC1-fuzzy-very-low		mapped
src/sound.c	183	0042B810	0042485C	RegistryQueryValue	RegistryQueryValue	WC1-callgraph-propagated		mapped
src/sound.c	190	0042B840	00424888	RegistryStoreValue	RegistryStoreValue	WC1-callgraph-propagated		mapped
src/sound.c	197	0042B870	004248B4	LoadVolumeSettingsFromRegistry	LoadVolumeSettingsFromRegistry	WC1-fuzzy-low		mapped
src/sound.c	227	0042B930	00424980	SaveVolumeSettingsToRegistry	SaveVolumeSettingsToRegistry	WC1-fuzzy-low		mapped
src/sound.c	245	0042B9A0	00459160	DrawLaunchDoorFrame	GetUiFnB9A0	WC1-fuzzy-very-low		mapped
src/sound.c	293	0042BA90	0042ECCB	LaunchPlayerShip	BlitUiFnBA90	WC1-fuzzy-very-low		mapped
src/sound.c	356	0042BC00	0043B7C0	ShowCarrierLaunchSequence	ShowCarrierLaunchSequence	WC1-fuzzy-very-low		mapped
src/sound.c	637	0042C410		FxDriverShutdownHook				unmapped
src/sound.c	642	0042C420		InitializeDiskPromptTextContext				unmapped
src/sound.c	683	0042C510	00432E23	RewriteDiskFileGraphicsExtensions	RewriteDiskFileGraphicsExtensions	WC1-auto-vt		mapped
src/sound.c	721	0042C580	00401000	LoadWingCmdrCfgFile	LoadWingCmdrCfgFile	WC1-fuzzy-followup		mapped
src/sound.c	763	0042C660	0042949F	LoadInstallDat	LoadInstallDat	WC1-callgraph-propagated		mapped
src/sound.c	850	0042C800	00401120	show_damage_disp	show_damage_disp	WC1-fuzzy-followup		mapped
src/sound.c	894	0042C970	004012E1	UpdateDamageDisplay	DrawTbl0059bff0FnC970	WC1-fuzzy-very-low		mapped
src/sound.c	1062	0042CDA0		GetJoystickPresentUnused				unmapped
src/spc.c	17	004102B0	00418770	CalibrateJoystickInteractive	CalibrateJoystickInteractive	WC1-fuzzy-high		mapped
src/spc.c	163	004106C0	00418D14	WaitForJoystickButtonRelease	WaitForJoystickButtonRelease	WC1-manual-verified		mapped
src/spc.c	175	00410700	00418D5F	WaitForJoystickButtonPress	WaitForJoystickButtonPress	WC1-manual-verified		mapped
src/spc.c	187	00410740	0044ADE0	SetFleetOverviewView	LoopUiFn0740	WC1-fuzzy-very-low		mapped
src/spc.c	284	00410A30	00419C10	rotate_eye_to_goal	rotate_eye_to_goal	WC1-manual-verified		mapped
src/spc.c	307	00410AD0	00419CDC	GetVectorMagnitude	GetVectorMagnitude	WC1-fuzzy-followup		mapped
src/spc.c	313	00410AF0	00419D01	set_eye_direction_and_position	DispatchTbl0059c014Fn0AF0	WC1-callgraph-propagated		mapped
src/spc.c	625	004117B0	0041AD51	force_view	DoUiFn17B0	WC1-callgraph-propagated		mapped
src/spc.c	633	004117D0	0041AE40	new_view	DispatchTbl0059b9e0Fn17D0	WC1-fuzzy-very-low		mapped
src/spc.c	831	00411EC0	0041B62E	start_dust	GetTbl0059cd90Fn1EC0	WC1-fuzzy-followup		mapped
src/spc.c	859	00411FE0	0041B762	generate_stars	generate_stars	WC1-fuzzy-followup		mapped
src/spc.c	904	00412100	0041B8D6	update_star_field	update_star_field	WC1-fuzzy-followup		mapped
src/spc.c	1022	00412410	0041BD44	count_down	count_down	WC1-manual-verified		mapped
src/spc.c	1030	00412430	0041BD81	house_keep_objects	ScanTbl0059b560Fn2430	WC1-callgraph-propagated		mapped
src/spc.c	1163	00412820	0041C7ED	update_objects_in_space	ScanTbl0059d100Fn2820	WC1-callgraph-propagated		mapped
src/spc.c	1213	00412920	0041CB3C	rotate_object	GetTbl0059b2a0Fn2920	WC1-fuzzy-low		mapped
src/spc.c	1231	004129A0	0041CC0A	accelerate_and_move_object	GetTbl0059c3c0Fn29A0	WC1-fuzzy-followup		mapped
src/spc.c	1340	00412CD0	0041D07B	animate_shape	SoundTbl0059de40Fn2CD0	WC1-fuzzy-very-low		mapped
src/spc.c	1388	00412E30	0041D2DA	animate_object	SoundTbl0059de40Fn2E30	WC1-fuzzy-followup		mapped
src/spc.c	1445	00413030	0041D4C7	hit_asteroid	ScanTbl0059c010Fn3030	WC1-fuzzy-low		mapped
src/spc.c	1463	004130D0	00445087	object_collision	object_collision	WC1-callgraph-propagated		mapped
src/spc.c	1699	00413880	0041E276	object_intelligence	DispatchTbl0059d100Fn3880	WC1-callgraph-propagated		mapped
src/strdos.c	9	00435410		DosFarPtrToNear				unmapped
src/strdos.c	15	00435420	00462452	DosNearPtrToFar	DoLocalFn5420	WC1-callgraph-propagated		mapped
src/strdos.c	21	00435430	00462465	DosStrrchr	DosStrrchr	WC1-auto-vt		mapped
src/strdos.c	27	00435450	00462486	DosStrchr	DosStrchr	WC1-callgraph-propagated		mapped
src/strdos.c	33	00435470		DosStrcpy				unmapped
src/strdos.c	39	004354A0		CopyFarString				unmapped
src/strdos.c	45	004354D0	0046250B	DosStrlen	DosStrlen	WC1-callgraph-propagated		mapped
src/strdos.c	51	004354F0		DosMemcpy				unmapped
src/strdos.c	57	00435510		DosMemset				unmapped
src/strdos.c	63	00435550		GetEventManagerStatus				unmapped
src/strdos.c	69	00435560		RegisterEventManagerShutdown				unmapped
src/strdos.c	74	00435570		InitializeEventManager				unmapped
src/strdos.c	85	00435590		ShutdownEventManager				unmapped
src/strdos.c	91	004355A0		ConfigureEventManagerPointer				unmapped
src/strdos.c	98	004355C0	00464E35	EventManagerHook	EventManagerHook	WC1-callgraph-propagated		mapped
src/strdos.c	104	004355D0	00464E4F	SetEventManagerPump	SetEventManagerPump	WC1-callgraph-propagated		mapped
src/sysinput.c	9	00402E80	00423C60	SetMousePosition	SetMousePosition	WC1-callgraph-propagated		mapped
src/sysinput.c	15	00402EA0	00455AC8	PollKeyboardState	PollKeyboardState	WC1-fuzzy-very-low		mapped
src/sysinput.c	64	00403060	00455E8F	GetShiftKeyState	GetShiftKeyState	WC1-fuzzy-medium		mapped
src/sysinput.c	70	00403070	00455EBF	GetControlKeyState	GetControlKeyState	WC1-fuzzy-medium		mapped
src/sysinput.c	76	00403080	00455EAA	GetKeyboardModifiers	ReadDAT005a8964	WC1-callgraph-propagated		mapped
src/sysinput.c	82	00403090	00455EF5	GetGameClockTicks	GetGameClockTicks	WC1-callgraph-propagated		mapped
src/sysinput.c	88	004030B0	00455F23	InitGameClockEpoch	InitGameClockRandomEpoch	WC1-auto-vt		mapped
src/sysinput.c	94	004030D0	00455697	WriteDebugString	WriteDebugString	WC1-callgraph-single-low		mapped
src/sysinput.c	100	004030E0		SetMousePositionDuplicate				unmapped
src/system.c	9	00427080		RunTrainSim				unmapped
src/system.c	105	004272F0	0046579D	LogMemoryUsage	LogMemoryUsage	WC1-callgraph-propagated	WC1-review-module-mismatch	mapped
src/system.c	125	00427370	00437AB4	exit_squadron	exit_squadron	WC1-callgraph-propagated		mapped
src/system.c	138	004273C0	00437AEC	ShowMemoryStatusDebug	ShowMemoryStatusDebug	WC1-fuzzy-very-low		mapped
src/system.c	165	004274C0		GetJoystickButtonEdge				unmapped
src/text.c	11	00433910		show_info_disp				unmapped
src/winmain.c	9	00401000	00417550	SaveGamePalette	SaveGamePalette	WC1-callgraph-propagated		mapped
src/winmain.c	24	00401020		RestoreGamePalette				unmapped
src/winmain.c	31	00401040		easy2see				unmapped
src/winmain.c	54	004010C0	004176D2	make_shard	make_shard	WC1-fuzzy-followup		mapped
src/winmain.c	90	004011D0	00417838	remove_hazard	remove_hazard	WC1-order-exact		mapped
src/winmain.c	99	00401210	0041787A	remove_all_hazards	remove_all_hazards	WC1-order-exact		mapped
src/winmain.c	112	00401250	004178E5	difficulty	difficulty	WC1-manual-verified		mapped
src/winmain.c	118	00401270	00417916	asteroid_velocity	asteroid_velocity	WC1-fuzzy-followup		mapped
src/winmain.c	124	00401290	00417941	skew_randomly	skew_randomly	WC1-fuzzy-low		mapped
src/winmain.c	148	00401390	00417AD7	align	align	WC1-order-exact		mapped
src/winmain.c	158	004013B0	00417AF9	init_hazard	init_hazard	WC1-fuzzy-followup		mapped
src/winmain.c	238	00401680	00417EA4	near_field	near_field	WC1-manual-verified		mapped
src/winmain.c	246	004016A0	00417ED4	within_field	within_field	WC1-manual-verified		mapped
src/winmain.c	253	004016C0	00417EFF	try_far_spot	try_far_spot	WC1-fuzzy-followup		mapped
src/winmain.c	300	00401870	00418175	rear_sphere	rear_sphere	WC1-fuzzy-very-low		mapped
src/winmain.c	307	00401890	004181A2	ok_hazard_spot	ok_hazard_spot	WC1-manual-verified		mapped
src/winmain.c	319	004018D0	0041820B	make_hazard	make_hazard	WC1-manual-verified		mapped
src/winmain.c	333	00401930	00418288	extra_hazard	extra_hazard	WC1-manual-verified		mapped
src/winmain.c	340	00401950	004182B6	approach	approach	WC1-callgraph-propagated		mapped
src/winmain.c	355	004019E0	0041836E	manage_hazard	manage_hazard	WC1-fuzzy-very-low		mapped
src/winmain.c	371	00401A60	00418426	match_ship_to_eye	match_ship_to_eye	WC1-manual-verified		mapped
src/winmain.c	385	00401B30	004184F6	update_hazards	update_hazards	WC1-fuzzy-low		mapped
src/winmain.c	409	00401BC0	004185CC	start_hazard_field	start_hazard_field	WC1-order-exact		mapped
src/winmain.c	422	00401C00	00418626	add_hazard_field	add_hazard_field	WC1-manual-verified		mapped
src/winmain.c	439	00401C60	004186A4	check_hazards	check_hazards	WC1-manual-verified		mapped
src/winmain.c	465	00401CE0	004199F0	WarpMouseTo	SetInputFn1CE0	WC1-callgraph-propagated		mapped
src/winmain.c	481	00401D10	00453C95	CheckLauncherAndConfig	CheckLauncherAndConfig	WC1-fuzzy-followup		mapped
src/winmain.c	538	00401E30	00453E60	WinMain	WinMain	WC1-callgraph-transfer		mapped
src/winmain.c	618	00402070	00454103	ShutdownGameWindow	ShutdownGameWindow	WC1-fuzzy-high		mapped
src/winmain.c	658	004020E0	0045418B	ShowNoticeMessageBox	ShowNoticeMessageBox	WC1-fuzzy-medium		mapped
src/winmain.c	666	00402110	0045422D	AbortToDesktop	AbortToDesktop	WC1-fuzzy-medium		mapped
src/winmain.c	692	00402180	004542B7	CreateMainWindow	CreateMainWindow	WC1-fuzzy-very-low		mapped
src/winmain.c	746	00402320	0045445A	PumpWindowMessages	PumpWindowMessages	WC1-fuzzy-very-low		mapped
src/winmain.c	830	00402520		GetF1KeyLatch				unmapped
src/winmain.c	838	00402530	00454625	MainWindowProc	MainWindowProc	WC1-callgraph-propagated		mapped
src/winmain.c	977	00402A20	004551E7	GetJoystickPosition	GetJoystickPosition	WC1-manual-verified		mapped
src/winmain.c	1025	00402AC0	00455346	GetJoystickButtons	GetJoystickButtons	WC1-manual-verified		mapped
src/winmain.c	1032	00402AE0	0045536F	GetJoystickDevCaps	GetJoystickDevCaps	WC1-callgraph-propagated		mapped
src/winmain.c	1070	00402B80	00455427	GetApplicationInstance	ReadDAT005a8a40	WC1-order-exact		mapped
src/winmain.c	1076	00402B90	0045543C	GetMainWindowHandle	GetMainWindowHandle	WC1-order-exact		mapped
src/winmain.c	1084	00402BA0	00455451	GetMainWindowDeviceContext	GetMainWindowDeviceContext	WC1-order-exact		mapped
src/winmain.c	1092	00402BB0	00455466	AllocateGuardedMemory	AllocateGuardedMemory	WC1-callgraph-propagated		mapped
src/winmain.c	1129	00402CA0	00455565	ReportHeapGuardCorruption	ReportHeapGuardCorruption	WC1-auto-vt		mapped
src/winmain.c	1144	00402D40	00462890	CheckAllGuardedAllocations	CheckAllGuardedAllocations	WC1-fuzzy-very-low		mapped
src/winmain.c	1209	00402DB0	004138A8	FreeGuardedAllocation	HelperOf42FAE0A	WC1-fuzzy-very-low		mapped
