source_file	left_wc1	left_wc2	right_wc1	right_wc2	gap_count_wc1	gap_count_wc2	ordinal	wc1_address	wc1_name	wc1_instruction_count	proposed_wc2_address	wc2_current_name	wc2_instruction_count	current_wc2_address	current_binary_similarity	target_occupant_wc1	status
src/brains.c	004064F0	00440967	004068D0	00440F01	3	3	1	004065A0	Msit_n_spin	140	00440A93	Msit_n_spin	163	00440A93	87.93	004065A0	confirmed-order
src/brains.c	004064F0	00440967	004068D0	00440F01	3	3	2	004067A0	Mturn_n_spin	55	00440D0B	Mturn_n_spin	83	00440D0B	88.89	004067A0	confirmed-order
src/brains.c	004064F0	00440967	004068D0	00440F01	3	3	3	00406860	Mburnout	35	00440E46	Mburnout	58	00440E46	87.72	00406860	confirmed-order
src/brains.c	004068D0	00440F01	00406990	004410C0	1	1	1	00406910	Mturn_n_kick	47	00440F76	Mturn_n_kick	91	00440F76	69.23	00406910	confirmed-order
src/brains.c	00406A50	004411E1	00406C70	004415DC	3	3	1	00406B60	Mtry2tail	40	00441379	Mtry2tail	73	00441379	54.79	00406B60	confirmed-order
src/brains.c	00406A50	004411E1	00406C70	004415DC	3	3	2	00406BD0	Msplit_left	22	0044145A	Msplit_left	57	0044145A	66.07	00406BD0	confirmed-order
src/brains.c	00406A50	004411E1	00406C70	004415DC	3	3	3	00406C20	Msplit_right	22	0044151B	Msplit_right	57	0044151B	66.07	00406C20	confirmed-order
src/brains.c	00406D80	00441742	00406E10	00441C01	0	7	1				00441837	FUN_00441837	32				wc2-insertion
src/brains.c	00406D80	00441742	00406E10	00441C01	0	7	2				00441895	FUN_00441895	17				wc2-insertion
src/brains.c	00406D80	00441742	00406E10	00441C01	0	7	3				004418B2	FUN_004418B2	68				wc2-insertion
src/brains.c	00406D80	00441742	00406E10	00441C01	0	7	4				0044199B	Mram_missile	41			00406EC0	wc2-insertion
src/brains.c	00406D80	00441742	00406E10	00441C01	0	7	5				00441A13	Mbuzz_debris	70			00406F20	wc2-insertion
src/brains.c	00406D80	00441742	00406E10	00441C01	0	7	6				00441AFC	Mstrafe_enemy	58			00406FB0	wc2-insertion
src/brains.c	00406D80	00441742	00406E10	00441C01	0	7	7				00441BC1	Mbest_strafe	26			00407030	wc2-insertion
src/brains.c	00406F20	00441A13	00407030	00441BC1	1	1	1	00406FB0	Mstrafe_enemy	43	00441AFC	Mstrafe_enemy	58	00441AFC	55.17	00406FB0	confirmed-order
src/brains.c	00407030	00441BC1	00407060	00441D00	0	1	1				00441C01	Mtarget_missile	76			00406E10	wc2-insertion
src/brains.c	004071E0	00441EC8	00407350	0044210C	1	1	1	00407270	general_zig	55	00441F86	general_zig	93	00441F86	65.93	00407270	confirmed-order
src/brains.c	004075A0	00442421	004075B0	004424C2	0	2	1				00442438	FUN_00442438	17				wc2-insertion
src/brains.c	004075A0	00442421	004075B0	004424C2	0	2	2				00442455	FUN_00442455	40				wc2-insertion
src/brains.c	004075C0	004424CD	00407710	00447170	1	67	1	004075D0	perform_maneuver	104	004424E4	perform_maneuver	164	004424E4	65.85	004075D0	unequal-gap-position
src/brains.c	004075C0	004424CD	00407710	00447170	1	67	2				00442770	cruise_home	155			00409760	wc2-insertion
src/brains.c	004075C0	004424CD	00407710	00447170	1	67	3				004429A7	FUN_004429A7	15				wc2-insertion
src/brains.c	004075C0	004424CD	00407710	00447170	1	67	4				004429C0	FUN_004429C0	124				wc2-insertion
src/brains.c	004075C0	004424CD	00407710	00447170	1	67	5				00442B78	run_away	99			004099C0	wc2-insertion
src/brains.c	004075C0	004424CD	00407710	00447170	1	67	6				00442CC3	check_engage_target	45			00409AC0	wc2-insertion
src/brains.c	004075C0	004424CD	00407710	00447170	1	67	7				00442D58	check_destroy_target	113			00409B10	wc2-insertion
src/brains.c	004075C0	004424CD	00407710	00447170	1	67	8				00442EFC	maneuvering	21			00409C20	wc2-insertion
src/brains.c	004075C0	004424CD	00407710	00447170	1	67	9				00442F2D	formation_burst	57			00409C50	wc2-insertion
src/brains.c	004075C0	004424CD	00407710	00447170	1	67	10				00442FE9	disallow_engage	11			00409CE0	wc2-insertion
src/brains.c	004075C0	004424CD	00407710	00447170	1	67	11				00442FFD	allow_engage	12			00409CF0	wc2-insertion
src/brains.c	004075C0	004424CD	00407710	00447170	1	67	12				0044301A	try2allow_engage	33			00409D10	wc2-insertion
src/brains.c	004075C0	004424CD	00407710	00447170	1	67	13				00443095	imperial_formation	157			00409D60	wc2-insertion
src/brains.c	004075C0	004424CD	00407710	00447170	1	67	14				004432EB	formation_break	52			00409F00	wc2-insertion
src/brains.c	004075C0	004424CD	00407710	00447170	1	67	15				004433B1	imperial_wingman	64			00409F80	wc2-insertion
src/brains.c	004075C0	004424CD	00407710	00447170	1	67	16				00443499	kilrathi_wingman	103			0040A030	wc2-insertion
src/brains.c	004075C0	004424CD	00407710	00447170	1	67	17				00443631	wingman_mission	23			0040A130	wc2-insertion
src/brains.c	004075C0	004424CD	00407710	00447170	1	67	18				0044366D	dist_from_home	19			0040A160	wc2-insertion
src/brains.c	004075C0	004424CD	00407710	00447170	1	67	19				00443698	scan_and_lock	32			0040A180	wc2-insertion
src/brains.c	004075C0	004424CD	00407710	00447170	1	67	20				00443707	patrol_area	158			0040A1C0	wc2-insertion
src/brains.c	004075C0	004424CD	00407710	00447170	1	67	21				00443930	kilrathi_patrol	53			0040A360	wc2-insertion
src/brains.c	004075C0	004424CD	00407710	00447170	1	67	22				00443A08	cruise_to_destination	159			0040A410	wc2-insertion
src/brains.c	004075C0	004424CD	00407710	00447170	1	67	23				00443C45	prepare_for_jump	81			0040A540	wc2-insertion
src/brains.c	004075C0	004424CD	00407710	00447170	1	67	24				00443D6E	accelerate_and_jump	27			0040A630	wc2-insertion
src/brains.c	004075C0	004424CD	00407710	00447170	1	67	25				00443DBD	reach_warp	57			0040A670	wc2-insertion
src/brains.c	004075C0	004424CD	00407710	00447170	1	67	26				00443E8C	FUN_00443E8C	26				wc2-insertion
src/brains.c	004075C0	004424CD	00407710	00447170	1	67	27				00443EE9	warp_arrival	24			0040A710	wc2-insertion
src/brains.c	004075C0	004424CD	00407710	00447170	1	67	28				00443F28	return_to_buddy	47			0040A740	wc2-insertion
src/brains.c	004075C0	004424CD	00407710	00447170	1	67	29				00443FA2	escort_buddy	29			0040A7A0	wc2-insertion
src/brains.c	004075C0	004424CD	00407710	00447170	1	67	30				00443FE4	escort_mission	121			0040A7D0	wc2-insertion
src/brains.c	004075C0	004424CD	00407710	00447170	1	67	31				00444199	check_goal	29			0040A900	wc2-insertion
src/brains.c	004075C0	004424CD	00407710	00447170	1	67	32				004441E5	streak_toward	59			0040A940	wc2-insertion
src/brains.c	004075C0	004424CD	00407710	00447170	1	67	33				00444291	approach_and_engage	116			0040A9B0	wc2-insertion
src/brains.c	004075C0	004424CD	00407710	00447170	1	67	34				00444420	strike_mission	172			0040AAC0	wc2-insertion
src/brains.c	004075C0	004424CD	00407710	00447170	1	67	35				004446C9	return_to_master	40			0040ABB0	wc2-insertion
src/brains.c	004075C0	004424CD	00407710	00447170	1	67	36				0044472C	defend_mission	155			0040AC00	wc2-insertion
src/brains.c	004075C0	004424CD	00407710	00447170	1	67	37				00444966	rendezvous_mission	116			0040AD80	wc2-insertion
src/brains.c	004075C0	004424CD	00407710	00447170	1	67	38				00444ADC	ship_intelligence	108			0040AE80	wc2-insertion
src/brains.c	004075C0	004424CD	00407710	00447170	1	67	39				00444C80	orbit_sphere	73			0040AF70	wc2-insertion
src/brains.c	004075C0	004424CD	00407710	00447170	1	67	40				00444D5C	tanker_intelligence	76			0040B010	wc2-insertion
src/brains.c	004075C0	004424CD	00407710	00447170	1	67	41				00444E51	destroyer_intelligence	32			0040B0C0	wc2-insertion
src/brains.c	004075C0	004424CD	00407710	00447170	1	67	42				00444EA7	stationary_intelligence	42			0040B110	wc2-insertion
src/brains.c	004075C0	004424CD	00407710	00447170	1	67	43				00444F53	FUN_00444F53	92				wc2-insertion
src/brains.c	004075C0	004424CD	00407710	00447170	1	67	44				00445087	FUN_00445087	723				wc2-insertion
src/brains.c	004075C0	004424CD	00407710	00447170	1	67	45				00445AAC	capital_ship_intelligence	184			0040B140	wc2-insertion
src/brains.c	004075C0	004424CD	00407710	00447170	1	67	46				00445D9A	futurion_intelligence	46			0040B320	wc2-insertion
src/brains.c	004075C0	004424CD	00407710	00447170	1	67	47				00445E68	heat_seeking_missile_intelligence	169			0040B430	wc2-insertion
src/brains.c	004075C0	004424CD	00407710	00447170	1	67	48				00446133	FF_missile_intelligence	143			0040B570	wc2-insertion
src/brains.c	004075C0	004424CD	00407710	00447170	1	67	49				00446395	FUN_00446395	59				wc2-insertion
src/brains.c	004075C0	004424CD	00407710	00447170	1	67	50				00446474	mine_intelligence	62			0040B3A0	wc2-insertion
src/brains.c	004075C0	004424CD	00407710	00447170	1	67	51				00446560	FUN_00446560	12				wc2-insertion
src/brains.c	004075C0	004424CD	00407710	00447170	1	67	52				00446580	FUN_00446580	17				wc2-insertion
src/brains.c	004075C0	004424CD	00407710	00447170	1	67	53				004465A0	PacketLoad	98			0042B050	wc2-insertion
src/brains.c	004075C0	004424CD	00407710	00447170	1	67	54				00446710	DrawPodiumShot	67			00439070	wc2-insertion
src/brains.c	004075C0	004424CD	00407710	00447170	1	67	55				00446823	FUN_00446823	61				wc2-insertion
src/brains.c	004075C0	004424CD	00407710	00447170	1	67	56				00446910	DosStrcat	25			0041C740	wc2-insertion
src/brains.c	004075C0	004424CD	00407710	00447170	1	67	57				00446950	FUN_00446950	11				wc2-insertion
src/brains.c	004075C0	004424CD	00407710	00447170	1	67	58				00446960	FUN_00446960	18				wc2-insertion
src/brains.c	004075C0	004424CD	00407710	00447170	1	67	59				0044698F	FUN_0044698F	42				wc2-insertion
src/brains.c	004075C0	004424CD	00407710	00447170	1	67	60				00446A1D	FUN_00446A1D	82				wc2-insertion
src/brains.c	004075C0	004424CD	00407710	00447170	1	67	61				00446B6A	FUN_00446B6A	94				wc2-insertion
src/brains.c	004075C0	004424CD	00407710	00447170	1	67	62				00446CC2	FUN_00446CC2	29				wc2-insertion
src/brains.c	004075C0	004424CD	00407710	00447170	1	67	63				00446D0D	FUN_00446D0D	30				wc2-insertion
src/brains.c	004075C0	004424CD	00407710	00447170	1	67	64				00446D55	FUN_00446D55	86				wc2-insertion
src/brains.c	004075C0	004424CD	00407710	00447170	1	67	65				00446E9D	FUN_00446E9D	38				wc2-insertion
src/brains.c	004075C0	004424CD	00407710	00447170	1	67	66				00446F14	FUN_00446F14	57				wc2-insertion
src/brains.c	004075C0	004424CD	00407710	00447170	1	67	67				00446FC8	FUN_00446FC8	95				wc2-insertion
src/brains.c	00409AC0	00442CC3	00409C20	00442EFC	1	1	1	00409B10	check_destroy_target	77	00442D58	check_destroy_target	113	00442D58	84.96	00409B10	confirmed-order
src/brains.c	00409F80	004433B1	0040A130	00443631	1	1	1	0040A030	kilrathi_wingman	89	00443499	kilrathi_wingman	103	00443499	87.13	0040A030	confirmed-order
src/brains.c	0040A180	00443698	0040A360	00443930	1	1	1	0040A1C0	patrol_area	137	00443707	patrol_area	158	00443707	81.13	0040A1C0	confirmed-order
src/brains.c	0040A360	00443930	0040A410	00443A08	1	0	1	0040A400	imperial_wingleader	5							wc1-elimination
src/brains.c	0040A410	00443A08	0040A630	00443D6E	1	1	1	0040A540	prepare_for_jump	73	00443C45	prepare_for_jump	81	00443C45	80.23	0040A540	confirmed-order
src/brains.c	0040A670	00443DBD	0040A710	00443EE9	0	1	1				00443E8C	FUN_00443E8C	26				wc2-insertion
src/brains.c	0040A940	004441E5	0040ABB0	004446C9	2	2	1	0040A9B0	approach_and_engage	101	00444291	approach_and_engage	116	00444291	87.07	0040A9B0	confirmed-order
src/brains.c	0040A940	004441E5	0040ABB0	004446C9	2	2	2	0040AAC0	strike_mission	77	00444420	strike_mission	172	00444420	47.93	0040AAC0	confirmed-order
src/brains.c	0040ABB0	004446C9	0040AD80	00444966	1	1	1	0040AC00	defend_mission	140	0044472C	defend_mission	155	0044472C	85.71	0040AC00	confirmed-order
src/brains.c	0040AD80	00444966	0040AF70	00444C80	1	1	1	0040AE80	ship_intelligence	63	00444ADC	ship_intelligence	108	00444ADC	81.31	0040AE80	confirmed-order
src/brains.c	0040B110	00444EA7	0040B140	00445AAC	0	2	1				00444F53	FUN_00444F53	92				wc2-insertion
src/brains.c	0040B110	00444EA7	0040B140	00445AAC	0	2	2				00445087	FUN_00445087	723				wc2-insertion
src/brains.c	0040B140	00445AAC	0040B3A0	00446474	1	4	1	0040B320	futurion_intelligence	35	00445D9A	futurion_intelligence	46	00445D9A	84.00	0040B320	unequal-gap-position
src/brains.c	0040B140	00445AAC	0040B3A0	00446474	1	4	2				00445E68	heat_seeking_missile_intelligence	169			0040B430	wc2-insertion
src/brains.c	0040B140	00445AAC	0040B3A0	00446474	1	4	3				00446133	FF_missile_intelligence	143			0040B570	wc2-insertion
src/brains.c	0040B140	00445AAC	0040B3A0	00446474	1	4	4				00446395	FUN_00446395	59				wc2-insertion
src/brains.c	0040B3A0	00446474	0040B670	0044B200	2	55	1	0040B430	heat_seeking_missile_intelligence	98	00446560	FUN_00446560	12	00445E68	60.36		unequal-gap-position
src/brains.c	0040B3A0	00446474	0040B670	0044B200	2	55	2	0040B570	FF_missile_intelligence	69	00446580	FUN_00446580	17	00446133	53.15		unequal-gap-position
src/brains.c	0040B3A0	00446474	0040B670	0044B200	2	55	3				004465A0	PacketLoad	98			0042B050	wc2-insertion
src/brains.c	0040B3A0	00446474	0040B670	0044B200	2	55	4				00446710	DrawPodiumShot	67			00439070	wc2-insertion
src/brains.c	0040B3A0	00446474	0040B670	0044B200	2	55	5				00446823	FUN_00446823	61				wc2-insertion
src/brains.c	0040B3A0	00446474	0040B670	0044B200	2	55	6				00446910	DosStrcat	25			0041C740	wc2-insertion
src/brains.c	0040B3A0	00446474	0040B670	0044B200	2	55	7				00446950	FUN_00446950	11				wc2-insertion
src/brains.c	0040B3A0	00446474	0040B670	0044B200	2	55	8				00446960	FUN_00446960	18				wc2-insertion
src/brains.c	0040B3A0	00446474	0040B670	0044B200	2	55	9				0044698F	FUN_0044698F	42				wc2-insertion
src/brains.c	0040B3A0	00446474	0040B670	0044B200	2	55	10				00446A1D	FUN_00446A1D	82				wc2-insertion
src/brains.c	0040B3A0	00446474	0040B670	0044B200	2	55	11				00446B6A	FUN_00446B6A	94				wc2-insertion
src/brains.c	0040B3A0	00446474	0040B670	0044B200	2	55	12				00446CC2	FUN_00446CC2	29				wc2-insertion
src/brains.c	0040B3A0	00446474	0040B670	0044B200	2	55	13				00446D0D	FUN_00446D0D	30				wc2-insertion
src/brains.c	0040B3A0	00446474	0040B670	0044B200	2	55	14				00446D55	FUN_00446D55	86				wc2-insertion
src/brains.c	0040B3A0	00446474	0040B670	0044B200	2	55	15				00446E9D	FUN_00446E9D	38				wc2-insertion
src/brains.c	0040B3A0	00446474	0040B670	0044B200	2	55	16				00446F14	FUN_00446F14	57				wc2-insertion
src/brains.c	0040B3A0	00446474	0040B670	0044B200	2	55	17				00446FC8	FUN_00446FC8	95				wc2-insertion
src/brains.c	0040B3A0	00446474	0040B670	0044B200	2	55	18				00447170	GetShapeFrameExtent	26			00407710	wc2-insertion
src/brains.c	0040B3A0	00446474	0040B670	0044B200	2	55	19				004471B0	free_viewport	76			0040F940	wc2-insertion
src/brains.c	0040B3A0	00446474	0040B670	0044B200	2	55	20				00447300	LoadCommPortraitResources	33			00431520	wc2-insertion
src/brains.c	0040B3A0	00446474	0040B670	0044B200	2	55	21				00447369	FUN_00447369	28				wc2-insertion
src/brains.c	0040B3A0	00446474	0040B670	0044B200	2	55	22				004473D1	IsCommMenuIdle	17			00430CA0	wc2-insertion
src/brains.c	0040B3A0	00446474	0040B670	0044B200	2	55	23				004473FC	AppendCommMenuChoice	30			00430CB0	wc2-insertion
src/brains.c	0040B3A0	00446474	0040B670	0044B200	2	55	24				00447479	SendCommMenuChoice	27			00430D30	wc2-insertion
src/brains.c	0040B3A0	00446474	0040B670	0044B200	2	55	25				004474CA	OpenCommMenuForTarget	19			00430D50	wc2-insertion
src/brains.c	0040B3A0	00446474	0040B670	0044B200	2	55	26				004474F4	IsCommChoiceMenuOpen	20			00430D80	wc2-insertion
src/brains.c	0040B3A0	00446474	0040B670	0044B200	2	55	27				00447526	OpenCommRecipientMenu	15			00430DC0	wc2-insertion
src/brains.c	0040B3A0	00446474	0040B670	0044B200	2	55	28				00447544	CloseCommChoiceMenu	19			00430DE0	wc2-insertion
src/brains.c	0040B3A0	00446474	0040B670	0044B200	2	55	29				0044756F	wingman_dead	17			00430E10	wc2-insertion
src/brains.c	0040B3A0	00446474	0040B670	0044B200	2	55	30				0044759B	have_target	21			00430E30	wc2-insertion
src/brains.c	0040B3A0	00446474	0040B670	0044B200	2	55	31				004475D3	CanOpenCommMenu	22			00430E50	wc2-insertion
src/brains.c	0040B3A0	00446474	0040B670	0044B200	2	55	32				0044760F	SelectCommRecipient	13			00430E70	wc2-insertion
src/brains.c	0040B3A0	00446474	0040B670	0044B200	2	55	33				00447629	BuildCommunicationRecipientMenu	144			00430E90	wc2-insertion
src/brains.c	0040B3A0	00446474	0040B670	0044B200	2	55	34				00447890	BuildCommunicationCommandMenu	275			00430FC0	wc2-insertion
src/brains.c	0040B3A0	00446474	0040B670	0044B200	2	55	35				00447D85	RefreshCommunicationMenu	28			00431200	wc2-insertion
src/brains.c	0040B3A0	00446474	0040B670	0044B200	2	55	36				00447DE3	HandleCommunicationMenuRequest	32			00431240	wc2-insertion
src/brains.c	0040B3A0	00446474	0040B670	0044B200	2	55	37				00447E47	show_communications_disp	51			00431290	wc2-insertion
src/brains.c	0040B3A0	00446474	0040B670	0044B200	2	55	38				00447EF5	Chosen_communicate_option	68			00431350	wc2-insertion
src/brains.c	0040B3A0	00446474	0040B670	0044B200	2	55	39				00448008	IssueQuickCommCommand	24			00431400	wc2-insertion
src/brains.c	0040B3A0	00446474	0040B670	0044B200	2	55	40				0044804A	FreeCommDisplayResources	13			00431410	wc2-insertion
src/brains.c	0040B3A0	00446474	0040B670	0044B200	2	55	41				00448070	EndCommSessionWithWingman	30			00431470	wc2-insertion
src/brains.c	0040B3A0	00446474	0040B670	0044B200	2	55	42				004480C6	EndCommMenu	20			004314C0	wc2-insertion
src/brains.c	0040B3A0	00446474	0040B670	0044B200	2	55	43				00448100	ShowCentredPrompt	22			004314F0	wc2-insertion
src/brains.c	0040B3A0	00446474	0040B670	0044B200	2	55	44				00448136	ExpandCommMessageTokens	102			004315C0	wc2-insertion
src/brains.c	0040B3A0	00446474	0040B670	0044B200	2	55	45				004482CA	real_vid_transmit	180			004316E0	wc2-insertion
src/brains.c	0040B3A0	00446474	0040B670	0044B200	2	55	46				00448570	FUN_00448570	435				wc2-insertion
src/brains.c	0040B3A0	00446474	0040B670	0044B200	2	55	47				00448D1A	SetViewportHorizontalBounds	16				wc2-insertion
src/brains.c	0040B3A0	00446474	0040B670	0044B200	2	55	48				00448D39	SetViewportVerticalBounds	16				wc2-insertion
src/brains.c	0040B3A0	00446474	0040B670	0044B200	2	55	49				00448D58	FUN_00448D58	1107				wc2-insertion
src/brains.c	0040B3A0	00446474	0040B670	0044B200	2	55	50				00449FAE	FUN_00449FAE	34				wc2-insertion
src/brains.c	0040B3A0	00446474	0040B670	0044B200	2	55	51				0044A009	FUN_0044A009	22				wc2-insertion
src/brains.c	0040B3A0	00446474	0040B670	0044B200	2	55	52				0044A03C	FUN_0044A03C	539				wc2-insertion
src/brains.c	0040B3A0	00446474	0040B670	0044B200	2	55	53				0044A910	FUN_0044A910	129				wc2-insertion
src/brains.c	0040B3A0	00446474	0040B670	0044B200	2	55	54				0044AAE5	FUN_0044AAE5	263				wc2-insertion
src/brains.c	0040B3A0	00446474	0040B670	0044B200	2	55	55				0044ADE0	SetFleetOverviewView	292			00410740	wc2-insertion
src/brains.c	0040B700	0044B257	0040B940	0044BCF7	2	6	1	0040B730	init_mission	31	0044B29D	FUN_0044B29D	22	0044B2E2	45.35		unequal-gap-position
src/brains.c	0040B700	0044B257	0040B940	0044BCF7	2	6	2	0040B7A0	prepare_mission	106	0044B2E2	init_mission	86	0044BA73	84.42	0040B730	unequal-gap-position
src/brains.c	0040B700	0044B257	0040B940	0044BCF7	2	6	3				0044B48F	FUN_0044B48F	207				wc2-insertion
src/brains.c	0040B700	0044B257	0040B940	0044BCF7	2	6	4				0044B83C	FUN_0044B83C	99				wc2-insertion
src/brains.c	0040B700	0044B257	0040B940	0044BCF7	2	6	5				0044B981	FUN_0044B981	61				wc2-insertion
src/brains.c	0040B700	0044B257	0040B940	0044BCF7	2	6	6				0044BA73	prepare_mission	154			0040B7A0	wc2-insertion
src/brains.c	0040B990	0044BD83	0040B9F0	0044BEE5	0	1	1				0044BE84	FUN_0044BE84	30				wc2-insertion
src/brains.c	0040BF50	0044CF2D	0040BFF0	0044D35D	0	1	1				0044D0C7	FUN_0044D0C7	156				wc2-insertion
src/brains.c	0040BFF0	0044D35D	0040C350	0044D72E	3	0	1	0040C150	free_pilot_talk	30							wc1-elimination
src/brains.c	0040BFF0	0044D35D	0040C350	0044D72E	3	0	2	0040C1C0	get_pilot_talk	80				00434043	38.61		wc1-elimination
src/brains.c	0040BFF0	0044D35D	0040C350	0044D72E	3	0	3	0040C2B0	init_personalities	52							wc1-elimination
src/brains.c	0040C360	0044D81F	0040C4A0	0044D9E2	1	1	1	0040C3C0	set_up_next_wave	56	0044D888	set_up_next_wave	90	0044D888	50.00	0040C3C0	confirmed-order
src/brains.c	0040C4E0	0044DA2F	0040C740	0044E028	1	1	1	0040C5E0	Set_up_ship_info	89	0044DB7E	Set_up_ship_info	270	0044DB7E	45.56	0040C5E0	confirmed-order
src/brains.c	0040C780	0044E09C	0040CAA0	0044F1F0	2	7	1	0040C800	init_ship	122	0044E187	init_ship	209	0044E187	59.13	0040C800	unequal-gap-position
src/brains.c	0040C780	0044E09C	0040CAA0	0044F1F0	2	7	2	0040C950	init_intelligence_data	75	0044E44F	init_intelligence_data	356	0044E44F	25.99	0040C950	unequal-gap-position
src/brains.c	0040C780	0044E09C	0040CAA0	0044F1F0	2	7	3				0044EA50	FUN_0044EA50	57				wc2-insertion
src/brains.c	0040C780	0044E09C	0040CAA0	0044F1F0	2	7	4				0044EB4E	FUN_0044EB4E	37				wc2-insertion
src/brains.c	0040C780	0044E09C	0040CAA0	0044F1F0	2	7	5				0044EBCA	ejection_sequence	272			004046A0	wc2-insertion
src/brains.c	0040C780	0044E09C	0040CAA0	0044F1F0	2	7	6				0044F010	OpenPacketSection	135			0042D730	wc2-insertion
src/brains.c	0040C780	0044E09C	0040CAA0	0044F1F0	2	7	7				0044F1C7	CloseDataFileByHandle	15			0042D870	wc2-insertion
src/brains.c	0040CAA0	0044F1F0	0040CBB0	0044FADA	4	15	1	0040CAE0	SampleJoystickDevice	21	0044F247	FUN_0044F247	41				unequal-gap-position
src/brains.c	0040CAA0	0044F1F0	0040CBB0	0044FADA	4	15	2	0040CB20	ThunkForwarder40CB20	1	0044F2B8	FUN_0044F2B8	12				unequal-gap-position
src/brains.c	0040CAA0	0044F1F0	0040CBB0	0044FADA	4	15	3	0040CB30	SampleActiveJoystickDevice	11	0044F2CD	FUN_0044F2CD	19				unequal-gap-position
src/brains.c	0040CAA0	0044F1F0	0040CBB0	0044FADA	4	15	4	0040CB60	DrawNavTextLine	21	0044F300	FUN_0044F300	11	0044FA70	83.33		unequal-gap-position
src/brains.c	0040CAA0	0044F1F0	0040CBB0	0044FADA	4	15	5				0044F310	FUN_0044F310	12				wc2-insertion
src/brains.c	0040CAA0	0044F1F0	0040CBB0	0044FADA	4	15	6				0044F322	FUN_0044F322	11				wc2-insertion
src/brains.c	0040CAA0	0044F1F0	0040CBB0	0044FADA	4	15	7				0044F332	SetAwakenBarracksMenuLabel	41			0041B110	wc2-insertion
src/brains.c	0040CAA0	0044F1F0	0040CBB0	0044FADA	4	15	8				0044F3A4	FUN_0044F3A4	22				wc2-insertion
src/brains.c	0040CAA0	0044F1F0	0040CBB0	0044FADA	4	15	9				0044F52E	FUN_0044F52E	35				wc2-insertion
src/brains.c	0040CAA0	0044F1F0	0040CBB0	0044FADA	4	15	10				0044F581	FUN_0044F581	12				wc2-insertion
src/brains.c	0040CAA0	0044F1F0	0040CBB0	0044FADA	4	15	11				0044F5B1	FUN_0044F5B1	11				wc2-insertion
src/brains.c	0040CAA0	0044F1F0	0040CBB0	0044FADA	4	15	12				0044F5C5	FUN_0044F5C5	13				wc2-insertion
src/brains.c	0040CAA0	0044F1F0	0040CBB0	0044FADA	4	15	13				0044F84F	FUN_0044F84F	132				wc2-insertion
src/brains.c	0040CAA0	0044F1F0	0040CBB0	0044FADA	4	15	14				0044FA31	FUN_0044FA31	19				wc2-insertion
src/brains.c	0040CAA0	0044F1F0	0040CBB0	0044FADA	4	15	15				0044FA70	DrawNavTextLine	36			0040CB60	wc2-insertion
src/cdrom.c	004031C0	00456123	004033E0	004563A3	1	1	1	00403290	FindCdRomDriveByVolumeLabel	108	00456236	FindCdRomDriveByVolumeLabel	108	00456236	75.00	00403290	confirmed-order
src/cdrom.c	004033E0	004563A3	00403450	00456443	0	1	1				0045641B	TakeInputPressCount	16				wc2-insertion
src/cdrom.c	00403450	00456443	004034D0	0045A010	0	52	1				004564F0	FUN_004564F0	31				wc2-insertion
src/cdrom.c	00403450	00456443	004034D0	0045A010	0	52	2				0045655D	FUN_0045655D	190				wc2-insertion
src/cdrom.c	00403450	00456443	004034D0	0045A010	0	52	3				004568E0	LoadShapeSet	58			00423CE0	wc2-insertion
src/cdrom.c	00403450	00456443	004034D0	0045A010	0	52	4				00456988	FreeShapeSet	26			00423D50	wc2-insertion
src/cdrom.c	00403450	00456443	004034D0	0045A010	0	52	5				004569C8	LoadPacketResourceList	56			00423D80	wc2-insertion
src/cdrom.c	00403450	00456443	004034D0	0045A010	0	52	6				00456A68	ResetCockpitPaletteEntries	50			00423E10	wc2-insertion
src/cdrom.c	00403450	00456443	004034D0	0045A010	0	52	7				00456B1A	initialize_cockpit	558			00423E90	wc2-insertion
src/cdrom.c	00403450	00456443	004034D0	0045A010	0	52	8				00457434	InitializeConstellationObject	100			004242D0	wc2-insertion
src/cdrom.c	00403450	00456443	004034D0	0045A010	0	52	9				00457587	FreeConstellationObject	20			004243B0	wc2-insertion
src/cdrom.c	00403450	00456443	004034D0	0045A010	0	52	10				004575B4	init_constellation	64			004243E0	wc2-insertion
src/cdrom.c	00403450	00456443	004034D0	0045A010	0	52	11				004576AB	free_constellation	34			00424490	wc2-insertion
src/cdrom.c	00403450	00456443	004034D0	0045A010	0	52	12				00457720	init_vdus	48			004244E0	wc2-insertion
src/cdrom.c	00403450	00456443	004034D0	0045A010	0	52	13				004577D7	InitializeCockpitResources	598			004245B0	wc2-insertion
src/cdrom.c	00403450	00456443	004034D0	0045A010	0	52	14				00458196	free_cockpit	178			004249A0	wc2-insertion
src/cdrom.c	00403450	00456443	004034D0	0045A010	0	52	15				00458467	init_3Space_objects	46			00424A80	wc2-insertion
src/cdrom.c	00403450	00456443	004034D0	0045A010	0	52	16				00458532	load_common_3Space_objects	76			00424B00	wc2-insertion
src/cdrom.c	00403450	00456443	004034D0	0045A010	0	52	17				0045865D	remove_all_3d_objects	22			00424B80	wc2-insertion
src/cdrom.c	00403450	00456443	004034D0	0045A010	0	52	18				00458698	free_3Space	32			00424BA0	wc2-insertion
src/cdrom.c	00403450	00456443	004034D0	0045A010	0	52	19				00458716	free_3Space_objects	52			00424BE0	wc2-insertion
src/cdrom.c	00403450	00456443	004034D0	0045A010	0	52	20				004587E0	init_inflight_music	13			00424C60	wc2-insertion
src/cdrom.c	00403450	00456443	004034D0	0045A010	0	52	21				00458806	free_inflight_music	26			00424C80	wc2-insertion
src/cdrom.c	00403450	00456443	004034D0	0045A010	0	52	22				0045887B	FUN_0045887B	42				wc2-insertion
src/cdrom.c	00403450	00456443	004034D0	0045A010	0	52	23				0045890E	FUN_0045890E	47				wc2-insertion
src/cdrom.c	00403450	00456443	004034D0	0045A010	0	52	24				004589D0	FUN_004589D0	60				wc2-insertion
src/cdrom.c	00403450	00456443	004034D0	0045A010	0	52	25				00458A90	FUN_00458A90	83				wc2-insertion
src/cdrom.c	00403450	00456443	004034D0	0045A010	0	52	26				00458B8C	FUN_00458B8C	79				wc2-insertion
src/cdrom.c	00403450	00456443	004034D0	0045A010	0	52	27				00458C81	FUN_00458C81	95				wc2-insertion
src/cdrom.c	00403450	00456443	004034D0	0045A010	0	52	28				00458D94	FUN_00458D94	44				wc2-insertion
src/cdrom.c	00403450	00456443	004034D0	0045A010	0	52	29				00458E10	FUN_00458E10	11				wc2-insertion
src/cdrom.c	00403450	00456443	004034D0	0045A010	0	52	30				00458E20	IsSoundHardwarePresent	13			0042F940	wc2-insertion
src/cdrom.c	00403450	00456443	004034D0	0045A010	0	52	31				00458E39	MessagePumpHook	11			0042F950	wc2-insertion
src/cdrom.c	00403450	00456443	004034D0	0045A010	0	52	32				00458E49	PushMemoryStackFrame	45			0042F960	wc2-insertion
src/cdrom.c	00403450	00456443	004034D0	0045A010	0	52	33				00458EED	IsPushedPacketHandle	31			0042F9E0	wc2-insertion
src/cdrom.c	00403450	00456443	004034D0	0045A010	0	52	34				00458F5A	MapPacketHandleToBlock	50			0042FA20	wc2-insertion
src/cdrom.c	00403450	00456443	004034D0	0045A010	0	52	35				0045901D	AllocateTaggedMemory	37			0042FA90	wc2-insertion
src/cdrom.c	00403450	00456443	004034D0	0045A010	0	52	36				00459082	ReleasePacketHandle	48			0042FAE0	wc2-insertion
src/cdrom.c	00403450	00456443	004034D0	0045A010	0	52	37				00459134	GetAvailableFarMemoryByType	12			0042FB20	wc2-insertion
src/cdrom.c	00403450	00456443	004034D0	0045A010	0	52	38				00459149	GetLargestFreeMemoryBlockByType	12			0042FB30	wc2-insertion
src/cdrom.c	00403450	00456443	004034D0	0045A010	0	52	39				00459160	FUN_00459160	76			0042B9A0	wc2-insertion
src/cdrom.c	00403450	00456443	004034D0	0045A010	0	52	40				0045924D	FUN_0045924D	26				wc2-insertion
src/cdrom.c	00403450	00456443	004034D0	0045A010	0	52	41				00459294	FUN_00459294	38				wc2-insertion
src/cdrom.c	00403450	00456443	004034D0	0045A010	0	52	42				0045930A	FUN_0045930A	23				wc2-insertion
src/cdrom.c	00403450	00456443	004034D0	0045A010	0	52	43				00459348	ClearTextInputCharacter	49			00426140	wc2-insertion
src/cdrom.c	00403450	00456443	004034D0	0045A010	0	52	44				004593D6	InitializeModalTextPanel	118			0041A9D0	wc2-insertion
src/cdrom.c	00403450	00456443	004034D0	0045A010	0	52	45				00459527	DrawModalTextPanel	48			0041AAE0	wc2-insertion
src/cdrom.c	00403450	00456443	004034D0	0045A010	0	52	46				004595AA	RestoreModalTextPanel	28			0041AB60	wc2-insertion
src/cdrom.c	00403450	00456443	004034D0	0045A010	0	52	47				004595EF	ShowModalTextPanel	124			0041AB90	wc2-insertion
src/cdrom.c	00403450	00456443	004034D0	0045A010	0	52	48				0045979B	ReleaseModalTextPanel	23			0041AD10	wc2-insertion
src/cdrom.c	00403450	00456443	004034D0	0045A010	0	52	49				004597E3	FUN_004597E3	263			00426200	wc2-insertion
src/cdrom.c	00403450	00456443	004034D0	0045A010	0	52	50				00459BC8	LoadPaletteTripletsFile	43			00404610	wc2-insertion
src/cdrom.c	00403450	00456443	004034D0	0045A010	0	52	51				00459C4D	ShowChalkBoard	81			00440510	wc2-insertion
src/cdrom.c	00403450	00456443	004034D0	0045A010	0	52	52				00459D74	funeral_sequence	153			00408DE0	wc2-insertion
src/cockpt.c	00413A40	00420378	00413CE0	004380B0	3	326	1	00413C40	DrawFormattedText	14	0042067F	InitializeTextContextFromFont	38			0041D510	unequal-gap-position
src/cockpt.c	00413A40	00420378	00413CE0	004380B0	3	326	2	00413C70	FormatTextBufferFromStart	17	004206F2	AppendFormattedText	34			00413CB0	unequal-gap-position
src/cockpt.c	00413A40	00420378	00413CE0	004380B0	3	326	3	00413CB0	AppendFormattedText	14	0042075F	FUN_0042075F	27	004206F2	67.65	004265A0	unequal-gap-position
src/cockpt.c	00413A40	00420378	00413CE0	004380B0	3	326	4				004207B0	advance_canned_sequence	62			00403A80	wc2-insertion
src/cockpt.c	00413A40	00420378	00413CE0	004380B0	3	326	5				00420874	ReleaseNearHeapBlock	45			0040E900	wc2-insertion
src/cockpt.c	00413A40	00420378	00413CE0	004380B0	3	326	6				004208FC	PurgeNearHeapBlocks	58			0040E950	wc2-insertion
src/cockpt.c	00413A40	00420378	00413CE0	004380B0	3	326	7				004209C2	InitializeNearHeap	81			0040E9E0	wc2-insertion
src/cockpt.c	00413A40	00420378	00413CE0	004380B0	3	326	8				00420B12	LoadSpaceflightResources	36			00421F50	wc2-insertion
src/cockpt.c	00413A40	00420378	00413CE0	004380B0	3	326	9				00420B88	AllocateNearHeapBlockFromEnd	177			0040EB70	wc2-insertion
src/cockpt.c	00413A40	00420378	00413CE0	004380B0	3	326	10				00420E16	AllocateNearHeapBlockByFlags	184			0040ED30	wc2-insertion
src/cockpt.c	00413A40	00420378	00413CE0	004380B0	3	326	11				004210B8	FUN_004210B8	46				wc2-insertion
src/cockpt.c	00413A40	00420378	00413CE0	004380B0	3	326	12				00421144	GetFreeNearHeapBytes	58			0042F890	wc2-insertion
src/cockpt.c	00413A40	00420378	00413CE0	004380B0	3	326	13				00421210	FUN_00421210	111				wc2-insertion
src/cockpt.c	00413A40	00420378	00413CE0	004380B0	3	326	14				004213FE	FUN_004213FE	10				wc2-insertion
src/cockpt.c	00413A40	00420378	00413CE0	004380B0	3	326	15				00421409	PollJoystickButtonEvents	72			00430840	wc2-insertion
src/cockpt.c	00413A40	00420378	00413CE0	004380B0	3	326	16				00421530	PollMenuInputDevices	206			00430920	wc2-insertion
src/cockpt.c	00413A40	00420378	00413CE0	004380B0	3	326	17				00421910	cleanup_objectives	186			0042EFC0	wc2-insertion
src/cockpt.c	00413A40	00420378	00413CE0	004380B0	3	326	18				00421BC6	IsShipRouting	19			0042F1F0	wc2-insertion
src/cockpt.c	00413A40	00420378	00413CE0	004380B0	3	326	19				00421BFC	SendWingmanCommandAcknowledgement	24			0042F210	wc2-insertion
src/cockpt.c	00413A40	00420378	00413CE0	004380B0	3	326	20				00421C35	disobey_formation	51			0042F240	wc2-insertion
src/cockpt.c	00413A40	00420378	00413CE0	004380B0	3	326	21				00421CF6	IsEngagementTargetDisallowed	31			0042F270	wc2-insertion
src/cockpt.c	00413A40	00420378	00413CE0	004380B0	3	326	22				00421D59	CanPlayerLand	70			0042F2B0	wc2-insertion
src/cockpt.c	00413A40	00420378	00413CE0	004380B0	3	326	23				00421E6D	ShouldWingmanAcceptRoutCommand	70			0042F350	wc2-insertion
src/cockpt.c	00413A40	00420378	00413CE0	004380B0	3	326	24				00421F86	request	392			0042F3F0	wc2-insertion
src/cockpt.c	00413A40	00420378	00413CE0	004380B0	3	326	25				004225A0	StepPaletteTransition	186			0041C510	wc2-insertion
src/cockpt.c	00413A40	00420378	00413CE0	004380B0	3	326	26				004228B0	visit_the_cinema	43			00403E50	wc2-insertion
src/cockpt.c	00413A40	00420378	00413CE0	004380B0	3	326	27				00422953	player_wingman	21			00403EE0	wc2-insertion
src/cockpt.c	00413A40	00420378	00413CE0	004380B0	3	326	28				00422990	set_speed	18			00403F10	wc2-insertion
src/cockpt.c	00413A40	00420378	00413CE0	004380B0	3	326	29				004229B9	auto_position	100			00403F40	wc2-insertion
src/cockpt.c	00413A40	00420378	00413CE0	004380B0	3	326	30				00422B1C	auto_pilot_sequence	582			00404050	wc2-insertion
src/cockpt.c	00413A40	00420378	00413CE0	004380B0	3	326	31				00423480	LoadJoystickCalibrationFile	276			00431A10	wc2-insertion
src/cockpt.c	00413A40	00420378	00413CE0	004380B0	3	326	32				004238E9	ReadCalibratedJoystick	193			00431D20	wc2-insertion
src/cockpt.c	00413A40	00420378	00413CE0	004380B0	3	326	33				00423C60	FUN_00423C60	22				wc2-insertion
src/cockpt.c	00413A40	00420378	00413CE0	004380B0	3	326	34				00423CA0	InitializeAudioSystem	30			0042B160	wc2-insertion
src/cockpt.c	00413A40	00420378	00413CE0	004380B0	3	326	35				00423D02	ServiceAudioStream	21			0042B1B0	wc2-insertion
src/cockpt.c	00413A40	00420378	00413CE0	004380B0	3	326	36				00423D4F	AllocateWaveTableEntry	31			0042B1F0	wc2-insertion
src/cockpt.c	00413A40	00420378	00413CE0	004380B0	3	326	37				00423DBB	FindWaveTableEntryByName	32			0042B240	wc2-insertion
src/cockpt.c	00413A40	00420378	00413CE0	004380B0	3	326	38				00423E12	RemoveWaveTableEntry	56			0042B290	wc2-insertion
src/cockpt.c	00413A40	00420378	00413CE0	004380B0	3	326	39				00423ED1	FreeWaveTable	35			0042B300	wc2-insertion
src/cockpt.c	00413A40	00420378	00413CE0	004380B0	3	326	40				00423F3F	AllocateActiveSoundEntry	31			0042B340	wc2-insertion
src/cockpt.c	00413A40	00420378	00413CE0	004380B0	3	326	41				00423FAB	RemoveActiveSoundEntry	51			0042B390	wc2-insertion
src/cockpt.c	00413A40	00420378	00413CE0	004380B0	3	326	42				0042405E	FUN_0042405E	28				wc2-insertion
src/cockpt.c	00413A40	00420378	00413CE0	004380B0	3	326	43				004240AE	ReleaseFinishedSoundEntries	36			0042B410	wc2-insertion
src/cockpt.c	00413A40	00420378	00413CE0	004380B0	3	326	44				00424113	StopSoundsUsingWave	40			0042B450	wc2-insertion
src/cockpt.c	00413A40	00420378	00413CE0	004380B0	3	326	45				0042418C	playWAVE	203			0042B4A0	wc2-insertion
src/cockpt.c	00413A40	00420378	00413CE0	004380B0	3	326	46				00424417	FUN_00424417	100				wc2-insertion
src/cockpt.c	00413A40	00420378	00413CE0	004380B0	3	326	47				004245A2	stop_all_sounds	22			0042B640	wc2-insertion
src/cockpt.c	00413A40	00420378	00413CE0	004380B0	3	326	48				004245F8	PlaySnowStaticSound	104			0042B680	wc2-insertion
src/cockpt.c	00413A40	00420378	00413CE0	004380B0	3	326	49				0042476B	ServiceSoundSystem	39			0042B7D0	wc2-insertion
src/cockpt.c	00413A40	00420378	00413CE0	004380B0	3	326	50				0042482E	SetSoundEffectsVolume	18			0042B7E0	wc2-insertion
src/cockpt.c	00413A40	00420378	00413CE0	004380B0	3	326	51				0042485C	RegistryQueryValue	23			0042B810	wc2-insertion
src/cockpt.c	00413A40	00420378	00413CE0	004380B0	3	326	52				00424888	RegistryStoreValue	23			0042B840	wc2-insertion
src/cockpt.c	00413A40	00420378	00413CE0	004380B0	3	326	53				004248B4	LoadVolumeSettingsFromRegistry	62			0042B870	wc2-insertion
src/cockpt.c	00413A40	00420378	00413CE0	004380B0	3	326	54				00424980	SaveVolumeSettingsToRegistry	40			0042B930	wc2-insertion
src/cockpt.c	00413A40	00420378	00413CE0	004380B0	3	326	55				00424A00	FUN_00424A00	20				wc2-insertion
src/cockpt.c	00413A40	00420378	00413CE0	004380B0	3	326	56				00424A40	FUN_00424A40	15				wc2-insertion
src/cockpt.c	00413A40	00420378	00413CE0	004380B0	3	326	57				00424A60	ReserveContiguousPaletteEntries	40			00431900	wc2-insertion
src/cockpt.c	00413A40	00420378	00413CE0	004380B0	3	326	58				00424AEE	arrive_from_warp	77			0042A950	wc2-insertion
src/cockpt.c	00413A40	00420378	00413CE0	004380B0	3	326	59				00424C05	unwarp	94			0042AA10	wc2-insertion
src/cockpt.c	00413A40	00420378	00413CE0	004380B0	3	326	60				00424D4D	DeBriefing	90			004056F0	wc2-insertion
src/cockpt.c	00413A40	00420378	00413CE0	004380B0	3	326	61				00424E8C	MarkPilotDead	13				wc2-insertion
src/cockpt.c	00413A40	00420378	00413CE0	004380B0	3	326	62				00424EA7	FUN_00424EA7	24				wc2-insertion
src/cockpt.c	00413A40	00420378	00413CE0	004380B0	3	326	63				00424EFF	FUN_00424EFF	163				wc2-insertion
src/cockpt.c	00413A40	00420378	00413CE0	004380B0	3	326	64				004251F2	stranded_sequence	160			00404BE0	wc2-insertion
src/cockpt.c	00413A40	00420378	00413CE0	004380B0	3	326	65				004254C0	CheckHeapBlockSignature	26			004408A0	wc2-insertion
src/cockpt.c	00413A40	00420378	00413CE0	004380B0	3	326	66				0042550E	HasValidShapeAllocationSignature	17				wc2-insertion
src/cockpt.c	00413A40	00420378	00413CE0	004380B0	3	326	67				0042553A	GetPreparedShapeData	13			004408C0	wc2-insertion
src/cockpt.c	00413A40	00420378	00413CE0	004380B0	3	326	68				00425550	GetShapeFrameCount	21			004408D0	wc2-insertion
src/cockpt.c	00413A40	00420378	00413CE0	004380B0	3	326	69				0042557C	GetShapeFrameExtents	56			004408F0	wc2-insertion
src/cockpt.c	00413A40	00420378	00413CE0	004380B0	3	326	70				00425618	DecodeShapeFrame	279			00440960	wc2-insertion
src/cockpt.c	00413A40	00420378	00413CE0	004380B0	3	326	71				004259E2	SignExtendClipCoord	19			00440BE0	wc2-insertion
src/cockpt.c	00413A40	00420378	00413CE0	004380B0	3	326	72				00425A16	ValidateViewportBounds	114			00440C00	wc2-insertion
src/cockpt.c	00413A40	00420378	00413CE0	004380B0	3	326	73				00425B9E	ClipViewportToScreen	16			00440CF0	wc2-insertion
src/cockpt.c	00413A40	00420378	00413CE0	004380B0	3	326	74				00425BBF	SetSolidColourTranslation	21			00440D10	wc2-insertion
src/cockpt.c	00413A40	00420378	00413CE0	004380B0	3	326	75				00425BF6	PrepareShapeRLEData	308			00440D50	wc2-insertion
src/cockpt.c	00413A40	00420378	00413CE0	004380B0	3	326	76				00425FB4	DrawSpriteTransformed	169			00440FE0	wc2-insertion
src/cockpt.c	00413A40	00420378	00413CE0	004380B0	3	326	77				004261D5	RasterLineHook	11			00441140	wc2-insertion
src/cockpt.c	00413A40	00420378	00413CE0	004380B0	3	326	78				004261E5	DrawFontGlyph	253			00441150	wc2-insertion
src/cockpt.c	00413A40	00420378	00413CE0	004380B0	3	326	79				0042665A	FUN_0042665A	14				wc2-insertion
src/cockpt.c	00413A40	00420378	00413CE0	004380B0	3	326	80				00426677	FUN_00426677	14				wc2-insertion
src/cockpt.c	00413A40	00420378	00413CE0	004380B0	3	326	81				00426694	MarkActivePaletteEntries	14			00441370	wc2-insertion
src/cockpt.c	00413A40	00420378	00413CE0	004380B0	3	326	82				004266B1	GetPaletteEntry	16			004413C0	wc2-insertion
src/cockpt.c	00413A40	00420378	00413CE0	004380B0	3	326	83				004266CC	SetPaletteEntry	16			004413E0	wc2-insertion
src/cockpt.c	00413A40	00420378	00413CE0	004380B0	3	326	84				004266E7	DrawSpriteDefault	45			00441400	wc2-insertion
src/cockpt.c	00413A40	00420378	00413CE0	004380B0	3	326	85				00426769	CaptureSpriteBackground	305			00441450	wc2-insertion
src/cockpt.c	00413A40	00420378	00413CE0	004380B0	3	326	86				00426B96	RestoreSpriteBackground	310			00441740	wc2-insertion
src/cockpt.c	00413A40	00420378	00413CE0	004380B0	3	326	87				00426FD9	DrawSolidColourSprite	42			00441A40	wc2-insertion
src/cockpt.c	00413A40	00420378	00413CE0	004380B0	3	326	88				00427047	CopyViewportContents	69			00441A90	wc2-insertion
src/cockpt.c	00413A40	00420378	00413CE0	004380B0	3	326	89				00427123	ClearViewport	30			00441AE0	wc2-insertion
src/cockpt.c	00413A40	00420378	00413CE0	004380B0	3	326	90				00427179	DrawViewportPixel	34			00441B20	wc2-insertion
src/cockpt.c	00413A40	00420378	00413CE0	004380B0	3	326	91				004271D2	GetViewportPixel	34			00441B60	wc2-insertion
src/cockpt.c	00413A40	00420378	00413CE0	004380B0	3	326	92				0042722E	DrawViewportLine	45			00441BA0	wc2-insertion
src/cockpt.c	00413A40	00420378	00413CE0	004380B0	3	326	93				004272A5	TriangleRasterizerHook	13			00441BF0	wc2-insertion
src/cockpt.c	00413A40	00420378	00413CE0	004380B0	3	326	94				00427D9F	FUN_00427D9F	28				wc2-insertion
src/cockpt.c	00413A40	00420378	00413CE0	004380B0	3	326	95				00427DE8	snow_viewport	19			00442300	wc2-insertion
src/cockpt.c	00413A40	00420378	00413CE0	004380B0	3	326	96				00427E1B	DrawFilledViewportRect	59			00441C70	wc2-insertion
src/cockpt.c	00413A40	00420378	00413CE0	004380B0	3	326	97				00427EC8	DrawViewportBorder	123			00441CF0	wc2-insertion
src/cockpt.c	00413A40	00420378	00413CE0	004380B0	3	326	98				00428023	DrawViewportEllipse	38			00441DD0	wc2-insertion
src/cockpt.c	00413A40	00420378	00413CE0	004380B0	3	326	99				0042808F	FillViewportEllipse	38			00441E20	wc2-insertion
src/cockpt.c	00413A40	00420378	00413CE0	004380B0	3	326	100				004280FB	DrawViewportEllipseShadow	38			00441E70	wc2-insertion
src/cockpt.c	00413A40	00420378	00413CE0	004380B0	3	326	101				00428167	FUN_00428167	24				wc2-insertion
src/cockpt.c	00413A40	00420378	00413CE0	004380B0	3	326	102				004281AE	FUN_004281AE	41				wc2-insertion
src/cockpt.c	00413A40	00420378	00413CE0	004380B0	3	326	103				00428217	FUN_00428217	72				wc2-insertion
src/cockpt.c	00413A40	00420378	00413CE0	004380B0	3	326	104				004282F0	FUN_004282F0	37				wc2-insertion
src/cockpt.c	00413A40	00420378	00413CE0	004380B0	3	326	105				00428344	DrawSolidColourSpriteScaled	41			00442000	wc2-insertion
src/cockpt.c	00413A40	00420378	00413CE0	004380B0	3	326	106				004283A4	GetTransformedShapeBounds	205			00442050	wc2-insertion
src/cockpt.c	00413A40	00420378	00413CE0	004380B0	3	326	107				00428690	fizzle_fade	86			00442200	wc2-insertion
src/cockpt.c	00413A40	00420378	00413CE0	004380B0	3	326	108				004287A4	FUN_004287A4	24				wc2-insertion
src/cockpt.c	00413A40	00420378	00413CE0	004380B0	3	326	109				004287EB	FUN_004287EB	83				wc2-insertion
src/cockpt.c	00413A40	00420378	00413CE0	004380B0	3	326	110				00428900	InitializeAudioStreamer	27			00442370	wc2-insertion
src/cockpt.c	00413A40	00420378	00413CE0	004380B0	3	326	111				0042894B	SignalAudioMixerWakeEvent	18			00442350	wc2-insertion
src/cockpt.c	00413A40	00420378	00413CE0	004380B0	3	326	112				00428979	UpdateStreamerStoppedFlag	20			00442330	wc2-insertion
src/cockpt.c	00413A40	00420378	00413CE0	004380B0	3	326	113				004289BF	Streamer_open	33			004423B0	wc2-insertion
src/cockpt.c	00413A40	00420378	00413CE0	004380B0	3	326	114				00428A2F	Streamer_play	18			00442430	wc2-insertion
src/cockpt.c	00413A40	00420378	00413CE0	004380B0	3	326	115				00428A6D	Streamer_stop	18			00442460	wc2-insertion
src/cockpt.c	00413A40	00420378	00413CE0	004380B0	3	326	116				00428AAB	SetStreamerIntensity	21			00442520	wc2-insertion
src/cockpt.c	00413A40	00420378	00413CE0	004380B0	3	326	117				00428AEB	SetStreamerTrigger	26			004424D0	wc2-insertion
src/cockpt.c	00413A40	00420378	00413CE0	004380B0	3	326	118				00428B3C	ForceStreamerTrigger	23			00442550	wc2-insertion
src/cockpt.c	00413A40	00420378	00413CE0	004380B0	3	326	119				00428B86	Streamer_close	15			004425D0	wc2-insertion
src/cockpt.c	00413A40	00420378	00413CE0	004380B0	3	326	120				00428BAD	DestroyAudioStreamer	15				wc2-insertion
src/cockpt.c	00413A40	00420378	00413CE0	004380B0	3	326	121				00428BD4	ix_log_printf	31			004426A0	wc2-insertion
src/cockpt.c	00413A40	00420378	00413CE0	004380B0	3	326	122				00428C35	FUN_00428C35	62				wc2-insertion
src/cockpt.c	00413A40	00420378	00413CE0	004380B0	3	326	123				00428D09	ReadCheaterFlagFromRegistry	46			00442600	wc2-insertion
src/cockpt.c	00413A40	00420378	00413CE0	004380B0	3	326	124				00428DA3	SetMusicStreamVolume	15			00442590	wc2-insertion
src/cockpt.c	00413A40	00420378	00413CE0	004380B0	3	326	125				00428DBF	GetMusicStreamVolume	13				wc2-insertion
src/cockpt.c	00413A40	00420378	00413CE0	004380B0	3	326	126				00428DE0	GetStreamerState	12				wc2-insertion
src/cockpt.c	00413A40	00420378	00413CE0	004380B0	3	326	127				00428E00	FUN_00428E00	28				wc2-insertion
src/cockpt.c	00413A40	00420378	00413CE0	004380B0	3	326	128				00428E5C	FUN_00428E5C	21				wc2-insertion
src/cockpt.c	00413A40	00420378	00413CE0	004380B0	3	326	129				00428E98	FUN_00428E98	24				wc2-insertion
src/cockpt.c	00413A40	00420378	00413CE0	004380B0	3	326	130				00428EDC	FUN_00428EDC	172				wc2-insertion
src/cockpt.c	00413A40	00420378	00413CE0	004380B0	3	326	131				0042917D	FUN_0042917D	59				wc2-insertion
src/cockpt.c	00413A40	00420378	00413CE0	004380B0	3	326	132				00429261	ShowTheEndScreen	105			004304F0	wc2-insertion
src/cockpt.c	00413A40	00420378	00413CE0	004380B0	3	326	133				004293F9	LoadTemporaryCampaignGlobals	17				wc2-insertion
src/cockpt.c	00413A40	00420378	00413CE0	004380B0	3	326	134				00429423	SaveAndFreeTemporaryCampaignGlobals	40				wc2-insertion
src/cockpt.c	00413A40	00420378	00413CE0	004380B0	3	326	135				0042949F	LoadWholeDataFile	56				wc2-insertion
src/cockpt.c	00413A40	00420378	00413CE0	004380B0	3	326	136				00429550	SendKilrathiAceGreetingOnce	19			00422090	wc2-insertion
src/cockpt.c	00413A40	00420378	00413CE0	004380B0	3	326	137				00429581	signed_random	19			004220F0	wc2-insertion
src/cockpt.c	00413A40	00420378	00413CE0	004380B0	3	326	138				004295A9	alert_flag	18			00422110	wc2-insertion
src/cockpt.c	00413A40	00420378	00413CE0	004380B0	3	326	139				004295D9	set_alert	13			00422140	wc2-insertion
src/cockpt.c	00413A40	00420378	00413CE0	004380B0	3	326	140				004295F2	clear_alert	16			00422160	wc2-insertion
src/cockpt.c	00413A40	00420378	00413CE0	004380B0	3	326	141				00429625	start_collision_alert	36			00422180	wc2-insertion
src/cockpt.c	00413A40	00420378	00413CE0	004380B0	3	326	142				00429698	try2end_collision_alert	26			004221E0	wc2-insertion
src/cockpt.c	00413A40	00420378	00413CE0	004380B0	3	326	143				004296E2	normal_speed	27			00422220	wc2-insertion
src/cockpt.c	00413A40	00420378	00413CE0	004380B0	3	326	144				00429736	real_crash_time	166			00422260	wc2-insertion
src/cockpt.c	00413A40	00420378	00413CE0	004380B0	3	326	145				00429958	crash_time	32			00422460	wc2-insertion
src/cockpt.c	00413A40	00420378	00413CE0	004380B0	3	326	146				004299C9	detect_collisions	97			004224F0	wc2-insertion
src/cockpt.c	00413A40	00420378	00413CE0	004380B0	3	326	147				00429B55	unactive	25			00422560	wc2-insertion
src/cockpt.c	00413A40	00420378	00413CE0	004380B0	3	326	148				00429BA8	are_alive	25			00422590	wc2-insertion
src/cockpt.c	00413A40	00420378	00413CE0	004380B0	3	326	149				00429BF0	trim_goals	48			004225C0	wc2-insertion
src/cockpt.c	00413A40	00420378	00413CE0	004380B0	3	326	150				00429CAD	report_kilrathi_rout	86			00422640	wc2-insertion
src/cockpt.c	00413A40	00420378	00413CE0	004380B0	3	326	151				00429E24	find_ship_index	45			00422710	wc2-insertion
src/cockpt.c	00413A40	00420378	00413CE0	004380B0	3	326	152				00429EE0	try2rout	76			00422780	wc2-insertion
src/cockpt.c	00413A40	00420378	00413CE0	004380B0	3	326	153				0042A003	CanSetNewShipTurnGoal	29				wc2-insertion
src/cockpt.c	00413A40	00420378	00413CE0	004380B0	3	326	154				0042A062	no_goal	23			00422830	wc2-insertion
src/cockpt.c	00413A40	00420378	00413CE0	004380B0	3	326	155				0042A0A9	being_tailed	29			00422860	wc2-insertion
src/cockpt.c	00413A40	00420378	00413CE0	004380B0	3	326	156				0042A108	detect_enemy_tail	50			00422930	wc2-insertion
src/cockpt.c	00413A40	00420378	00413CE0	004380B0	3	326	157				0042A1C5	is_ship_tailing_player_target	33			004229B0	wc2-insertion
src/cockpt.c	00413A40	00420378	00413CE0	004380B0	3	326	158				0042A222	FindMissileTargetingObject	31			004229F0	wc2-insertion
src/cockpt.c	00413A40	00420378	00413CE0	004380B0	3	326	159				0042A28E	build_squad_list	36			00422A70	wc2-insertion
src/cockpt.c	00413A40	00420378	00413CE0	004380B0	3	326	160				0042A313	find_squad_center	45			00422AC0	wc2-insertion
src/cockpt.c	00413A40	00420378	00413CE0	004380B0	3	326	161				0042A39A	init_formation_burst	74			00422B30	wc2-insertion
src/cockpt.c	00413A40	00420378	00413CE0	004380B0	3	326	162				0042A490	reset_mission_type	28			00422BE0	wc2-insertion
src/cockpt.c	00413A40	00420378	00413CE0	004380B0	3	326	163				0042A4E5	change_mission_type	24			00422C30	wc2-insertion
src/cockpt.c	00413A40	00420378	00413CE0	004380B0	3	326	164				0042A52A	reset_objective	22			00422C70	wc2-insertion
src/cockpt.c	00413A40	00420378	00413CE0	004380B0	3	326	165				0042A55F	alter_objective	22			00422CA0	wc2-insertion
src/cockpt.c	00413A40	00420378	00413CE0	004380B0	3	326	166				0042A594	reset_tactic	20			00422CD0	wc2-insertion
src/cockpt.c	00413A40	00420378	00413CE0	004380B0	3	326	167				0042A5C8	alter_tactic	18			00422D00	wc2-insertion
src/cockpt.c	00413A40	00420378	00413CE0	004380B0	3	326	168				0042A5F1	reset_maneuver	17			00422D30	wc2-insertion
src/cockpt.c	00413A40	00420378	00413CE0	004380B0	3	326	169				0042A625	try2reset_maneuver	25			00422D60	wc2-insertion
src/cockpt.c	00413A40	00420378	00413CE0	004380B0	3	326	170				0042A664	set_special	36			00422D90	wc2-insertion
src/cockpt.c	00413A40	00420378	00413CE0	004380B0	3	326	171				0042A6E8	approach_zero_speed	15			00422DD0	wc2-insertion
src/cockpt.c	00413A40	00420378	00413CE0	004380B0	3	326	172				0042A701	approach_min_speed	15			00422DF0	wc2-insertion
src/cockpt.c	00413A40	00420378	00413CE0	004380B0	3	326	173				0042A71D	approach_half_speed	22			00422E10	wc2-insertion
src/cockpt.c	00413A40	00420378	00413CE0	004380B0	3	326	174				0042A754	approach_cruise_speed	21			00422E50	wc2-insertion
src/cockpt.c	00413A40	00420378	00413CE0	004380B0	3	326	175				0042A788	approach_full_speed	18			00422E80	wc2-insertion
src/cockpt.c	00413A40	00420378	00413CE0	004380B0	3	326	176				0042A7AF	approach_ship_speed	17			00422EA0	wc2-insertion
src/cockpt.c	00413A40	00420378	00413CE0	004380B0	3	326	177				0042A7D2	ComputePointAheadOfObject	32			00422EC0	wc2-insertion
src/cockpt.c	00413A40	00420378	00413CE0	004380B0	3	326	178				0042A823	ComputePointBehindObject	33			00422F10	wc2-insertion
src/cockpt.c	00413A40	00420378	00413CE0	004380B0	3	326	179				0042A876	close_behind	21			00422F60	wc2-insertion
src/cockpt.c	00413A40	00420378	00413CE0	004380B0	3	326	180				0042A8B5	scan_for_enemy	86			00422F80	wc2-insertion
src/cockpt.c	00413A40	00420378	00413CE0	004380B0	3	326	181				0042AA0D	any_enemy	50			00423070	wc2-insertion
src/cockpt.c	00413A40	00420378	00413CE0	004380B0	3	326	182				0042AAD3	FUN_0042AAD3	47				wc2-insertion
src/cockpt.c	00413A40	00420378	00413CE0	004380B0	3	326	183				0042AB81	ships_within_range	30			00423260	wc2-insertion
src/cockpt.c	00413A40	00420378	00413CE0	004380B0	3	326	184				0042ABCE	attacker_in_range	56			004232B0	wc2-insertion
src/cockpt.c	00413A40	00420378	00413CE0	004380B0	3	326	185				0042ACAF	in_danger	64			00423350	wc2-insertion
src/cockpt.c	00413A40	00420378	00413CE0	004380B0	3	326	186				0042ADB8	target_within_range	42			00423400	wc2-insertion
src/cockpt.c	00413A40	00420378	00413CE0	004380B0	3	326	187				0042AE32	build_target_list	72			00423440	wc2-insertion
src/cockpt.c	00413A40	00420378	00413CE0	004380B0	3	326	188				0042AF60	inherit_leader_mission	43			00423530	wc2-insertion
src/cockpt.c	00413A40	00420378	00413CE0	004380B0	3	326	189				0042B00A	inherit_leader	44			004235B0	wc2-insertion
src/cockpt.c	00413A40	00420378	00413CE0	004380B0	3	326	190				0042B0B7	dead_ship	23			00423610	wc2-insertion
src/cockpt.c	00413A40	00420378	00413CE0	004380B0	3	326	191				0042B0FB	gone_ship	29			00423640	wc2-insertion
src/cockpt.c	00413A40	00420378	00413CE0	004380B0	3	326	192				0042B15A	skill_check	27			004236B0	wc2-insertion
src/cockpt.c	00413A40	00420378	00413CE0	004380B0	3	326	193				0042B1AE	find_ships_sphere	64			004236F0	wc2-insertion
src/cockpt.c	00413A40	00420378	00413CE0	004380B0	3	326	194				0042B2A7	locate_ship	75			00423780	wc2-insertion
src/cockpt.c	00413A40	00420378	00413CE0	004380B0	3	326	195				0042B38F	get_follow_point	113			00423820	wc2-insertion
src/cockpt.c	00413A40	00420378	00413CE0	004380B0	3	326	196				0042B524	get_first_follow_point	24			00423930	wc2-insertion
src/cockpt.c	00413A40	00420378	00413CE0	004380B0	3	326	197				0042B565	hostile_sphere	41			00423970	wc2-insertion
src/cockpt.c	00413A40	00420378	00413CE0	004380B0	3	326	198				0042B5F7	abandoned	63			004239D0	wc2-insertion
src/cockpt.c	00413A40	00420378	00413CE0	004380B0	3	326	199				0042B6C5	engage	36			00423A50	wc2-insertion
src/cockpt.c	00413A40	00420378	00413CE0	004380B0	3	326	200				0042B73B	target_valid	59			00423AC0	wc2-insertion
src/cockpt.c	00413A40	00420378	00413CE0	004380B0	3	326	201				0042B80C	FUN_0042B80C	62				wc2-insertion
src/cockpt.c	00413A40	00420378	00413CE0	004380B0	3	326	202				0042B916	FUN_0042B916	38				wc2-insertion
src/cockpt.c	00413A40	00420378	00413CE0	004380B0	3	326	203				0042B985	evaluate_damage	88			00423C00	wc2-insertion
src/cockpt.c	00413A40	00420378	00413CE0	004380B0	3	326	204				0042BAC0	FillGraphicSuffix	35			00436C70	wc2-insertion
src/cockpt.c	00413A40	00420378	00413CE0	004380B0	3	326	205				0042BB17	ConvertChar_Int	32			00436CB0	wc2-insertion
src/cockpt.c	00413A40	00420378	00413CE0	004380B0	3	326	206				0042BB70	PostMission	143			0040F010	wc2-insertion
src/cockpt.c	00413A40	00420378	00413CE0	004380B0	3	326	207				0042BDDB	FUN_0042BDDB	16				wc2-insertion
src/cockpt.c	00413A40	00420378	00413CE0	004380B0	3	326	208				0042BDFE	FUN_0042BDFE	10				wc2-insertion
src/cockpt.c	00413A40	00420378	00413CE0	004380B0	3	326	209				0042BE09	FUN_0042BE09	23				wc2-insertion
src/cockpt.c	00413A40	00420378	00413CE0	004380B0	3	326	210				0042BE4B	FUN_0042BE4B	60				wc2-insertion
src/cockpt.c	00413A40	00420378	00413CE0	004380B0	3	326	211				0042BF0C	FUN_0042BF0C	55				wc2-insertion
src/cockpt.c	00413A40	00420378	00413CE0	004380B0	3	326	212				0042BFB8	FUN_0042BFB8	39				wc2-insertion
src/cockpt.c	00413A40	00420378	00413CE0	004380B0	3	326	213				0042C04B	FUN_0042C04B	25				wc2-insertion
src/cockpt.c	00413A40	00420378	00413CE0	004380B0	3	326	214				0042C0A2	FUN_0042C0A2	25				wc2-insertion
src/cockpt.c	00413A40	00420378	00413CE0	004380B0	3	326	215				0042C0F1	print_subtitle	155			00403920	wc2-insertion
src/cockpt.c	00413A40	00420378	00413CE0	004380B0	3	326	216				0042C373	FUN_0042C373	21				wc2-insertion
src/cockpt.c	00413A40	00420378	00413CE0	004380B0	3	326	217				0042C3A7	FUN_0042C3A7	43				wc2-insertion
src/cockpt.c	00413A40	00420378	00413CE0	004380B0	3	326	218				0042C43D	DisplayTrainSimHighScoreTable	100			00425C60	wc2-insertion
src/cockpt.c	00413A40	00420378	00413CE0	004380B0	3	326	219				0042C5A2	FUN_0042C5A2	34				wc2-insertion
src/cockpt.c	00413A40	00420378	00413CE0	004380B0	3	326	220				0042C607	FUN_0042C607	27				wc2-insertion
src/cockpt.c	00413A40	00420378	00413CE0	004380B0	3	326	221				0042C659	FUN_0042C659	27				wc2-insertion
src/cockpt.c	00413A40	00420378	00413CE0	004380B0	3	326	222				0042C6AC	FUN_0042C6AC	42				wc2-insertion
src/cockpt.c	00413A40	00420378	00413CE0	004380B0	3	326	223				0042C725	FUN_0042C725	25				wc2-insertion
src/cockpt.c	00413A40	00420378	00413CE0	004380B0	3	326	224				0042C75D	FUN_0042C75D	27				wc2-insertion
src/cockpt.c	00413A40	00420378	00413CE0	004380B0	3	326	225				0042C7BC	FUN_0042C7BC	78				wc2-insertion
src/cockpt.c	00413A40	00420378	00413CE0	004380B0	3	326	226				0042C8E1	FUN_0042C8E1	57				wc2-insertion
src/cockpt.c	00413A40	00420378	00413CE0	004380B0	3	326	227				0042C9B0	FUN_0042C9B0	39				wc2-insertion
src/cockpt.c	00413A40	00420378	00413CE0	004380B0	3	326	228				0042CA28	FUN_0042CA28	65				wc2-insertion
src/cockpt.c	00413A40	00420378	00413CE0	004380B0	3	326	229				0042CB08	FUN_0042CB08	90				wc2-insertion
src/cockpt.c	00413A40	00420378	00413CE0	004380B0	3	326	230				0042CC42	FUN_0042CC42	91				wc2-insertion
src/cockpt.c	00413A40	00420378	00413CE0	004380B0	3	326	231				0042CDB5	FUN_0042CDB5	165				wc2-insertion
src/cockpt.c	00413A40	00420378	00413CE0	004380B0	3	326	232				0042CFDB	FUN_0042CFDB	127				wc2-insertion
src/cockpt.c	00413A40	00420378	00413CE0	004380B0	3	326	233				0042D181	FUN_0042D181	56				wc2-insertion
src/cockpt.c	00413A40	00420378	00413CE0	004380B0	3	326	234				0042D227	FUN_0042D227	124				wc2-insertion
src/cockpt.c	00413A40	00420378	00413CE0	004380B0	3	326	235				0042D444	FUN_0042D444	30				wc2-insertion
src/cockpt.c	00413A40	00420378	00413CE0	004380B0	3	326	236				0042D4C1	FUN_0042D4C1	20				wc2-insertion
src/cockpt.c	00413A40	00420378	00413CE0	004380B0	3	326	237				0042D4FA	FUN_0042D4FA	29				wc2-insertion
src/cockpt.c	00413A40	00420378	00413CE0	004380B0	3	326	238				0042D568	ViewMedals	159			00436E30	wc2-insertion
src/cockpt.c	00413A40	00420378	00413CE0	004380B0	3	326	239				0042D81C	FUN_0042D81C	54				wc2-insertion
src/cockpt.c	00413A40	00420378	00413CE0	004380B0	3	326	240				0042D8E2	FUN_0042D8E2	57				wc2-insertion
src/cockpt.c	00413A40	00420378	00413CE0	004380B0	3	326	241				0042D98C	FUN_0042D98C	52				wc2-insertion
src/cockpt.c	00413A40	00420378	00413CE0	004380B0	3	326	242				0042DA25	FUN_0042DA25	250				wc2-insertion
src/cockpt.c	00413A40	00420378	00413CE0	004380B0	3	326	243				0042DD9F	FUN_0042DD9F	55				wc2-insertion
src/cockpt.c	00413A40	00420378	00413CE0	004380B0	3	326	244				0042DE62	FUN_0042DE62	23				wc2-insertion
src/cockpt.c	00413A40	00420378	00413CE0	004380B0	3	326	245				0042DE9D	FUN_0042DE9D	46				wc2-insertion
src/cockpt.c	00413A40	00420378	00413CE0	004380B0	3	326	246				0042DF32	FUN_0042DF32	28				wc2-insertion
src/cockpt.c	00413A40	00420378	00413CE0	004380B0	3	326	247				0042DF80	FUN_0042DF80	128				wc2-insertion
src/cockpt.c	00413A40	00420378	00413CE0	004380B0	3	326	248				0042E12A	FUN_0042E12A	172				wc2-insertion
src/cockpt.c	00413A40	00420378	00413CE0	004380B0	3	326	249				0042E3CF	PromptForTextInput	106			0041B420	wc2-insertion
src/cockpt.c	00413A40	00420378	00413CE0	004380B0	3	326	250				0042E553	FUN_0042E553	93				wc2-insertion
src/cockpt.c	00413A40	00420378	00413CE0	004380B0	3	326	251				0042E692	FUN_0042E692	29				wc2-insertion
src/cockpt.c	00413A40	00420378	00413CE0	004380B0	3	326	252				0042E6EB	FUN_0042E6EB	40				wc2-insertion
src/cockpt.c	00413A40	00420378	00413CE0	004380B0	3	326	253				0042E762	FUN_0042E762	66				wc2-insertion
src/cockpt.c	00413A40	00420378	00413CE0	004380B0	3	326	254				0042E868	DrawFuneralLongShot	219			00439220	wc2-insertion
src/cockpt.c	00413A40	00420378	00413CE0	004380B0	3	326	255				0042EBD0	FUN_0042EBD0	55			00426700	wc2-insertion
src/cockpt.c	00413A40	00420378	00413CE0	004380B0	3	326	256				0042EC7F	FUN_0042EC7F	24				wc2-insertion
src/cockpt.c	00413A40	00420378	00413CE0	004380B0	3	326	257				0042ECCB	UpdateMap	100			00405CC0	wc2-insertion
src/cockpt.c	00413A40	00420378	00413CE0	004380B0	3	326	258				0042EE4F	FUN_0042EE4F	24				wc2-insertion
src/cockpt.c	00413A40	00420378	00413CE0	004380B0	3	326	259				0042EE86	FUN_0042EE86	41				wc2-insertion
src/cockpt.c	00413A40	00420378	00413CE0	004380B0	3	326	260				0042EF12	FUN_0042EF12	105				wc2-insertion
src/cockpt.c	00413A40	00420378	00413CE0	004380B0	3	326	261				0042F0B3	FUN_0042F0B3	26				wc2-insertion
src/cockpt.c	00413A40	00420378	00413CE0	004380B0	3	326	262				0042F100	FUN_0042F100	22				wc2-insertion
src/cockpt.c	00413A40	00420378	00413CE0	004380B0	3	326	263				0042F135	FUN_0042F135	37				wc2-insertion
src/cockpt.c	00413A40	00420378	00413CE0	004380B0	3	326	264				0042F19A	FUN_0042F19A	37				wc2-insertion
src/cockpt.c	00413A40	00420378	00413CE0	004380B0	3	326	265				0042F1FD	FUN_0042F1FD	3599				wc2-insertion
src/cockpt.c	00413A40	00420378	00413CE0	004380B0	3	326	266				00432DCC	FUN_00432DCC	31				wc2-insertion
src/cockpt.c	00413A40	00420378	00413CE0	004380B0	3	326	267				00432E23	RewriteDiskFileGraphicsExtensions	34			0042C510	wc2-insertion
src/cockpt.c	00413A40	00420378	00413CE0	004380B0	3	326	268				00432E83	FUN_00432E83	34				wc2-insertion
src/cockpt.c	00413A40	00420378	00413CE0	004380B0	3	326	269				00432EE4	FUN_00432EE4	28				wc2-insertion
src/cockpt.c	00413A40	00420378	00413CE0	004380B0	3	326	270				00432F2A	FUN_00432F2A	205				wc2-insertion
src/cockpt.c	00413A40	00420378	00413CE0	004380B0	3	326	271				00433269	FUN_00433269	52				wc2-insertion
src/cockpt.c	00413A40	00420378	00413CE0	004380B0	3	326	272				00433328	FUN_00433328	59				wc2-insertion
src/cockpt.c	00413A40	00420378	00413CE0	004380B0	3	326	273				004333F8	SceneEnterHook	13			00425AF0	wc2-insertion
src/cockpt.c	00413A40	00420378	00413CE0	004380B0	3	326	274				00433410	PanToScreen	201			00439430	wc2-insertion
src/cockpt.c	00413A40	00420378	00413CE0	004380B0	3	326	275				00433690	FUN_00433690	63				wc2-insertion
src/cockpt.c	00413A40	00420378	00413CE0	004380B0	3	326	276				0043374E	FUN_0043374E	17				wc2-insertion
src/cockpt.c	00413A40	00420378	00413CE0	004380B0	3	326	277				00433777	FUN_00433777	181				wc2-insertion
src/cockpt.c	00413A40	00420378	00413CE0	004380B0	3	326	278				00433A14	FUN_00433A14	37				wc2-insertion
src/cockpt.c	00413A40	00420378	00413CE0	004380B0	3	326	279				00433A75	FUN_00433A75	26				wc2-insertion
src/cockpt.c	00413A40	00420378	00413CE0	004380B0	3	326	280				00433AB0	FUN_00433AB0	12				wc2-insertion
src/cockpt.c	00413A40	00420378	00413CE0	004380B0	3	326	281				00433AD0	FUN_00433AD0	92				wc2-insertion
src/cockpt.c	00413A40	00420378	00413CE0	004380B0	3	326	282				00433C84	FUN_00433C84	136				wc2-insertion
src/cockpt.c	00413A40	00420378	00413CE0	004380B0	3	326	283				00433E8C	FUN_00433E8C	25				wc2-insertion
src/cockpt.c	00413A40	00420378	00413CE0	004380B0	3	326	284				00433ED7	GetBunkInfo	60			0041BB20	wc2-insertion
src/cockpt.c	00413A40	00420378	00413CE0	004380B0	3	326	285				00433F94	Dismissed	57			00437B80	wc2-insertion
src/cockpt.c	00413A40	00420378	00413CE0	004380B0	3	326	286				00434043	get_pilot_talk	98			0040C1C0	wc2-insertion
src/cockpt.c	00413A40	00420378	00413CE0	004380B0	3	326	287				00434177	DrawMedalLongShot	93			00437250	wc2-insertion
src/cockpt.c	00413A40	00420378	00413CE0	004380B0	3	326	288				004342E8	OpenDiskDataFile	170			0041D6C0	wc2-insertion
src/cockpt.c	00413A40	00420378	00413CE0	004380B0	3	326	289				0043456E	FUN_0043456E	24				wc2-insertion
src/cockpt.c	00413A40	00420378	00413CE0	004380B0	3	326	290				004345A1	EraseLastTextInputCharacter	94			0041DDF0	wc2-insertion
src/cockpt.c	00413A40	00420378	00413CE0	004380B0	3	326	291				004346E9	WarnLoadGameFirst	69			0041B550	wc2-insertion
src/cockpt.c	00413A40	00420378	00413CE0	004380B0	3	326	292				004347D6	FUN_004347D6	69			00426660	wc2-insertion
src/cockpt.c	00413A40	00420378	00413CE0	004380B0	3	326	293				004348C3	FUN_004348C3	148			00426600	wc2-insertion
src/cockpt.c	00413A40	00420378	00413CE0	004380B0	3	326	294				00434ACE	FUN_00434ACE	64				wc2-insertion
src/cockpt.c	00413A40	00420378	00413CE0	004380B0	3	326	295				00434BB5	FUN_00434BB5	178				wc2-insertion
src/cockpt.c	00413A40	00420378	00413CE0	004380B0	3	326	296				00434EBC	DrawArcadeScorePanel	64			00429E90	wc2-insertion
src/cockpt.c	00413A40	00420378	00413CE0	004380B0	3	326	297				00434F7D	ConfirmQuitWingCommander	64			0041BF10	wc2-insertion
src/cockpt.c	00413A40	00420378	00413CE0	004380B0	3	326	298				00435064	FUN_00435064	207				wc2-insertion
src/cockpt.c	00413A40	00420378	00413CE0	004380B0	3	326	299				004353D4	FUN_004353D4	991			00426C70	wc2-insertion
src/cockpt.c	00413A40	00420378	00413CE0	004380B0	3	326	300				0043641C	ConfirmReplaceFaultyData	182			0041BFE0	wc2-insertion
src/cockpt.c	00413A40	00420378	00413CE0	004380B0	3	326	301				00436722	ConfirmAwakenAfterBadData	182			0041BF60	wc2-insertion
src/cockpt.c	00413A40	00420378	00413CE0	004380B0	3	326	302				00436A4D	FUN_00436A4D	23				wc2-insertion
src/cockpt.c	00413A40	00420378	00413CE0	004380B0	3	326	303				00436A8F	FUN_00436A8F	789				wc2-insertion
src/cockpt.c	00413A40	00420378	00413CE0	004380B0	3	326	304				00437760	SplitGameClockTicks	52			00403C40	wc2-insertion
src/cockpt.c	00413A40	00420378	00413CE0	004380B0	3	326	305				004377F0	MonoDebug_install	69			00403C90	wc2-insertion
src/cockpt.c	00413A40	00420378	00413CE0	004380B0	3	326	306				004378D9	MonoDebug_remove	16			00403D60	wc2-insertion
src/cockpt.c	00413A40	00420378	00413CE0	004380B0	3	326	307				00437907	FUN_00437907	25				wc2-insertion
src/cockpt.c	00413A40	00420378	00413CE0	004380B0	3	326	308				00437946	SoundDebugPrintf	24			00403DB0	wc2-insertion
src/cockpt.c	00413A40	00420378	00413CE0	004380B0	3	326	309				00437983	MonoDebug_print	29			00403DE0	wc2-insertion
src/cockpt.c	00413A40	00420378	00413CE0	004380B0	3	326	310				004379D4	ReadPerformanceCounter	13			00403E30	wc2-insertion
src/cockpt.c	00413A40	00420378	00413CE0	004380B0	3	326	311				004379F0	FUN_004379F0	24				wc2-insertion
src/cockpt.c	00413A40	00420378	00413CE0	004380B0	3	326	312				00437A44	FUN_00437A44	37				wc2-insertion
src/cockpt.c	00413A40	00420378	00413CE0	004380B0	3	326	313				00437AB4	exit_squadron	21			00427370	wc2-insertion
src/cockpt.c	00413A40	00420378	00413CE0	004380B0	3	326	314				00437AEC	ShowMemoryStatusDebug	103			004273C0	wc2-insertion
src/cockpt.c	00413A40	00420378	00413CE0	004380B0	3	326	315				00437C2E	ShowModalMessage	38			00428F20	wc2-insertion
src/cockpt.c	00413A40	00420378	00413CE0	004380B0	3	326	316				00437C96	ReportOutOfMemoryAndExit	18			00428F80	wc2-insertion
src/cockpt.c	00413A40	00420378	00413CE0	004380B0	3	326	317				00437CBF	InitializeConversationViewport	42			00427B20	wc2-insertion
src/cockpt.c	00413A40	00420378	00413CE0	004380B0	3	326	318				00437D68	ResetScreenClipToFullHeight	15			00427BA0	wc2-insertion
src/cockpt.c	00413A40	00420378	00413CE0	004380B0	3	326	319				00437D92	InitializeConversationText	29			00427BC0	wc2-insertion
src/cockpt.c	00413A40	00420378	00413CE0	004380B0	3	326	320				00437DFA	ShowOnScreenMessage	86			00428FA0	wc2-insertion
src/cockpt.c	00413A40	00420378	00413CE0	004380B0	3	326	321				00437F2F	ShowGamePausedBanner	24			004290A0	wc2-insertion
src/cockpt.c	00413A40	00420378	00413CE0	004380B0	3	326	322				00437F77	ShowVersionBanner	16			004290D0	wc2-insertion
src/cockpt.c	00413A40	00420378	00413CE0	004380B0	3	326	323				00437F9A	SetMessageDisplaySpeed	23			004290F0	wc2-insertion
src/cockpt.c	00413A40	00420378	00413CE0	004380B0	3	326	324				00437FD3	ReportFramesSkipped	29			00429120	wc2-insertion
src/cockpt.c	00413A40	00420378	00413CE0	004380B0	3	326	325				00438020	FUN_00438020	32				wc2-insertion
src/cockpt.c	00413A40	00420378	00413CE0	004380B0	3	326	326				00438080	FUN_00438080	16				wc2-insertion
src/cockpt.c	00413D40	00438129	00413F70	00438454	1	1	1	00413DA0	vdu_polygon	122	00438194	vdu_polygon	189	00438194	80.95	00413DA0	confirmed-order
src/cockpt.c	00413F70	00438454	004140A0	004385B3	2	1	1	00413FB0	DrawCockpitReadout	40	004384AD	DrawCockpitReadout	73	004384AD	64.38	00413FB0	unequal-gap-position
src/cockpt.c	00413F70	00438454	004140A0	004385B3	2	1	2	00414050	EraseCockpitReadoutAtPosition	20							wc1-elimination
src/cockpt.c	004140A0	004385B3	004141B0	004387A7	1	1	1	00414180	ClearHudMessageSlot	11	00438711	ClearHudMessageSlot	43	00438711	83.72	00414180	confirmed-order
src/cockpt.c	004142B0	004388F5	004142E0	0043893F	0	1	1				00438923	FUN_00438923	15				wc2-insertion
src/cockpt.c	00414300	0043895F	00414380	00438ADD	0	1	1				004389FE	IsMissionObjectiveOutOfSystem	56				wc2-insertion
src/cockpt.c	00414440	00438D30	004147E0	00439264	3	3	1	00414490	draw_cockpit_lights	77	00438DAD	draw_cockpit_lights	108	00438DAD	68.31	00414490	confirmed-order
src/cockpt.c	00414440	00438D30	004147E0	00439264	3	3	2	004145B0	update_lights	67	00438F62	update_lights	77	00438F62	81.82	004145B0	confirmed-order
src/cockpt.c	00414440	00438D30	004147E0	00439264	3	3	3	00414690	update_bars	105	00439076	update_bars	151	00439076	81.46	00414690	confirmed-order
src/cockpt.c	004148E0	004393B3	00414980	004394A0	1	1	1	00414910	set_new_vdu	33	004393E1	set_new_vdu	56	004393E1	83.64	00414910	confirmed-order
src/cockpt.c	00414A50	004396BF	00414AE0	00439753	1	0	1	00414AD0	PlayTargetLockSfx	6							wc1-elimination
src/cockpt.c	00414B70	0043984F	00414CB0	004399C6	1	1	1	00414BF0	damage_your_component	58	004398CB	damage_your_component	75	004398CB	81.08	00414BF0	confirmed-order
src/cockpt.c	00414CB0	004399C6	00415040	00439F5F	2	2	1	00414D50	fire_computer_graphic_missile	87	00439A5A	fire_computer_graphic_missile	87	00439A5A	88.30	00414D50	confirmed-order
src/cockpt.c	00414CB0	004399C6	00415040	00439F5F	2	2	2	00414EA0	show_weapon_disp	107	00439BB7	show_weapon_disp	239	00439BB7	52.30	00414EA0	confirmed-order
src/cockpt.c	004150D0	0043A2CD	00415180	0043A3F8	1	1	1	00415130	objective_name	26	0043A374	objective_name	39	0043A374	86.49	00415130	confirmed-order
src/cockpt.c	00415180	0043A3F8	004152C0	0043A75E	1	1	1	004151F0	hidden_objective	61	0043A474	hidden_objective	184	0043A474	47.83	004151F0	confirmed-order
src/cockpt.c	004154C0	0043AA3F	004156D0	0043AD61	2	2	1	00415510	escorting_a_ship	9	0043AAC3	escorting_a_ship	21	0043AAC3	85.71	00415510	confirmed-order
src/cockpt.c	004154C0	0043AA3F	004156D0	0043AD61	2	2	2	00415530	flag_reached	113	0043AAFF	flag_reached	153	0043AAFF	66.01	00415530	confirmed-order
src/cockpt.c	004156D0	0043AD61	00415850	0043AFD3	2	2	1	00415720	check_visit	20	0043ADC4	check_visit	33	0043ADC4	85.29	00415720	confirmed-order
src/cockpt.c	004156D0	0043AD61	00415850	0043AFD3	2	2	2	00415770	update_objective_location	78	0043AE2F	update_objective_location	124	0043AE2F	75.00	00415770	confirmed-order
src/cockpt.c	004158A0	0043B089	00415A30	0043B1F0	1	1	1	004158F0	rotational_pos_to_scanner_pos	78	0043B0EB	rotational_pos_to_scanner_pos	78	0043B0EB	70.65	004158F0	confirmed-order
src/cockpt.c	00415A70	0043B258	00415C00	0043B61F	2	3	1	00415A90	clear_head_up_display	54	0043B29D	clear_head_up_display	129	0043B29D	48.84	00415A90	unequal-gap-position
src/cockpt.c	00415A70	0043B258	00415C00	0043B61F	2	3	2	00415B70	set_objective_range	42	0043B4CF	set_objective_range	57	0043B4CF	85.96	00415B70	unequal-gap-position
src/cockpt.c	00415A70	0043B258	00415C00	0043B61F	2	3	3				0043B570	FUN_0043B570	50				wc2-insertion
src/cockpt.c	00415C00	0043B61F	00415FC0	0043BE1B	1	1	1	00415CE0	draw_3d_scanner	200	0043B7C0	draw_3d_scanner	414	0043B7C0	40.34	00415CE0	confirmed-order
src/cockpt.c	00416010	0043BE8D	00416220	0043C30D	3	3	1	00416040	CheckTargetLockMalfunction	24	0043BEFF	CheckTargetLockMalfunction	35	0043BEFF	86.49	00416040	confirmed-order
src/cockpt.c	00416010	0043BE8D	00416220	0043C30D	3	3	2	00416090	decrement_lock_time	42	0043BF67	decrement_lock_time	60	0043BF67	86.67	00416090	confirmed-order
src/cockpt.c	00416010	0043BE8D	00416220	0043C30D	3	3	3	00416120	target_locking	76	0043C048	target_locking	169	0043C048	47.62	00416120	confirmed-order
src/cockpt.c	00416460	0043C570	00416480	0043C601	0	1	1				0043C5B0	RestoreHudMessageBackground	27				wc2-insertion
src/cockpt.c	00416480	0043C601	004164B0	0043C6D8	0	1	1				0043C64D	ClearHudMessageDisplay	37				wc2-insertion
src/cockpt.c	004168A0	0043CBD3	00416C90	0043D7F2	2	5	1	004168C0	draw_nav_pointer	134	0043CBFD	draw_nav_pointer	160	0043CBFD	71.88	004168C0	unequal-gap-position
src/cockpt.c	004168A0	0043CBD3	00416C90	0043D7F2	2	5	2	00416AC0	overlay_head_up_display	123	0043CE8F	sort_viable_target_list	52	0043D386	44.61	0041E860	unequal-gap-position
src/cockpt.c	004168A0	0043CBD3	00416C90	0043D7F2	2	5	3				0043CF5A	FUN_0043CF5A	258				wc2-insertion
src/cockpt.c	004168A0	0043CBD3	00416C90	0043D7F2	2	5	4				0043D323	FUN_0043D323	30				wc2-insertion
src/cockpt.c	004168A0	0043CBD3	00416C90	0043D7F2	2	5	5				0043D386	overlay_head_up_display	269			00416AC0	wc2-insertion
src/cockpt.c	00416C90	0043D7F2	00416DE0	0043D956	1	1	1	00416CB0	RestoreTransientCockpitGraphics	85	0043D81F	RestoreTransientCockpitGraphics	86	0043D81F	76.84	00416CB0	confirmed-order
src/cockpt.c	00416DE0	0043D956	00416E20	0043D9DA	0	1	1				0043D9AB	FUN_0043D9AB	20				wc2-insertion
src/cockpt.c	00416E20	0043D9DA	004171D0	0043E297	4	5	1	00416E90	build_your_target_list	41	0043DA68	build_your_target_list	164	0043DA68	31.71	00416E90	unequal-gap-position
src/cockpt.c	00416E20	0043D9DA	004171D0	0043E297	4	5	2	00416F30	cycle_onscreen_targets	48	0043DD1B	cycle_onscreen_targets	56	0043DD1B	89.66	00416F30	unequal-gap-position
src/cockpt.c	00416E20	0043D9DA	004171D0	0043E297	4	5	3	00416FD0	check_target	109	0043DDFC	check_target	162	0043DDFC	77.16	00416FD0	unequal-gap-position
src/cockpt.c	00416E20	0043D9DA	004171D0	0043E297	4	5	4	00417190	update_missile_warning	19	0043E101	FUN_0043E101	52	0043E1B2	45.00		unequal-gap-position
src/cockpt.c	00416E20	0043D9DA	004171D0	0043E297	4	5	5				0043E1B2	update_missile_warning	60			00417190	wc2-insertion
src/cockpt.c	00417260	0043E371	00417320	0043F110	0	14	1				0043E43A	animate_pilot	18			004173C0	wc2-insertion
src/cockpt.c	00417260	0043E371	00417320	0043F110	0	14	2				0043E472	ResetPilotHandAnimation	18			004173F0	wc2-insertion
src/cockpt.c	00417260	0043E371	00417320	0043F110	0	14	3				0043E4A8	send_message	69			00417420	wc2-insertion
src/cockpt.c	00417260	0043E371	00417320	0043F110	0	14	4				0043E5DA	npc_communication	153			004174F0	wc2-insertion
src/cockpt.c	00417260	0043E371	00417320	0043F110	0	14	5				0043E870	clear_cockpit_damage	22			00417610	wc2-insertion
src/cockpt.c	00417260	0043E371	00417320	0043F110	0	14	6				0043E8B2	explosion_draw	77			00417630	wc2-insertion
src/cockpt.c	00417260	0043E371	00417320	0043F110	0	14	7				0043E9E2	DrawPendingCockpitDamage	63			004176C0	wc2-insertion
src/cockpt.c	00417260	0043E371	00417320	0043F110	0	14	8				0043EAE3	RestoreCockpitExplosionBackground	31			00417760	wc2-insertion
src/cockpt.c	00417260	0043E371	00417320	0043F110	0	14	9				0043EB46	cockpit_explosion	69			004177B0	wc2-insertion
src/cockpt.c	00417260	0043E371	00417320	0043F110	0	14	10				0043EC50	place_damage_on_cockpit	34			004178A0	wc2-insertion
src/cockpt.c	00417260	0043E371	00417320	0043F110	0	14	11				0043ECD9	vid_transmit	210			00417910	wc2-insertion
src/cockpt.c	00417260	0043E371	00417320	0043F110	0	14	12				0043F042	vid_equiv	30			00417AC0	wc2-insertion
src/cockpt.c	00417260	0043E371	00417320	0043F110	0	14	13				0043F09D	update_dead_disp	19			00417B10	wc2-insertion
src/cockpt.c	00417260	0043E371	00417320	0043F110	0	14	14				0043F0C3	check_stranded	24			00417B30	wc2-insertion
src/cockpt.c	004173F0	0043E472	00417610	0043E870	2	2	1	00417420	send_message	53	0043E4A8	send_message	69	0043E4A8	84.72	00417420	confirmed-order
src/cockpt.c	004173F0	0043E472	00417610	0043E870	2	2	2	004174F0	npc_communication	80	0043E5DA	npc_communication	153	0043E5DA	47.71	004174F0	confirmed-order
src/cockpt.c	00417610	0043E870	00417760	0043EAE3	2	2	1	00417630	explosion_draw	39	0043E8B2	explosion_draw	77	0043E8B2	42.11	00417630	confirmed-order
src/cockpt.c	00417610	0043E870	00417760	0043EAE3	2	2	2	004176C0	DrawPendingCockpitDamage	41	0043E9E2	DrawPendingCockpitDamage	63	0043E9E2	69.35	004176C0	confirmed-order
src/cockpt.c	004178A0	0043EC50	00417AC0	0043F042	1	1	1	00417910	vid_transmit	123	0043ECD9	vid_transmit	210	0043ECD9	43.33	00417910	confirmed-order
src/cockpt.c	00417B10	0043F09D	00417F00	0043F849	3	5	1	00417B30	check_stranded	15	0043F0C3	check_stranded	24	0043F0C3	88.00	00417B30	unequal-gap-position
src/cockpt.c	00417B10	0043F09D	00417F00	0043F849	3	5	2	00417B70	update_VDUs	160	0043F110	CopyTrainSimPilotViewToVdus	117	0043F2F5	81.16	00417320	unequal-gap-position
src/cockpt.c	00417B10	0043F09D	00417F00	0043F849	3	5	3	00417E70	update_cockpit	33	0043F2F5	update_VDUs	212	0043F6C9	55.84	00417B70	unequal-gap-position
src/cockpt.c	00417B10	0043F09D	00417F00	0043F849	3	5	4				0043F6C9	update_cockpit	77			00417E70	wc2-insertion
src/cockpt.c	00417B10	0043F09D	00417F00	0043F849	3	5	5				0043F81B	IsCockpitWeaponShapeLoaded	17				wc2-insertion
src/debug.cpp	0041CF50	0045B55C	0041CFA0	0045B654	0	1	1				0045B5D8	DebugOverlayConsole::EnableReverseVideo	41			0041CF00	wc2-insertion
src/dib.c	00432050	0045CE9A	004320E0	0045CF7F	0	1	1				0045CF3B	FUN_0045CF3B	18				wc2-insertion
src/dib.c	00432230	0045D11F	00432680	0045D78C	3	3	1	004322B0	DIBreInstall	28	0045D1BB	DIBreInstall	39	0045D1BB	87.18	004322B0	confirmed-order
src/dib.c	00432230	0045D11F	00432680	0045D78C	3	3	2	00432310	DIBinstall	75	0045D23B	DIBinstall	100	0045D23B	83.00	00432310	confirmed-order
src/dib.c	00432230	0045D11F	00432680	0045D78C	3	3	3	00432410	DIBcascade	216	0045D3A1	DIBcascade	272	0045D3A1	81.18	00432410	confirmed-order
src/dib.c	00432680	0045D78C	00432960	0045DC19	2	4	1	004326E0	DIBmakeDIB	115	0045D80F	DIBmakeDIB	146	0045D80F	73.86	004326E0	unequal-gap-position
src/dib.c	00432680	0045D78C	00432960	0045DC19	2	4	2	004328A0	DIBdestroyDIB	51	0045DA8C	DIBdestroyDIB	62	0045DA8C	85.48	004328A0	unequal-gap-position
src/dib.c	00432680	0045D78C	00432960	0045DC19	2	4	3				0045DB8C	MarkDibDirty	32				wc2-insertion
src/dib.c	00432680	0045D78C	00432960	0045DC19	2	4	4				0045DBFF	FUN_0045DBFF	12				wc2-insertion
src/dib.c	00432960	0045DC19	00432DE0	0045E276	2	2	1	00432970	DIBslamReal	221	0045DC33	DIBslamReal	277	0045DC33	73.50	00432970	confirmed-order
src/dib.c	00432960	0045DC19	00432DE0	0045E276	2	2	2	00432C60	DIBupdate	107	0045E060	DIBupdate	143	0045E060	75.18	00432C60	confirmed-order
src/dib.c	00432DE0	0045E276	00432E00	0045E2C5	0	3	1				0045E28B	FUN_0045E28B	11				wc2-insertion
src/dib.c	00432DE0	0045E276	00432E00	0045E2C5	0	3	2				0045E29B	FUN_0045E29B	12				wc2-insertion
src/dib.c	00432DE0	0045E276	00432E00	0045E2C5	0	3	3				0045E2B0	FUN_0045E2B0	12				wc2-insertion
src/dib.c	00432E30	0045E2DA	00433020	0045E61C	2	2	1	00432EA0	DIBramPalette	30	0045E37C	DIBramPalette	52	0045E37C	86.54	00432EA0	confirmed-order
src/dib.c	00432E30	0045E2DA	00433020	0045E61C	2	2	2	00432F10	DIBsetPalette	75	0045E46C	DIBsetPalette	112	0045E46C	67.86	00432F10	confirmed-order
src/dib.c	00433020	0045E61C	004331E0	0045E9C5	2	2	1	00433060	DIBwholePaletteFromTriplets	59	0045E667	DIBwholePaletteFromTriplets	95	0045E667	88.42	00433060	confirmed-order
src/dib.c	00433020	0045E61C	004331E0	0045E9C5	2	2	2	00433120	DIBwholePaletteFromWords	59	0045E816	DIBwholePaletteFromWords	95	0045E816	88.42	00433120	confirmed-order
src/disk.c	0041D120	0040F0D2	0041DEE0	004103A6	16	38	1	0041D200	LoadPacketIntoBuffer	32	0040F266	FUN_0040F266	116				unequal-gap-position
src/disk.c	0041D120	0040F0D2	0041DEE0	004103A6	16	38	2	0041D250	LoadPacketAllocated	55	0040F3AE	RewritePacketFilenameForInstalledData	34	0040F49D	83.70		unequal-gap-position
src/disk.c	0041D120	0040F0D2	0041DEE0	004103A6	16	38	3	0041D2E0	FetchDiskPacketRetrying	176	0040F40E	FUN_0040F40E	54	0040F5B6	88.41		unequal-gap-position
src/disk.c	0041D120	0040F0D2	0041DEE0	004103A6	16	38	4	0041D510	InitializeTextContextFromFont	36	0040F49D	LoadPacketAllocated	92	0042067F	50.00	0041D250	unequal-gap-position
src/disk.c	0041D120	0040F0D2	0041DEE0	004103A6	16	38	5	0041D590	ReleaseTextFont	24	0040F5B6	FetchDiskPacketRetrying	207			0041D2E0	unequal-gap-position
src/disk.c	0041D120	0040F0D2	0041DEE0	004103A6	16	38	6	0041D5F0	DrawTextAt	31	0040F882	FUN_0040F882	47	0040F96E	70.00		unequal-gap-position
src/disk.c	0041D120	0040F0D2	0041DEE0	004103A6	16	38	7	0041D650	SortSignedByteValuesAscending	43	0040F91C	FUN_0040F91C	24				unequal-gap-position
src/disk.c	0041D120	0040F0D2	0041DEE0	004103A6	16	38	8	0041D6C0	OpenDiskDataFile	45	0040F96E	DrawTextAt	50	004342E8	25.88	0041D5F0	unequal-gap-position
src/disk.c	0041D120	0040F0D2	0041DEE0	004103A6	16	38	9	0041D760	PromptInsertNumberedDisk	156	0040F9F7	FlushPendingInputPresses	20				unequal-gap-position
src/disk.c	0041D120	0040F0D2	0041DEE0	004103A6	16	38	10	0041DA00	GetZeroUnused	2	0040FA2C	WaitForInputKey	54			0041DAA0	unequal-gap-position
src/disk.c	0041D120	0040F0D2	0041DEE0	004103A6	16	38	11	0041DA10	CheckEscaped	49	0040FADE	FUN_0040FADE	44				unequal-gap-position
src/disk.c	0041D120	0040F0D2	0041DEE0	004103A6	16	38	12	0041DAA0	WaitForInputKey	66	0040FB80	InitializeDIBScreenViewport	65	0040FA2C	47.37	0042F740	unequal-gap-position
src/disk.c	0041D120	0040F0D2	0041DEE0	004103A6	16	38	13	0041DBA0	WaitForSceneAdvance	52	0040FC7E	InitFullScreenViewport	28	00409120	42.86	0042F7E0	unequal-gap-position
src/disk.c	0041D120	0040F0D2	0041DEE0	004103A6	16	38	14	0041DC70	MoveMenuPointerFromKeyboard	74	0040FCD0	CreateDebugOverlayConsole	44			00425B00	unequal-gap-position
src/disk.c	0041D120	0040F0D2	0041DEE0	004103A6	16	38	15	0041DDF0	EraseLastTextInputCharacter	57	0040FD73	DestroyGlobalDebugOverlayConsole	22	004345A1	34.04	00425B90	unequal-gap-position
src/disk.c	0041D120	0040F0D2	0041DEE0	004103A6	16	38	16	0041DEB0	WaitForStreamInputKey	9	0040FDAD	SystemDebugPrintf	37			00425BB0	unequal-gap-position
src/disk.c	0041D120	0040F0D2	0041DEE0	004103A6	16	38	17				0040FE23	PumpMessagesDuringWait	13			00425BC0	wc2-insertion
src/disk.c	0041D120	0040F0D2	0041DEE0	004103A6	16	38	18				0040FE3E	TakeDebugStepFlag	13			00425BD0	wc2-insertion
src/disk.c	0041D120	0040F0D2	0041DEE0	004103A6	16	38	19				0040FE59	SetDebugTextPosition	17			00425BE0	wc2-insertion
src/disk.c	0041D120	0040F0D2	0041DEE0	004103A6	16	38	20				0040FE7E	SetDebugCursorPosition	17			00425BF0	wc2-insertion
src/disk.c	0041D120	0040F0D2	0041DEE0	004103A6	16	38	21				0040FEA3	ResetDebugOverlay	13			00425C00	wc2-insertion
src/disk.c	0041D120	0040F0D2	0041DEE0	004103A6	16	38	22				0040FEBE	ClearDebugOverlay	13			00425C10	wc2-insertion
src/disk.c	0041D120	0040F0D2	0041DEE0	004103A6	16	38	23				0040FED9	ClearDebugPauseFlags	13			00425C20	wc2-insertion
src/disk.c	0041D120	0040F0D2	0041DEE0	004103A6	16	38	24				0040FF00	FUN_0040FF00	22				wc2-insertion
src/disk.c	0041D120	0040F0D2	0041DEE0	004103A6	16	38	25				0040FF40	DebugOverlayConsole::SetTextPosition	19				wc2-insertion
src/disk.c	0041D120	0040F0D2	0041DEE0	004103A6	16	38	26				0040FF70	DebugOverlayConsole::SetCursorPosition	19				wc2-insertion
src/disk.c	0041D120	0040F0D2	0041DEE0	004103A6	16	38	27				0040FFA0	DebugOverlayConsole::Reset	15				wc2-insertion
src/disk.c	0041D120	0040F0D2	0041DEE0	004103A6	16	38	28				0040FFC0	DebugOverlayConsole::TakeStepFlag	17				wc2-insertion
src/disk.c	0041D120	0040F0D2	0041DEE0	004103A6	16	38	29				0040FFF0	DebugOverlayConsole::ClearPauseFlags	15				wc2-insertion
src/disk.c	0041D120	0040F0D2	0041DEE0	004103A6	16	38	30				00410020	FUN_00410020	31				wc2-insertion
src/disk.c	0041D120	0040F0D2	0041DEE0	004103A6	16	38	31				0041008E	FUN_0041008E	37				wc2-insertion
src/disk.c	0041D120	0040F0D2	0041DEE0	004103A6	16	38	32				00410102	FUN_00410102	26				wc2-insertion
src/disk.c	0041D120	0040F0D2	0041DEE0	004103A6	16	38	33				00410161	IsCapitalShipObject	18				wc2-insertion
src/disk.c	0041D120	0040F0D2	0041DEE0	004103A6	16	38	34				00410192	FUN_00410192	39				wc2-insertion
src/disk.c	0041D120	0040F0D2	0041DEE0	004103A6	16	38	35				00410215	FUN_00410215	37				wc2-insertion
src/disk.c	0041D120	0040F0D2	0041DEE0	004103A6	16	38	36				00410289	GetAdaptiveTurnRate	33				wc2-insertion
src/disk.c	0041D120	0040F0D2	0041DEE0	004103A6	16	38	37				004102FD	FUN_004102FD	23				wc2-insertion
src/disk.c	0041D120	0040F0D2	0041DEE0	004103A6	16	38	38				00410352	FUN_00410352	23			00453430	wc2-insertion
src/disk.c	0041DF40	0041040D	0041DFA0	0041062D	1	1	1	0041DF70	new_object	16	004105BF	new_object	37	004105BF	81.08	0041DF70	confirmed-order
src/disk.c	0041E040	00410715	0041E7C0	004118A9	6	7	1	0041E120	set_objects_data	165	0041090F	FUN_0041090F	41	00410999	51.67		unequal-gap-position
src/disk.c	0041E040	00410715	0041E7C0	004118A9	6	7	2	0041E400	match_rotation_goal	112	00410999	set_objects_data	420	00411172	86.79	0041E120	unequal-gap-position
src/disk.c	0041E040	00410715	0041E7C0	004118A9	6	7	3	0041E520	rotate_object_to_goal	93	00411172	match_rotation_goal	156	0041133D	57.84	0041E400	unequal-gap-position
src/disk.c	0041E040	00410715	0041E7C0	004118A9	6	7	4	0041E650	check_for_lost_control	58	0041133D	rotate_object_to_goal	185			0041E520	unequal-gap-position
src/disk.c	0041E040	00410715	0041E7C0	004118A9	6	7	5	0041E710	celerate	17	004115F8	FUN_004115F8	121	004117AC	80.00		unequal-gap-position
src/disk.c	0041E040	00410715	0041E7C0	004118A9	6	7	6	0041E750	approach_speed	41	004117AC	celerate	30	0041181D	87.04	0041E710	unequal-gap-position
src/disk.c	0041E040	00410715	0041E7C0	004118A9	6	7	7				0041181D	approach_speed	51			0041E750	wc2-insertion
src/eventmgr.c	00435DC0	00463571	00435DE0	004635D3	0	4	1				0046358F	FUN_0046358F	12				wc2-insertion
src/eventmgr.c	00435DC0	00463571	00435DE0	004635D3	0	4	2				004635A3	FUN_004635A3	11				wc2-insertion
src/eventmgr.c	00435DC0	00463571	00435DE0	004635D3	0	4	3				004635B3	FUN_004635B3	11				wc2-insertion
src/eventmgr.c	00435DC0	00463571	00435DE0	004635D3	0	4	4				004635C3	FUN_004635C3	11				wc2-insertion
src/eventmgr.c	00435DE0	004635D3	00436060	004638F1	3	3	1	00435E20	CaptureMouseCursorBackground	45	004635E3	CaptureMouseCursorBackground	63	004635E3	85.51	00435E20	confirmed-order
src/eventmgr.c	00435DE0	004635D3	00436060	004638F1	3	3	2	00435EF0	DrawMouseCursor	38	004636F7	DrawMouseCursor	57	004636F7	74.60	00435EF0	confirmed-order
src/eventmgr.c	00435DE0	004635D3	00436060	004638F1	3	3	3	00435FA0	RestoreMouseCursorBackground	41	004637F4	RestoreMouseCursorBackground	60	004637F4	84.85	00435FA0	confirmed-order
src/eventmgr.c	00436060	004638F1	004360F0	00463EEE	2	3	1	004360D0	EnterAllocationScope	2	0046396C	ResumeMouseCursor	13	0046396C	83.33	004360D0	unequal-gap-position
src/eventmgr.c	00436060	004638F1	004360F0	00463EEE	2	3	2	004360E0	LeaveAllocationScope	2	00463BA1	FUN_00463BA1	14	00463E19	83.33		unequal-gap-position
src/eventmgr.c	00436060	004638F1	004360F0	00463EEE	2	3	3				00463E19	SuspendMouseCursor	13			004360E0	wc2-insertion
src/eventmgr.c	00436190	00463FAA	004361E0	00464009	0	1	1				00463FE0	FUN_00463FE0	17				wc2-insertion
src/eventmgr.c	00436240	00464072	00436260	00464141	0	4	1				0046409B	FUN_0046409B	30				wc2-insertion
src/eventmgr.c	00436240	00464072	00436260	00464141	0	4	2				004640E4	FUN_004640E4	11				wc2-insertion
src/eventmgr.c	00436240	00464072	00436260	00464141	0	4	3				004640F4	FUN_004640F4	15				wc2-insertion
src/eventmgr.c	00436240	00464072	00436260	00464141	0	4	4				00464123	FUN_00464123	16				wc2-insertion
src/eventmgr.c	00436260	00464141	004362A0	0046416A	0	1	1				00464153	FUN_00464153	14				wc2-insertion
src/eventmgr.c	004362F0	004641C5	004363E0	004642D6	1	11	1	004363A0	ClearInputKeyStatePreservingModifiers	16	004641DA	FUN_004641DA	12	0046428B	81.48		unequal-gap-position
src/eventmgr.c	004362F0	004641C5	004363E0	004642D6	1	11	2				004641EC	FUN_004641EC	11				wc2-insertion
src/eventmgr.c	004362F0	004641C5	004363E0	004642D6	1	11	3				004641FC	FUN_004641FC	12				wc2-insertion
src/eventmgr.c	004362F0	004641C5	004363E0	004642D6	1	11	4				0046420E	FUN_0046420E	12				wc2-insertion
src/eventmgr.c	004362F0	004641C5	004363E0	004642D6	1	11	5				00464220	FUN_00464220	12				wc2-insertion
src/eventmgr.c	004362F0	004641C5	004363E0	004642D6	1	11	6				00464233	FUN_00464233	11				wc2-insertion
src/eventmgr.c	004362F0	004641C5	004363E0	004642D6	1	11	7				00464243	FUN_00464243	12				wc2-insertion
src/eventmgr.c	004362F0	004641C5	004363E0	004642D6	1	11	8				00464255	FUN_00464255	12				wc2-insertion
src/eventmgr.c	004362F0	004641C5	004363E0	004642D6	1	11	9				00464268	FUN_00464268	12				wc2-insertion
src/eventmgr.c	004362F0	004641C5	004363E0	004642D6	1	11	10				0046427B	FUN_0046427B	11				wc2-insertion
src/eventmgr.c	004362F0	004641C5	004363E0	004642D6	1	11	11				0046428B	ClearInputKeyStatePreservingModifiers	27			004363A0	wc2-insertion
src/eventmgr.c	004363E0	004642D6	00436420	0046431A	0	2	1				004642FA	FUN_004642FA	11				wc2-insertion
src/eventmgr.c	004363E0	004642D6	00436420	0046431A	0	2	2				0046430A	FUN_0046430A	11				wc2-insertion
src/eventmgr.c	00436420	0046431A	004368C0	00464AA0	4	8	1	00436460	sort_object_depth	60	0046436E	BuildObjectDepthOrder	87	0046436E	68.97	00436460	unequal-gap-position
src/eventmgr.c	00436420	0046431A	004368C0	00464AA0	4	8	2	00436520	draw_sorted_objects_to_buffer	72	004644DA	draw_sorted_objects_to_buffer	133	004644DA	69.70	00436520	unequal-gap-position
src/eventmgr.c	00436420	0046431A	004368C0	00464AA0	4	8	3	00436650	intro_drawbackgroundships	67	0046470E	intro_drawbackgroundships	109	0046470E	69.44	00436650	unequal-gap-position
src/eventmgr.c	00436420	0046431A	004368C0	00464AA0	4	8	4	00436740	set_up_screen_viewport	78	004648C5	set_up_screen_viewport	92	004648C5	62.90	00436740	unequal-gap-position
src/eventmgr.c	00436420	0046431A	004368C0	00464AA0	4	8	5				00464A5E	FUN_00464A5E	12				wc2-insertion
src/eventmgr.c	00436420	0046431A	004368C0	00464AA0	4	8	6				00464A70	FUN_00464A70	11				wc2-insertion
src/eventmgr.c	00436420	0046431A	004368C0	00464AA0	4	8	7				00464A80	FUN_00464A80	11				wc2-insertion
src/eventmgr.c	00436420	0046431A	004368C0	00464AA0	4	8	8				00464A90	FUN_00464A90	11				wc2-insertion
src/eventmgr.c	004368F0	00464AC4	00436900	00464AE8	0	1	1				00464AD8	FUN_00464AD8	11				wc2-insertion
src/eventmgr.c	00436900	00464AE8	00436910	00464B0B	0	1	1				00464AF8	FUN_00464AF8	12				wc2-insertion
src/eventmgr.c	00436910	00464B0B	00436950	00464B3A	0	1	1				00464B1B	FUN_00464B1B	16				wc2-insertion
src/eventmgr.c	00436950	00464B3A	00436A00	00464BFE	7	9	1	00436970	GetStartupErrorCode	2	00464B60	FUN_00464B60	12				unequal-gap-position
src/eventmgr.c	00436950	00464B3A	00436A00	00464BFE	7	9	2	00436980	ShutdownHook	1	00464B72	FUN_00464B72	11				unequal-gap-position
src/eventmgr.c	00436950	00464B3A	00436A00	00464BFE	7	9	3	004369A0	SelectDiskDriveHook	2	00464B82	FUN_00464B82	11				unequal-gap-position
src/eventmgr.c	00436950	00464B3A	00436A00	00464BFE	7	9	4	004369B0	GetCurrentDiskDriveHook	2	00464B92	FUN_00464B92	12				unequal-gap-position
src/eventmgr.c	00436950	00464B3A	00436A00	00464BFE	7	9	5	004369C0	GetShutdownErrorCode	2	00464BA5	FUN_00464BA5	12				unequal-gap-position
src/eventmgr.c	00436950	00464B3A	00436A00	00464BFE	7	9	6	004369D0	VideoReleaseHook	1	00464BB8	FUN_00464BB8	12				unequal-gap-position
src/eventmgr.c	00436950	00464B3A	00436A00	00464BFE	7	9	7	004369E0	ExitCleanupHook	1	00464BCB	FUN_00464BCB	11				unequal-gap-position
src/eventmgr.c	00436950	00464B3A	00436A00	00464BFE	7	9	8				00464BDB	FUN_00464BDB	11				wc2-insertion
src/eventmgr.c	00436950	00464B3A	00436A00	00464BFE	7	9	9				00464BEB	FUN_00464BEB	12				wc2-insertion
src/geom.c	004181C0	0040A3A0	00418280	0040A51D	1	1	1	00418210	recalc_max_velocity	34	0040A481	recalc_max_velocity	43	0040A481	80.43	00418210	confirmed-order
src/geom.c	004184C0	0040A81B	00418500	0040A8BF	2	2	1	004184E0	MinInt	6	0040A867	MinInt	18	0040A867	88.24	004184E0	confirmed-order
src/geom.c	004184C0	0040A81B	00418500	0040A8BF	2	2	2	004184F0	MaxInt	6	0040A893	MaxInt	18	0040A893	88.24	004184F0	confirmed-order
src/geom.c	00418500	0040A8BF	00418540	0040A8EB	2	0	1	00418510	intfract_sign	6							wc1-elimination
src/geom.c	00418500	0040A8BF	00418540	0040A8EB	2	0	2	00418520	SignShort	9							wc1-elimination
src/geom.c	004185C0	0040A9D1	00418600	0040AA37	1	1	1	004185F0	zero_vector	6	0040AA0B	zero_vector	20	0040AA0B	80.00	004185F0	confirmed-order
src/geom.c	00418800	0040ACA5	00418890	0040ACE0	1	0	1	00418840	MakeRandomNormalizedVector	22							wc1-elimination
src/geom.c	00418890	0040ACE0	004189B0	0040AD89	1	0	1	00418980	ConvertShortVectorToFixedVector	12							wc1-elimination
src/geom.c	00418E40	0040B2CF	00418FD0	0040B550	1	1	1	00418F60	init_ijk	19	0040B41F	init_ijk	68	0040B41F	63.24	00418F60	confirmed-order
src/geom.c	004190B0	0040B699	00419110	0040B747	0	1	1				0040B706	alter_yaw	26			00419150	wc2-insertion
src/geom.c	00419150	0040B706	00419190	0040B788	0	1	1				0040B747	alter_pitch	26			00419110	wc2-insertion
src/geom.c	00419310	0040B92F	004193D0	0040B9B5	2	0	1	00419390	ship_vs_point	7							wc1-elimination
src/geom.c	00419310	0040B92F	004193D0	0040B9B5	2	0	2	004193B0	ship_vs_ship	7							wc1-elimination
src/geom.c	004194D0	0040BADB	00419660	0040BCA9	1	1	1	00419620	point_ship	19	0040BC6B	point_ship	26	0040BC6B	88.89	00419620	confirmed-order
src/geom.c	004196C0	0040BD0E	00419710	0040BDC2	0	1	1				0040BD58	point_perpendicular_to_point	31			00419810	wc2-insertion
src/geom.c	00419810	0040BD58	00419850	0040BEB0	0	2	1				0040BDC2	point_ship_behind_object	45			00419710	wc2-insertion
src/geom.c	00419810	0040BD58	00419850	0040BEB0	0	2	2				0040BE3A	point_ship_below_object	44			00419790	wc2-insertion
src/geom.c	00419870	0040BED6	00419950	0040BF0B	1	0	1	004198A0	MoveObjectAlongDirection	25							wc1-elimination
src/geom.c	00419BA0	0040C266	0041A0F0	0040C959	4	4	1	00419BD0	remove_object	55	0040C2C9	remove_object	87	0040C2C9	86.21	00419BD0	confirmed-order
src/geom.c	00419BA0	0040C266	0041A0F0	0040C959	4	4	2	00419CC0	apply_force_to_objects_center	24	0040C46C	apply_force_to_objects_center	36	0040C46C	88.89	00419CC0	confirmed-order
src/geom.c	00419BA0	0040C266	0041A0F0	0040C959	4	4	3	00419D10	apply_force_to_object	193	0040C4D1	apply_force_to_object	227	0040C4D1	88.79	00419D10	confirmed-order
src/geom.c	00419BA0	0040C266	0041A0F0	0040C959	4	4	4	00419F70	rotational_acceleration	121	0040C796	rotational_acceleration	143	0040C796	89.33	00419F70	confirmed-order
src/geom.c	0041A110	0040C99F	0041A530	0040CEF6	2	1	1	0041A130	IsPointWithinEyeViewCone	50	0040C9DD	transform_objects_to_your_view	300			0041A1D0	unequal-gap-position
src/geom.c	0041A110	0040C99F	0041A530	0040CEF6	2	1	2	0041A1D0	transform_objects_to_your_view	207				0040C9DD	58.72		wc1-elimination
src/geom.c	0041A530	0040CEF6	0041A9D0	004593D6	1	1062	1	0041A610	get_right_shape	273	0040CFF8	get_right_shape	425	0040CFF8	65.72	0041A610	unequal-gap-position
src/geom.c	0041A530	0040CEF6	0041A9D0	004593D6	1	1062	2				0040D6B0	ReleasePacketSlot	20				wc2-insertion
src/geom.c	0041A530	0040CEF6	0041A9D0	004593D6	1	1062	3				0040D6E1	FUN_0040D6E1	49				wc2-insertion
src/geom.c	0041A530	0040CEF6	0041A9D0	004593D6	1	1062	4				0040D762	FUN_0040D762	57				wc2-insertion
src/geom.c	0041A530	0040CEF6	0041A9D0	004593D6	1	1062	5				0040D812	FUN_0040D812	45				wc2-insertion
src/geom.c	0041A530	0040CEF6	0041A9D0	004593D6	1	1062	6				0040D88E	FUN_0040D88E	32				wc2-insertion
src/geom.c	0041A530	0040CEF6	0041A9D0	004593D6	1	1062	7				0040D8D7	FUN_0040D8D7	67				wc2-insertion
src/geom.c	0041A530	0040CEF6	0041A9D0	004593D6	1	1062	8				0040D9AD	FUN_0040D9AD	34				wc2-insertion
src/geom.c	0041A530	0040CEF6	0041A9D0	004593D6	1	1062	9				0040DA0C	FUN_0040DA0C	290				wc2-insertion
src/geom.c	0041A530	0040CEF6	0041A9D0	004593D6	1	1062	10				0040DE5A	FUN_0040DE5A	210				wc2-insertion
src/geom.c	0041A530	0040CEF6	0041A9D0	004593D6	1	1062	11				0040E130	FUN_0040E130	73				wc2-insertion
src/geom.c	0041A530	0040CEF6	0041A9D0	004593D6	1	1062	12				0040E230	FUN_0040E230	32				wc2-insertion
src/geom.c	0041A530	0040CEF6	0041A9D0	004593D6	1	1062	13				0040E285	FUN_0040E285	54				wc2-insertion
src/geom.c	0041A530	0040CEF6	0041A9D0	004593D6	1	1062	14				0040E31F	FUN_0040E31F	270				wc2-insertion
src/geom.c	0041A530	0040CEF6	0041A9D0	004593D6	1	1062	15				0040E726	FUN_0040E726	178				wc2-insertion
src/geom.c	0041A530	0040CEF6	0041A9D0	004593D6	1	1062	16				0040E985	FUN_0040E985	52				wc2-insertion
src/geom.c	0041A530	0040CEF6	0041A9D0	004593D6	1	1062	17				0040EA0F	FUN_0040EA0F	53				wc2-insertion
src/geom.c	0041A530	0040CEF6	0041A9D0	004593D6	1	1062	18				0040EAA4	FUN_0040EAA4	195				wc2-insertion
src/geom.c	0041A530	0040CEF6	0041A9D0	004593D6	1	1062	19				0040ED9F	CollectActivePaletteIndices	55			00418140	wc2-insertion
src/geom.c	0041A530	0040CEF6	0041A9D0	004593D6	1	1062	20				0040EE41	FUN_0040EE41	48				wc2-insertion
src/geom.c	0041A530	0040CEF6	0041A9D0	004593D6	1	1062	21				0040EEC7	FUN_0040EEC7	32				wc2-insertion
src/geom.c	0041A530	0040CEF6	0041A9D0	004593D6	1	1062	22				0040EF15	FUN_0040EF15	82				wc2-insertion
src/geom.c	0041A530	0040CEF6	0041A9D0	004593D6	1	1062	23				0040F020	FUN_0040F020	18				wc2-insertion
src/geom.c	0041A530	0040CEF6	0041A9D0	004593D6	1	1062	24				0040F040	MinShort	19			0041D0C0	wc2-insertion
src/geom.c	0041A530	0040CEF6	0041A9D0	004593D6	1	1062	25				0040F072	MaxShort	19			0041D0E0	wc2-insertion
src/geom.c	0041A530	0040CEF6	0041A9D0	004593D6	1	1062	26				0040F0A4	FreePacketAndClear	20			0041D100	wc2-insertion
src/geom.c	0041A530	0040CEF6	0041A9D0	004593D6	1	1062	27				0040F0D2	ReportPacketLoadError	117			0041D120	wc2-insertion
src/geom.c	0041A530	0040CEF6	0041A9D0	004593D6	1	1062	28				0040F266	FUN_0040F266	116				wc2-insertion
src/geom.c	0041A530	0040CEF6	0041A9D0	004593D6	1	1062	29				0040F3AE	RewritePacketFilenameForInstalledData	34				wc2-insertion
src/geom.c	0041A530	0040CEF6	0041A9D0	004593D6	1	1062	30				0040F40E	FUN_0040F40E	54				wc2-insertion
src/geom.c	0041A530	0040CEF6	0041A9D0	004593D6	1	1062	31				0040F49D	LoadPacketAllocated	92			0041D250	wc2-insertion
src/geom.c	0041A530	0040CEF6	0041A9D0	004593D6	1	1062	32				0040F5B6	FetchDiskPacketRetrying	207			0041D2E0	wc2-insertion
src/geom.c	0041A530	0040CEF6	0041A9D0	004593D6	1	1062	33				0040F882	FUN_0040F882	47				wc2-insertion
src/geom.c	0041A530	0040CEF6	0041A9D0	004593D6	1	1062	34				0040F91C	FUN_0040F91C	24				wc2-insertion
src/geom.c	0041A530	0040CEF6	0041A9D0	004593D6	1	1062	35				0040F96E	DrawTextAt	50			0041D5F0	wc2-insertion
src/geom.c	0041A530	0040CEF6	0041A9D0	004593D6	1	1062	36				0040F9F7	FlushPendingInputPresses	20				wc2-insertion
src/geom.c	0041A530	0040CEF6	0041A9D0	004593D6	1	1062	37				0040FA2C	WaitForInputKey	54			0041DAA0	wc2-insertion
src/geom.c	0041A530	0040CEF6	0041A9D0	004593D6	1	1062	38				0040FADE	FUN_0040FADE	44				wc2-insertion
src/geom.c	0041A530	0040CEF6	0041A9D0	004593D6	1	1062	39				0040FB80	InitializeDIBScreenViewport	65			0042F740	wc2-insertion
src/geom.c	0041A530	0040CEF6	0041A9D0	004593D6	1	1062	40				0040FC7E	InitFullScreenViewport	28			0042F7E0	wc2-insertion
src/geom.c	0041A530	0040CEF6	0041A9D0	004593D6	1	1062	41				0040FCD0	CreateDebugOverlayConsole	44			00425B00	wc2-insertion
src/geom.c	0041A530	0040CEF6	0041A9D0	004593D6	1	1062	42				0040FD73	DestroyGlobalDebugOverlayConsole	22			00425B90	wc2-insertion
src/geom.c	0041A530	0040CEF6	0041A9D0	004593D6	1	1062	43				0040FDAD	SystemDebugPrintf	37			00425BB0	wc2-insertion
src/geom.c	0041A530	0040CEF6	0041A9D0	004593D6	1	1062	44				0040FE23	PumpMessagesDuringWait	13			00425BC0	wc2-insertion
src/geom.c	0041A530	0040CEF6	0041A9D0	004593D6	1	1062	45				0040FE3E	TakeDebugStepFlag	13			00425BD0	wc2-insertion
src/geom.c	0041A530	0040CEF6	0041A9D0	004593D6	1	1062	46				0040FE59	SetDebugTextPosition	17			00425BE0	wc2-insertion
src/geom.c	0041A530	0040CEF6	0041A9D0	004593D6	1	1062	47				0040FE7E	SetDebugCursorPosition	17			00425BF0	wc2-insertion
src/geom.c	0041A530	0040CEF6	0041A9D0	004593D6	1	1062	48				0040FEA3	ResetDebugOverlay	13			00425C00	wc2-insertion
src/geom.c	0041A530	0040CEF6	0041A9D0	004593D6	1	1062	49				0040FEBE	ClearDebugOverlay	13			00425C10	wc2-insertion
src/geom.c	0041A530	0040CEF6	0041A9D0	004593D6	1	1062	50				0040FED9	ClearDebugPauseFlags	13			00425C20	wc2-insertion
src/geom.c	0041A530	0040CEF6	0041A9D0	004593D6	1	1062	51				0040FF00	FUN_0040FF00	22				wc2-insertion
src/geom.c	0041A530	0040CEF6	0041A9D0	004593D6	1	1062	52				0040FF40	DebugOverlayConsole::SetTextPosition	19				wc2-insertion
src/geom.c	0041A530	0040CEF6	0041A9D0	004593D6	1	1062	53				0040FF70	DebugOverlayConsole::SetCursorPosition	19				wc2-insertion
src/geom.c	0041A530	0040CEF6	0041A9D0	004593D6	1	1062	54				0040FFA0	DebugOverlayConsole::Reset	15				wc2-insertion
src/geom.c	0041A530	0040CEF6	0041A9D0	004593D6	1	1062	55				0040FFC0	DebugOverlayConsole::TakeStepFlag	17				wc2-insertion
src/geom.c	0041A530	0040CEF6	0041A9D0	004593D6	1	1062	56				0040FFF0	DebugOverlayConsole::ClearPauseFlags	15				wc2-insertion
src/geom.c	0041A530	0040CEF6	0041A9D0	004593D6	1	1062	57				00410020	FUN_00410020	31				wc2-insertion
src/geom.c	0041A530	0040CEF6	0041A9D0	004593D6	1	1062	58				0041008E	FUN_0041008E	37				wc2-insertion
src/geom.c	0041A530	0040CEF6	0041A9D0	004593D6	1	1062	59				00410102	FUN_00410102	26				wc2-insertion
src/geom.c	0041A530	0040CEF6	0041A9D0	004593D6	1	1062	60				00410161	IsCapitalShipObject	18				wc2-insertion
src/geom.c	0041A530	0040CEF6	0041A9D0	004593D6	1	1062	61				00410192	FUN_00410192	39				wc2-insertion
src/geom.c	0041A530	0040CEF6	0041A9D0	004593D6	1	1062	62				00410215	FUN_00410215	37				wc2-insertion
src/geom.c	0041A530	0040CEF6	0041A9D0	004593D6	1	1062	63				00410289	GetAdaptiveTurnRate	33				wc2-insertion
src/geom.c	0041A530	0040CEF6	0041A9D0	004593D6	1	1062	64				004102FD	FUN_004102FD	23				wc2-insertion
src/geom.c	0041A530	0040CEF6	0041A9D0	004593D6	1	1062	65				00410352	FUN_00410352	23			00453430	wc2-insertion
src/geom.c	0041A530	0040CEF6	0041A9D0	004593D6	1	1062	66				004103A6	initialize_object	37			0041DEE0	wc2-insertion
src/geom.c	0041A530	0040CEF6	0041A9D0	004593D6	1	1062	67				0041040D	borrow_dust	98			0041DF40	wc2-insertion
src/geom.c	0041A530	0040CEF6	0041A9D0	004593D6	1	1062	68				004105BF	new_object	37			0041DF70	wc2-insertion
src/geom.c	0041A530	0040CEF6	0041A9D0	004593D6	1	1062	69				0041062D	initialize_ship	30			0041DFA0	wc2-insertion
src/geom.c	0041A530	0040CEF6	0041A9D0	004593D6	1	1062	70				00410680	any_selected	43			0041DFE0	wc2-insertion
src/geom.c	0041A530	0040CEF6	0041A9D0	004593D6	1	1062	71				00410715	remove_weapon	145			0041E040	wc2-insertion
src/geom.c	0041A530	0040CEF6	0041A9D0	004593D6	1	1062	72				0041090F	FUN_0041090F	41				wc2-insertion
src/geom.c	0041A530	0040CEF6	0041A9D0	004593D6	1	1062	73				00410999	set_objects_data	420			0041E120	wc2-insertion
src/geom.c	0041A530	0040CEF6	0041A9D0	004593D6	1	1062	74				00411172	match_rotation_goal	156			0041E400	wc2-insertion
src/geom.c	0041A530	0040CEF6	0041A9D0	004593D6	1	1062	75				0041133D	rotate_object_to_goal	185			0041E520	wc2-insertion
src/geom.c	0041A530	0040CEF6	0041A9D0	004593D6	1	1062	76				004115F8	FUN_004115F8	121				wc2-insertion
src/geom.c	0041A530	0040CEF6	0041A9D0	004593D6	1	1062	77				004117AC	celerate	30			0041E710	wc2-insertion
src/geom.c	0041A530	0040CEF6	0041A9D0	004593D6	1	1062	78				0041181D	approach_speed	51			0041E750	wc2-insertion
src/geom.c	0041A530	0040CEF6	0041A9D0	004593D6	1	1062	79				004118A9	steady_object	20			0041E7C0	wc2-insertion
src/geom.c	0041A530	0040CEF6	0041A9D0	004593D6	1	1062	80				004118F2	real_velocity	20			0041E7F0	wc2-insertion
src/geom.c	0041A530	0040CEF6	0041A9D0	004593D6	1	1062	81				00411922	fix_velocity	23			0041E820	wc2-insertion
src/geom.c	0041A530	0040CEF6	0041A9D0	004593D6	1	1062	82				0041195F	FUN_0041195F	58				wc2-insertion
src/geom.c	0041A530	0040CEF6	0041A9D0	004593D6	1	1062	83				00411A50	send_appropriate_message	118			0041E900	wc2-insertion
src/geom.c	0041A530	0040CEF6	0041A9D0	004593D6	1	1062	84				00411C72	inflict_damage	566			0041E9B0	wc2-insertion
src/geom.c	0041A530	0040CEF6	0041A9D0	004593D6	1	1062	85				0041262D	pilot_hit	59			0041EC60	wc2-insertion
src/geom.c	0041A530	0040CEF6	0041A9D0	004593D6	1	1062	86				0041270A	onboard_explosion	76			0041ECE0	wc2-insertion
src/geom.c	0041A530	0040CEF6	0041A9D0	004593D6	1	1062	87				0041280B	call_enemy	41			0041EDB0	wc2-insertion
src/geom.c	0041A530	0040CEF6	0041A9D0	004593D6	1	1062	88				004128A7	internal_damage	397			0041EE20	wc2-insertion
src/geom.c	0041A530	0040CEF6	0041A9D0	004593D6	1	1062	89				00412F03	revise_shields	40			0041F1A0	wc2-insertion
src/geom.c	0041A530	0040CEF6	0041A9D0	004593D6	1	1062	90				00412F90	check_computer_damage	15			0041F5D0	wc2-insertion
src/geom.c	0041A530	0040CEF6	0041A9D0	004593D6	1	1062	91				00412FA9	FUN_00412FA9	65				wc2-insertion
src/geom.c	0041A530	0040CEF6	0041A9D0	004593D6	1	1062	92				00413099	your_internal_damage	320			0041F220	wc2-insertion
src/geom.c	0041A530	0040CEF6	0041A9D0	004593D6	1	1062	93				00413578	ReportComponentRepaired	38			0041F5F0	wc2-insertion
src/geom.c	0041A530	0040CEF6	0041A9D0	004593D6	1	1062	94				004135F1	repair_internal_damage	65			0041F660	wc2-insertion
src/geom.c	0041A530	0040CEF6	0041A9D0	004593D6	1	1062	95				004136E2	Create_ship_hit_debris	68			0041F700	wc2-insertion
src/geom.c	0041A530	0040CEF6	0041A9D0	004593D6	1	1062	96				004137C2	check_next_wave	60			0041F7C0	wc2-insertion
src/geom.c	0041A530	0040CEF6	0041A9D0	004593D6	1	1062	97				004138A8	FreeGuardedAllocation	88			00402DB0	wc2-insertion
src/geom.c	0041A530	0040CEF6	0041A9D0	004593D6	1	1062	98				00413A3B	Create_explosion_debris	215			0041F800	wc2-insertion
src/geom.c	0041A530	0040CEF6	0041A9D0	004593D6	1	1062	99				00413D61	affect_mission_score	48			0041F9E0	wc2-insertion
src/geom.c	0041A530	0040CEF6	0041A9D0	004593D6	1	1062	100				00413E4C	score_for_kill	55			0041FA90	wc2-insertion
src/geom.c	0041A530	0040CEF6	0041A9D0	004593D6	1	1062	101				00413F58	analyze_kill	55			0041FB40	wc2-insertion
src/geom.c	0041A530	0040CEF6	0041A9D0	004593D6	1	1062	102				00414025	explosion_shock_wave	185			0041FEE0	wc2-insertion
src/geom.c	0041A530	0040CEF6	0041A9D0	004593D6	1	1062	103				004142C8	ShipExplosion	106			0041FBC0	wc2-insertion
src/geom.c	0041A530	0040CEF6	0041A9D0	004593D6	1	1062	104				0041444C	Explosion	233			0041FCD0	wc2-insertion
src/geom.c	0041A530	0040CEF6	0041A9D0	004593D6	1	1062	105				00414835	explode	48			00420040	wc2-insertion
src/geom.c	0041A530	0040CEF6	0041A9D0	004593D6	1	1062	106				004148F5	FUN_004148F5	176				wc2-insertion
src/geom.c	0041A530	0040CEF6	0041A9D0	004593D6	1	1062	107				00414BE9	send_at_point	30			00420190	wc2-insertion
src/geom.c	0041A530	0040CEF6	0041A9D0	004593D6	1	1062	108				00414C39	find_child_object	32			004201D0	wc2-insertion
src/geom.c	0041A530	0040CEF6	0041A9D0	004593D6	1	1062	109				00414CA9	find_child_ship	40			00420210	wc2-insertion
src/geom.c	0041A530	0040CEF6	0041A9D0	004593D6	1	1062	110				00414D3D	launch_object	47			00420260	wc2-insertion
src/geom.c	0041A530	0040CEF6	0041A9D0	004593D6	1	1062	111				00414DC0	fire	445			004202D0	wc2-insertion
src/geom.c	0041A530	0040CEF6	0041A9D0	004593D6	1	1062	112				00415508	hemisphere	42			004207E0	wc2-insertion
src/geom.c	0041A530	0040CEF6	0041A9D0	004593D6	1	1062	113				00415563	fire_flack	67			00420840	wc2-insertion
src/geom.c	0041A530	0040CEF6	0041A9D0	004593D6	1	1062	114				00415625	RandomSign	22			004208C0	wc2-insertion
src/geom.c	0041A530	0040CEF6	0041A9D0	004593D6	1	1062	115				0041565E	RandomFixedAimComponent	30			004208E0	wc2-insertion
src/geom.c	0041A530	0040CEF6	0041A9D0	004593D6	1	1062	116				004156A7	SpawnFlakBurst	214			00420920	wc2-insertion
src/geom.c	0041A530	0040CEF6	0041A9D0	004593D6	1	1062	117				0041596F	FUN_0041596F	31				wc2-insertion
src/geom.c	0041A530	0040CEF6	0041A9D0	004593D6	1	1062	118				004159DB	fire_turrets	298			00420AA0	wc2-insertion
src/geom.c	0041A530	0040CEF6	0041A9D0	004593D6	1	1062	119				00415E2C	fire_weapon	537			00420C20	wc2-insertion
src/geom.c	0041A530	0040CEF6	0041A9D0	004593D6	1	1062	120				00416690	FUN_00416690	38				wc2-insertion
src/geom.c	0041A530	0040CEF6	0041A9D0	004593D6	1	1062	121				0041670E	fire_missile	104			00421150	wc2-insertion
src/geom.c	0041A530	0040CEF6	0041A9D0	004593D6	1	1062	122				0041687F	fire_fixed_projectile_weapon	57			00421220	wc2-insertion
src/geom.c	0041A530	0040CEF6	0041A9D0	004593D6	1	1062	123				0041693A	fire_afterburner	43			00421350	wc2-insertion
src/geom.c	0041A530	0040CEF6	0041A9D0	004593D6	1	1062	124				004169CC	fire_super_brake	17			004213B0	wc2-insertion
src/geom.c	0041A530	0040CEF6	0041A9D0	004593D6	1	1062	125				004169F3	flip_angle	43			004213D0	wc2-insertion
src/geom.c	0041A530	0040CEF6	0041A9D0	004593D6	1	1062	126				00416A87	place_exhaust_on_ships	198			00421430	wc2-insertion
src/geom.c	0041A530	0040CEF6	0041A9D0	004593D6	1	1062	127				00416DC3	reposition_fixed_child_objects	179			004215E0	wc2-insertion
src/geom.c	0041A530	0040CEF6	0041A9D0	004593D6	1	1062	128				004170F9	housekeep_power_plant_and_fuel	18			00421760	wc2-insertion
src/geom.c	0041A530	0040CEF6	0041A9D0	004593D6	1	1062	129				00417124	replenish_shields	74			00421780	wc2-insertion
src/geom.c	0041A530	0040CEF6	0041A9D0	004593D6	1	1062	130				0041724A	replenish_weapon_energy_bank	115			00421830	wc2-insertion
src/geom.c	0041A530	0040CEF6	0041A9D0	004593D6	1	1062	131				0041740F	accelerate	36			004218D0	wc2-insertion
src/geom.c	0041A530	0040CEF6	0041A9D0	004593D6	1	1062	132				00417471	your_afterburner	57			00421920	wc2-insertion
src/geom.c	0041A530	0040CEF6	0041A9D0	004593D6	1	1062	133				00417550	SaveGamePalette	30			00401000	wc2-insertion
src/geom.c	0041A530	0040CEF6	0041A9D0	004593D6	1	1062	134				004175AD	FUN_004175AD	30				wc2-insertion
src/geom.c	0041A530	0040CEF6	0041A9D0	004593D6	1	1062	135				00417610	FUN_00417610	53				wc2-insertion
src/geom.c	0041A530	0040CEF6	0041A9D0	004593D6	1	1062	136				004176D2	make_shard	114			004010C0	wc2-insertion
src/geom.c	0041A530	0040CEF6	0041A9D0	004593D6	1	1062	137				00417838	remove_hazard	26			004011D0	wc2-insertion
src/geom.c	0041A530	0040CEF6	0041A9D0	004593D6	1	1062	138				0041787A	remove_all_hazards	30			00401210	wc2-insertion
src/geom.c	0041A530	0040CEF6	0041A9D0	004593D6	1	1062	139				004178E5	difficulty	19			00401250	wc2-insertion
src/geom.c	0041A530	0040CEF6	0041A9D0	004593D6	1	1062	140				00417916	asteroid_velocity	20			00401270	wc2-insertion
src/geom.c	0041A530	0040CEF6	0041A9D0	004593D6	1	1062	141				00417941	skew_randomly	121			00401290	wc2-insertion
src/geom.c	0041A530	0040CEF6	0041A9D0	004593D6	1	1062	142				00417AD7	align	20			00401390	wc2-insertion
src/geom.c	0041A530	0040CEF6	0041A9D0	004593D6	1	1062	143				00417AF9	init_hazard	273			004013B0	wc2-insertion
src/geom.c	0041A530	0040CEF6	0041A9D0	004593D6	1	1062	144				00417EA4	near_field	22			00401680	wc2-insertion
src/geom.c	0041A530	0040CEF6	0041A9D0	004593D6	1	1062	145				00417ED4	within_field	21			004016A0	wc2-insertion
src/geom.c	0041A530	0040CEF6	0041A9D0	004593D6	1	1062	146				00417EFF	try_far_spot	176			004016C0	wc2-insertion
src/geom.c	0041A530	0040CEF6	0041A9D0	004593D6	1	1062	147				00418175	rear_sphere	19			00401870	wc2-insertion
src/geom.c	0041A530	0040CEF6	0041A9D0	004593D6	1	1062	148				004181A2	ok_hazard_spot	32			00401890	wc2-insertion
src/geom.c	0041A530	0040CEF6	0041A9D0	004593D6	1	1062	149				0041820B	make_hazard	46			004018D0	wc2-insertion
src/geom.c	0041A530	0040CEF6	0041A9D0	004593D6	1	1062	150				00418288	extra_hazard	16			00401930	wc2-insertion
src/geom.c	0041A530	0040CEF6	0041A9D0	004593D6	1	1062	151				004182B6	approach	63			00401950	wc2-insertion
src/geom.c	0041A530	0040CEF6	0041A9D0	004593D6	1	1062	152				0041836E	manage_hazard	53			004019E0	wc2-insertion
src/geom.c	0041A530	0040CEF6	0041A9D0	004593D6	1	1062	153				00418426	match_ship_to_eye	64			00401A60	wc2-insertion
src/geom.c	0041A530	0040CEF6	0041A9D0	004593D6	1	1062	154				004184F6	update_hazards	56			00401B30	wc2-insertion
src/geom.c	0041A530	0040CEF6	0041A9D0	004593D6	1	1062	155				004185CC	start_hazard_field	28			00401BC0	wc2-insertion
src/geom.c	0041A530	0040CEF6	0041A9D0	004593D6	1	1062	156				00418626	add_hazard_field	41			00401C00	wc2-insertion
src/geom.c	0041A530	0040CEF6	0041A9D0	004593D6	1	1062	157				004186A4	check_hazards	53			00401C60	wc2-insertion
src/geom.c	0041A530	0040CEF6	0041A9D0	004593D6	1	1062	158				00418770	CalibrateJoystickInteractive	336			004102B0	wc2-insertion
src/geom.c	0041A530	0040CEF6	0041A9D0	004593D6	1	1062	159				00418D14	WaitForJoystickButtonRelease	24			004106C0	wc2-insertion
src/geom.c	0041A530	0040CEF6	0041A9D0	004593D6	1	1062	160				00418D5F	WaitForJoystickButtonPress	24			00410700	wc2-insertion
src/geom.c	0041A530	0040CEF6	0041A9D0	004593D6	1	1062	161				00418DAA	HandleBarracksBunkSelection	83			0041C090	wc2-insertion
src/geom.c	0041A530	0040CEF6	0041A9D0	004593D6	1	1062	162				00418ECD	WaitForKeyAcknowledge	94			00428EA0	wc2-insertion
src/geom.c	0041A530	0040CEF6	0041A9D0	004593D6	1	1062	163				00418FFC	RecRoom	559			0043F940	wc2-insertion
src/geom.c	0041A530	0040CEF6	0041A9D0	004593D6	1	1062	164				00419831	BarracksScreen	123			0041C170	wc2-insertion
src/geom.c	0041A530	0040CEF6	0041A9D0	004593D6	1	1062	165				004199F0	WarpMouseTo	24			00401CE0	wc2-insertion
src/geom.c	0041A530	0040CEF6	0041A9D0	004593D6	1	1062	166				00419A40	UpdateTrainSimMenuCursor	143			0042A610	wc2-insertion
src/geom.c	0041A530	0040CEF6	0041A9D0	004593D6	1	1062	167				00419C10	rotate_eye_to_goal	63			00410A30	wc2-insertion
src/geom.c	0041A530	0040CEF6	0041A9D0	004593D6	1	1062	168				00419CDC	GetVectorMagnitude	18			00410AD0	wc2-insertion
src/geom.c	0041A530	0040CEF6	0041A9D0	004593D6	1	1062	169				00419D01	set_eye_direction_and_position	1125			00410AF0	wc2-insertion
src/geom.c	0041A530	0040CEF6	0041A9D0	004593D6	1	1062	170				0041AD51	force_view	22			004117B0	wc2-insertion
src/geom.c	0041A530	0040CEF6	0041A9D0	004593D6	1	1062	171				0041AD8B	FUN_0041AD8B	42				wc2-insertion
src/geom.c	0041A530	0040CEF6	0041A9D0	004593D6	1	1062	172				0041AE40	new_view	494			004117D0	wc2-insertion
src/geom.c	0041A530	0040CEF6	0041A9D0	004593D6	1	1062	173				0041B62E	start_dust	109			00411EC0	wc2-insertion
src/geom.c	0041A530	0040CEF6	0041A9D0	004593D6	1	1062	174				0041B762	generate_stars	108			00411FE0	wc2-insertion
src/geom.c	0041A530	0040CEF6	0041A9D0	004593D6	1	1062	175				0041B8D6	update_star_field	293			00412100	wc2-insertion
src/geom.c	0041A530	0040CEF6	0041A9D0	004593D6	1	1062	176				0041BD44	count_down	19			00412410	wc2-insertion
src/geom.c	0041A530	0040CEF6	0041A9D0	004593D6	1	1062	177				0041BD81	house_keep_objects	596			00412430	wc2-insertion
src/geom.c	0041A530	0040CEF6	0041A9D0	004593D6	1	1062	178				0041C7ED	update_objects_in_space	202			00412820	wc2-insertion
src/geom.c	0041A530	0040CEF6	0041A9D0	004593D6	1	1062	179				0041CB3C	rotate_object	58			00412920	wc2-insertion
src/geom.c	0041A530	0040CEF6	0041A9D0	004593D6	1	1062	180				0041CC0A	accelerate_and_move_object	300			004129A0	wc2-insertion
src/geom.c	0041A530	0040CEF6	0041A9D0	004593D6	1	1062	181				0041D07B	animate_shape	138			00412CD0	wc2-insertion
src/geom.c	0041A530	0040CEF6	0041A9D0	004593D6	1	1062	182				0041D2DA	animate_object	132			00412E30	wc2-insertion
src/geom.c	0041A530	0040CEF6	0041A9D0	004593D6	1	1062	183				0041D4C7	hit_asteroid	68			00413030	wc2-insertion
src/geom.c	0041A530	0040CEF6	0041A9D0	004593D6	1	1062	184				0041D591	object_collision	820			004130D0	wc2-insertion
src/geom.c	0041A530	0040CEF6	0041A9D0	004593D6	1	1062	185				0041E276	object_intelligence	148			00413880	wc2-insertion
src/geom.c	0041A530	0040CEF6	0041A9D0	004593D6	1	1062	186				0041E4E0	steer_away_from_object	71			00433AC0	wc2-insertion
src/geom.c	0041A530	0040CEF6	0041A9D0	004593D6	1	1062	187				0041E5C8	steer_away_from_predicted_object	80			00433B90	wc2-insertion
src/geom.c	0041A530	0040CEF6	0041A9D0	004593D6	1	1062	188				0041E6C8	prevent_collision	119			00433C80	wc2-insertion
src/geom.c	0041A530	0040CEF6	0041A9D0	004593D6	1	1062	189				0041E860	handle_collisions	43			00433D90	wc2-insertion
src/geom.c	0041A530	0040CEF6	0041A9D0	004593D6	1	1062	190				0041E8D3	FUN_0041E8D3	31				wc2-insertion
src/geom.c	0041A530	0040CEF6	0041A9D0	004593D6	1	1062	191				0041E945	FUN_0041E945	76				wc2-insertion
src/geom.c	0041A530	0040CEF6	0041A9D0	004593D6	1	1062	192				0041EA86	select_target	45			00433E50	wc2-insertion
src/geom.c	0041A530	0040CEF6	0041A9D0	004593D6	1	1062	193				0041EB1D	veer_random	41			00433EC0	wc2-insertion
src/geom.c	0041A530	0040CEF6	0041A9D0	004593D6	1	1062	194				0041EBC1	offset_location	68			00433F50	wc2-insertion
src/geom.c	0041A530	0040CEF6	0041A9D0	004593D6	1	1062	195				0041EC73	compute_formation_destination	48			00433FF0	wc2-insertion
src/geom.c	0041A530	0040CEF6	0041A9D0	004593D6	1	1062	196				0041ECEF	control_speed	72			00434040	wc2-insertion
src/geom.c	0041A530	0040CEF6	0041A9D0	004593D6	1	1062	197				0041EDCC	chase_location	161			004340F0	wc2-insertion
src/geom.c	0041A530	0040CEF6	0041A9D0	004593D6	1	1062	198				0041EFFE	goto_location	64			004342C0	wc2-insertion
src/geom.c	0041A530	0040CEF6	0041A9D0	004593D6	1	1062	199				0041F0C5	goto_formation	147			00434360	wc2-insertion
src/geom.c	0041A530	0040CEF6	0041A9D0	004593D6	1	1062	200				0041F2C5	maintain_formation	42			004344E0	wc2-insertion
src/geom.c	0041A530	0040CEF6	0041A9D0	004593D6	1	1062	201				0041F337	reset_stress	56			00434550	wc2-insertion
src/geom.c	0041A530	0040CEF6	0041A9D0	004593D6	1	1062	202				0041F3EF	stress_morale	26			004345D0	wc2-insertion
src/geom.c	0041A530	0040CEF6	0041A9D0	004593D6	1	1062	203				0041F446	select_weighted_value	38			00422A30	wc2-insertion
src/geom.c	0041A530	0040CEF6	0041A9D0	004593D6	1	1062	204				0041F4C6	pick_regular_maneuver	140			00434630	wc2-insertion
src/geom.c	0041A530	0040CEF6	0041A9D0	004593D6	1	1062	205				0041F714	pick_from_list	80			00434800	wc2-insertion
src/geom.c	0041A530	0040CEF6	0041A9D0	004593D6	1	1062	206				0041F83F	pick_kilrathi_maneuver	59			004348A0	wc2-insertion
src/geom.c	0041A530	0040CEF6	0041A9D0	004593D6	1	1062	207				0041F902	FUN_0041F902	43				wc2-insertion
src/geom.c	0041A530	0040CEF6	0041A9D0	004593D6	1	1062	208				0041F9AF	FUN_0041F9AF	209				wc2-insertion
src/geom.c	0041A530	0040CEF6	0041A9D0	004593D6	1	1062	209				0041FD2B	handle_stress	116			00434980	wc2-insertion
src/geom.c	0041A530	0040CEF6	0041A9D0	004593D6	1	1062	210				0041FF37	intelligence_events	241			00434A80	wc2-insertion
src/geom.c	0041A530	0040CEF6	0041A9D0	004593D6	1	1062	211				00420340	EmitTextString	23			00413A10	wc2-insertion
src/geom.c	0041A530	0040CEF6	0041A9D0	004593D6	1	1062	212				00420378	FUN_00420378	197			00413A40	wc2-insertion
src/geom.c	0041A530	0040CEF6	0041A9D0	004593D6	1	1062	213				0042067F	InitializeTextContextFromFont	38			0041D510	wc2-insertion
src/geom.c	0041A530	0040CEF6	0041A9D0	004593D6	1	1062	214				004206F2	AppendFormattedText	34			00413CB0	wc2-insertion
src/geom.c	0041A530	0040CEF6	0041A9D0	004593D6	1	1062	215				0042075F	FUN_0042075F	27			004265A0	wc2-insertion
src/geom.c	0041A530	0040CEF6	0041A9D0	004593D6	1	1062	216				004207B0	advance_canned_sequence	62			00403A80	wc2-insertion
src/geom.c	0041A530	0040CEF6	0041A9D0	004593D6	1	1062	217				00420874	ReleaseNearHeapBlock	45			0040E900	wc2-insertion
src/geom.c	0041A530	0040CEF6	0041A9D0	004593D6	1	1062	218				004208FC	PurgeNearHeapBlocks	58			0040E950	wc2-insertion
src/geom.c	0041A530	0040CEF6	0041A9D0	004593D6	1	1062	219				004209C2	InitializeNearHeap	81			0040E9E0	wc2-insertion
src/geom.c	0041A530	0040CEF6	0041A9D0	004593D6	1	1062	220				00420B12	LoadSpaceflightResources	36			00421F50	wc2-insertion
src/geom.c	0041A530	0040CEF6	0041A9D0	004593D6	1	1062	221				00420B88	AllocateNearHeapBlockFromEnd	177			0040EB70	wc2-insertion
src/geom.c	0041A530	0040CEF6	0041A9D0	004593D6	1	1062	222				00420E16	AllocateNearHeapBlockByFlags	184			0040ED30	wc2-insertion
src/geom.c	0041A530	0040CEF6	0041A9D0	004593D6	1	1062	223				004210B8	FUN_004210B8	46				wc2-insertion
src/geom.c	0041A530	0040CEF6	0041A9D0	004593D6	1	1062	224				00421144	GetFreeNearHeapBytes	58			0042F890	wc2-insertion
src/geom.c	0041A530	0040CEF6	0041A9D0	004593D6	1	1062	225				00421210	FUN_00421210	111				wc2-insertion
src/geom.c	0041A530	0040CEF6	0041A9D0	004593D6	1	1062	226				004213FE	FUN_004213FE	10				wc2-insertion
src/geom.c	0041A530	0040CEF6	0041A9D0	004593D6	1	1062	227				00421409	PollJoystickButtonEvents	72			00430840	wc2-insertion
src/geom.c	0041A530	0040CEF6	0041A9D0	004593D6	1	1062	228				00421530	PollMenuInputDevices	206			00430920	wc2-insertion
src/geom.c	0041A530	0040CEF6	0041A9D0	004593D6	1	1062	229				00421910	cleanup_objectives	186			0042EFC0	wc2-insertion
src/geom.c	0041A530	0040CEF6	0041A9D0	004593D6	1	1062	230				00421BC6	IsShipRouting	19			0042F1F0	wc2-insertion
src/geom.c	0041A530	0040CEF6	0041A9D0	004593D6	1	1062	231				00421BFC	SendWingmanCommandAcknowledgement	24			0042F210	wc2-insertion
src/geom.c	0041A530	0040CEF6	0041A9D0	004593D6	1	1062	232				00421C35	disobey_formation	51			0042F240	wc2-insertion
src/geom.c	0041A530	0040CEF6	0041A9D0	004593D6	1	1062	233				00421CF6	IsEngagementTargetDisallowed	31			0042F270	wc2-insertion
src/geom.c	0041A530	0040CEF6	0041A9D0	004593D6	1	1062	234				00421D59	CanPlayerLand	70			0042F2B0	wc2-insertion
src/geom.c	0041A530	0040CEF6	0041A9D0	004593D6	1	1062	235				00421E6D	ShouldWingmanAcceptRoutCommand	70			0042F350	wc2-insertion
src/geom.c	0041A530	0040CEF6	0041A9D0	004593D6	1	1062	236				00421F86	request	392			0042F3F0	wc2-insertion
src/geom.c	0041A530	0040CEF6	0041A9D0	004593D6	1	1062	237				004225A0	StepPaletteTransition	186			0041C510	wc2-insertion
src/geom.c	0041A530	0040CEF6	0041A9D0	004593D6	1	1062	238				004228B0	visit_the_cinema	43			00403E50	wc2-insertion
src/geom.c	0041A530	0040CEF6	0041A9D0	004593D6	1	1062	239				00422953	player_wingman	21			00403EE0	wc2-insertion
src/geom.c	0041A530	0040CEF6	0041A9D0	004593D6	1	1062	240				00422990	set_speed	18			00403F10	wc2-insertion
src/geom.c	0041A530	0040CEF6	0041A9D0	004593D6	1	1062	241				004229B9	auto_position	100			00403F40	wc2-insertion
src/geom.c	0041A530	0040CEF6	0041A9D0	004593D6	1	1062	242				00422B1C	auto_pilot_sequence	582			00404050	wc2-insertion
src/geom.c	0041A530	0040CEF6	0041A9D0	004593D6	1	1062	243				00423480	LoadJoystickCalibrationFile	276			00431A10	wc2-insertion
src/geom.c	0041A530	0040CEF6	0041A9D0	004593D6	1	1062	244				004238E9	ReadCalibratedJoystick	193			00431D20	wc2-insertion
src/geom.c	0041A530	0040CEF6	0041A9D0	004593D6	1	1062	245				00423C60	FUN_00423C60	22				wc2-insertion
src/geom.c	0041A530	0040CEF6	0041A9D0	004593D6	1	1062	246				00423CA0	InitializeAudioSystem	30			0042B160	wc2-insertion
src/geom.c	0041A530	0040CEF6	0041A9D0	004593D6	1	1062	247				00423D02	ServiceAudioStream	21			0042B1B0	wc2-insertion
src/geom.c	0041A530	0040CEF6	0041A9D0	004593D6	1	1062	248				00423D4F	AllocateWaveTableEntry	31			0042B1F0	wc2-insertion
src/geom.c	0041A530	0040CEF6	0041A9D0	004593D6	1	1062	249				00423DBB	FindWaveTableEntryByName	32			0042B240	wc2-insertion
src/geom.c	0041A530	0040CEF6	0041A9D0	004593D6	1	1062	250				00423E12	RemoveWaveTableEntry	56			0042B290	wc2-insertion
src/geom.c	0041A530	0040CEF6	0041A9D0	004593D6	1	1062	251				00423ED1	FreeWaveTable	35			0042B300	wc2-insertion
src/geom.c	0041A530	0040CEF6	0041A9D0	004593D6	1	1062	252				00423F3F	AllocateActiveSoundEntry	31			0042B340	wc2-insertion
src/geom.c	0041A530	0040CEF6	0041A9D0	004593D6	1	1062	253				00423FAB	RemoveActiveSoundEntry	51			0042B390	wc2-insertion
src/geom.c	0041A530	0040CEF6	0041A9D0	004593D6	1	1062	254				0042405E	FUN_0042405E	28				wc2-insertion
src/geom.c	0041A530	0040CEF6	0041A9D0	004593D6	1	1062	255				004240AE	ReleaseFinishedSoundEntries	36			0042B410	wc2-insertion
src/geom.c	0041A530	0040CEF6	0041A9D0	004593D6	1	1062	256				00424113	StopSoundsUsingWave	40			0042B450	wc2-insertion
src/geom.c	0041A530	0040CEF6	0041A9D0	004593D6	1	1062	257				0042418C	playWAVE	203			0042B4A0	wc2-insertion
src/geom.c	0041A530	0040CEF6	0041A9D0	004593D6	1	1062	258				00424417	FUN_00424417	100				wc2-insertion
src/geom.c	0041A530	0040CEF6	0041A9D0	004593D6	1	1062	259				004245A2	stop_all_sounds	22			0042B640	wc2-insertion
src/geom.c	0041A530	0040CEF6	0041A9D0	004593D6	1	1062	260				004245F8	PlaySnowStaticSound	104			0042B680	wc2-insertion
src/geom.c	0041A530	0040CEF6	0041A9D0	004593D6	1	1062	261				0042476B	ServiceSoundSystem	39			0042B7D0	wc2-insertion
src/geom.c	0041A530	0040CEF6	0041A9D0	004593D6	1	1062	262				0042482E	SetSoundEffectsVolume	18			0042B7E0	wc2-insertion
src/geom.c	0041A530	0040CEF6	0041A9D0	004593D6	1	1062	263				0042485C	RegistryQueryValue	23			0042B810	wc2-insertion
src/geom.c	0041A530	0040CEF6	0041A9D0	004593D6	1	1062	264				00424888	RegistryStoreValue	23			0042B840	wc2-insertion
src/geom.c	0041A530	0040CEF6	0041A9D0	004593D6	1	1062	265				004248B4	LoadVolumeSettingsFromRegistry	62			0042B870	wc2-insertion
src/geom.c	0041A530	0040CEF6	0041A9D0	004593D6	1	1062	266				00424980	SaveVolumeSettingsToRegistry	40			0042B930	wc2-insertion
src/geom.c	0041A530	0040CEF6	0041A9D0	004593D6	1	1062	267				00424A00	FUN_00424A00	20				wc2-insertion
src/geom.c	0041A530	0040CEF6	0041A9D0	004593D6	1	1062	268				00424A40	FUN_00424A40	15				wc2-insertion
src/geom.c	0041A530	0040CEF6	0041A9D0	004593D6	1	1062	269				00424A60	ReserveContiguousPaletteEntries	40			00431900	wc2-insertion
src/geom.c	0041A530	0040CEF6	0041A9D0	004593D6	1	1062	270				00424AEE	arrive_from_warp	77			0042A950	wc2-insertion
src/geom.c	0041A530	0040CEF6	0041A9D0	004593D6	1	1062	271				00424C05	unwarp	94			0042AA10	wc2-insertion
src/geom.c	0041A530	0040CEF6	0041A9D0	004593D6	1	1062	272				00424D4D	DeBriefing	90			004056F0	wc2-insertion
src/geom.c	0041A530	0040CEF6	0041A9D0	004593D6	1	1062	273				00424E8C	MarkPilotDead	13				wc2-insertion
src/geom.c	0041A530	0040CEF6	0041A9D0	004593D6	1	1062	274				00424EA7	FUN_00424EA7	24				wc2-insertion
src/geom.c	0041A530	0040CEF6	0041A9D0	004593D6	1	1062	275				00424EFF	FUN_00424EFF	163				wc2-insertion
src/geom.c	0041A530	0040CEF6	0041A9D0	004593D6	1	1062	276				004251F2	stranded_sequence	160			00404BE0	wc2-insertion
src/geom.c	0041A530	0040CEF6	0041A9D0	004593D6	1	1062	277				004254C0	CheckHeapBlockSignature	26			004408A0	wc2-insertion
src/geom.c	0041A530	0040CEF6	0041A9D0	004593D6	1	1062	278				0042550E	HasValidShapeAllocationSignature	17				wc2-insertion
src/geom.c	0041A530	0040CEF6	0041A9D0	004593D6	1	1062	279				0042553A	GetPreparedShapeData	13			004408C0	wc2-insertion
src/geom.c	0041A530	0040CEF6	0041A9D0	004593D6	1	1062	280				00425550	GetShapeFrameCount	21			004408D0	wc2-insertion
src/geom.c	0041A530	0040CEF6	0041A9D0	004593D6	1	1062	281				0042557C	GetShapeFrameExtents	56			004408F0	wc2-insertion
src/geom.c	0041A530	0040CEF6	0041A9D0	004593D6	1	1062	282				00425618	DecodeShapeFrame	279			00440960	wc2-insertion
src/geom.c	0041A530	0040CEF6	0041A9D0	004593D6	1	1062	283				004259E2	SignExtendClipCoord	19			00440BE0	wc2-insertion
src/geom.c	0041A530	0040CEF6	0041A9D0	004593D6	1	1062	284				00425A16	ValidateViewportBounds	114			00440C00	wc2-insertion
src/geom.c	0041A530	0040CEF6	0041A9D0	004593D6	1	1062	285				00425B9E	ClipViewportToScreen	16			00440CF0	wc2-insertion
src/geom.c	0041A530	0040CEF6	0041A9D0	004593D6	1	1062	286				00425BBF	SetSolidColourTranslation	21			00440D10	wc2-insertion
src/geom.c	0041A530	0040CEF6	0041A9D0	004593D6	1	1062	287				00425BF6	PrepareShapeRLEData	308			00440D50	wc2-insertion
src/geom.c	0041A530	0040CEF6	0041A9D0	004593D6	1	1062	288				00425FB4	DrawSpriteTransformed	169			00440FE0	wc2-insertion
src/geom.c	0041A530	0040CEF6	0041A9D0	004593D6	1	1062	289				004261D5	RasterLineHook	11			00441140	wc2-insertion
src/geom.c	0041A530	0040CEF6	0041A9D0	004593D6	1	1062	290				004261E5	DrawFontGlyph	253			00441150	wc2-insertion
src/geom.c	0041A530	0040CEF6	0041A9D0	004593D6	1	1062	291				0042665A	FUN_0042665A	14				wc2-insertion
src/geom.c	0041A530	0040CEF6	0041A9D0	004593D6	1	1062	292				00426677	FUN_00426677	14				wc2-insertion
src/geom.c	0041A530	0040CEF6	0041A9D0	004593D6	1	1062	293				00426694	MarkActivePaletteEntries	14			00441370	wc2-insertion
src/geom.c	0041A530	0040CEF6	0041A9D0	004593D6	1	1062	294				004266B1	GetPaletteEntry	16			004413C0	wc2-insertion
src/geom.c	0041A530	0040CEF6	0041A9D0	004593D6	1	1062	295				004266CC	SetPaletteEntry	16			004413E0	wc2-insertion
src/geom.c	0041A530	0040CEF6	0041A9D0	004593D6	1	1062	296				004266E7	DrawSpriteDefault	45			00441400	wc2-insertion
src/geom.c	0041A530	0040CEF6	0041A9D0	004593D6	1	1062	297				00426769	CaptureSpriteBackground	305			00441450	wc2-insertion
src/geom.c	0041A530	0040CEF6	0041A9D0	004593D6	1	1062	298				00426B96	RestoreSpriteBackground	310			00441740	wc2-insertion
src/geom.c	0041A530	0040CEF6	0041A9D0	004593D6	1	1062	299				00426FD9	DrawSolidColourSprite	42			00441A40	wc2-insertion
src/geom.c	0041A530	0040CEF6	0041A9D0	004593D6	1	1062	300				00427047	CopyViewportContents	69			00441A90	wc2-insertion
src/geom.c	0041A530	0040CEF6	0041A9D0	004593D6	1	1062	301				00427123	ClearViewport	30			00441AE0	wc2-insertion
src/geom.c	0041A530	0040CEF6	0041A9D0	004593D6	1	1062	302				00427179	DrawViewportPixel	34			00441B20	wc2-insertion
src/geom.c	0041A530	0040CEF6	0041A9D0	004593D6	1	1062	303				004271D2	GetViewportPixel	34			00441B60	wc2-insertion
src/geom.c	0041A530	0040CEF6	0041A9D0	004593D6	1	1062	304				0042722E	DrawViewportLine	45			00441BA0	wc2-insertion
src/geom.c	0041A530	0040CEF6	0041A9D0	004593D6	1	1062	305				004272A5	TriangleRasterizerHook	13			00441BF0	wc2-insertion
src/geom.c	0041A530	0040CEF6	0041A9D0	004593D6	1	1062	306				00427D9F	FUN_00427D9F	28				wc2-insertion
src/geom.c	0041A530	0040CEF6	0041A9D0	004593D6	1	1062	307				00427DE8	snow_viewport	19			00442300	wc2-insertion
src/geom.c	0041A530	0040CEF6	0041A9D0	004593D6	1	1062	308				00427E1B	DrawFilledViewportRect	59			00441C70	wc2-insertion
src/geom.c	0041A530	0040CEF6	0041A9D0	004593D6	1	1062	309				00427EC8	DrawViewportBorder	123			00441CF0	wc2-insertion
src/geom.c	0041A530	0040CEF6	0041A9D0	004593D6	1	1062	310				00428023	DrawViewportEllipse	38			00441DD0	wc2-insertion
src/geom.c	0041A530	0040CEF6	0041A9D0	004593D6	1	1062	311				0042808F	FillViewportEllipse	38			00441E20	wc2-insertion
src/geom.c	0041A530	0040CEF6	0041A9D0	004593D6	1	1062	312				004280FB	DrawViewportEllipseShadow	38			00441E70	wc2-insertion
src/geom.c	0041A530	0040CEF6	0041A9D0	004593D6	1	1062	313				00428167	FUN_00428167	24				wc2-insertion
src/geom.c	0041A530	0040CEF6	0041A9D0	004593D6	1	1062	314				004281AE	FUN_004281AE	41				wc2-insertion
src/geom.c	0041A530	0040CEF6	0041A9D0	004593D6	1	1062	315				00428217	FUN_00428217	72				wc2-insertion
src/geom.c	0041A530	0040CEF6	0041A9D0	004593D6	1	1062	316				004282F0	FUN_004282F0	37				wc2-insertion
src/geom.c	0041A530	0040CEF6	0041A9D0	004593D6	1	1062	317				00428344	DrawSolidColourSpriteScaled	41			00442000	wc2-insertion
src/geom.c	0041A530	0040CEF6	0041A9D0	004593D6	1	1062	318				004283A4	GetTransformedShapeBounds	205			00442050	wc2-insertion
src/geom.c	0041A530	0040CEF6	0041A9D0	004593D6	1	1062	319				00428690	fizzle_fade	86			00442200	wc2-insertion
src/geom.c	0041A530	0040CEF6	0041A9D0	004593D6	1	1062	320				004287A4	FUN_004287A4	24				wc2-insertion
src/geom.c	0041A530	0040CEF6	0041A9D0	004593D6	1	1062	321				004287EB	FUN_004287EB	83				wc2-insertion
src/geom.c	0041A530	0040CEF6	0041A9D0	004593D6	1	1062	322				00428900	InitializeAudioStreamer	27			00442370	wc2-insertion
src/geom.c	0041A530	0040CEF6	0041A9D0	004593D6	1	1062	323				0042894B	SignalAudioMixerWakeEvent	18			00442350	wc2-insertion
src/geom.c	0041A530	0040CEF6	0041A9D0	004593D6	1	1062	324				00428979	UpdateStreamerStoppedFlag	20			00442330	wc2-insertion
src/geom.c	0041A530	0040CEF6	0041A9D0	004593D6	1	1062	325				004289BF	Streamer_open	33			004423B0	wc2-insertion
src/geom.c	0041A530	0040CEF6	0041A9D0	004593D6	1	1062	326				00428A2F	Streamer_play	18			00442430	wc2-insertion
src/geom.c	0041A530	0040CEF6	0041A9D0	004593D6	1	1062	327				00428A6D	Streamer_stop	18			00442460	wc2-insertion
src/geom.c	0041A530	0040CEF6	0041A9D0	004593D6	1	1062	328				00428AAB	SetStreamerIntensity	21			00442520	wc2-insertion
src/geom.c	0041A530	0040CEF6	0041A9D0	004593D6	1	1062	329				00428AEB	SetStreamerTrigger	26			004424D0	wc2-insertion
src/geom.c	0041A530	0040CEF6	0041A9D0	004593D6	1	1062	330				00428B3C	ForceStreamerTrigger	23			00442550	wc2-insertion
src/geom.c	0041A530	0040CEF6	0041A9D0	004593D6	1	1062	331				00428B86	Streamer_close	15			004425D0	wc2-insertion
src/geom.c	0041A530	0040CEF6	0041A9D0	004593D6	1	1062	332				00428BAD	DestroyAudioStreamer	15				wc2-insertion
src/geom.c	0041A530	0040CEF6	0041A9D0	004593D6	1	1062	333				00428BD4	ix_log_printf	31			004426A0	wc2-insertion
src/geom.c	0041A530	0040CEF6	0041A9D0	004593D6	1	1062	334				00428C35	FUN_00428C35	62				wc2-insertion
src/geom.c	0041A530	0040CEF6	0041A9D0	004593D6	1	1062	335				00428D09	ReadCheaterFlagFromRegistry	46			00442600	wc2-insertion
src/geom.c	0041A530	0040CEF6	0041A9D0	004593D6	1	1062	336				00428DA3	SetMusicStreamVolume	15			00442590	wc2-insertion
src/geom.c	0041A530	0040CEF6	0041A9D0	004593D6	1	1062	337				00428DBF	GetMusicStreamVolume	13				wc2-insertion
src/geom.c	0041A530	0040CEF6	0041A9D0	004593D6	1	1062	338				00428DE0	GetStreamerState	12				wc2-insertion
src/geom.c	0041A530	0040CEF6	0041A9D0	004593D6	1	1062	339				00428E00	FUN_00428E00	28				wc2-insertion
src/geom.c	0041A530	0040CEF6	0041A9D0	004593D6	1	1062	340				00428E5C	FUN_00428E5C	21				wc2-insertion
src/geom.c	0041A530	0040CEF6	0041A9D0	004593D6	1	1062	341				00428E98	FUN_00428E98	24				wc2-insertion
src/geom.c	0041A530	0040CEF6	0041A9D0	004593D6	1	1062	342				00428EDC	FUN_00428EDC	172				wc2-insertion
src/geom.c	0041A530	0040CEF6	0041A9D0	004593D6	1	1062	343				0042917D	FUN_0042917D	59				wc2-insertion
src/geom.c	0041A530	0040CEF6	0041A9D0	004593D6	1	1062	344				00429261	ShowTheEndScreen	105			004304F0	wc2-insertion
src/geom.c	0041A530	0040CEF6	0041A9D0	004593D6	1	1062	345				004293F9	LoadTemporaryCampaignGlobals	17				wc2-insertion
src/geom.c	0041A530	0040CEF6	0041A9D0	004593D6	1	1062	346				00429423	SaveAndFreeTemporaryCampaignGlobals	40				wc2-insertion
src/geom.c	0041A530	0040CEF6	0041A9D0	004593D6	1	1062	347				0042949F	LoadWholeDataFile	56				wc2-insertion
src/geom.c	0041A530	0040CEF6	0041A9D0	004593D6	1	1062	348				00429550	SendKilrathiAceGreetingOnce	19			00422090	wc2-insertion
src/geom.c	0041A530	0040CEF6	0041A9D0	004593D6	1	1062	349				00429581	signed_random	19			004220F0	wc2-insertion
src/geom.c	0041A530	0040CEF6	0041A9D0	004593D6	1	1062	350				004295A9	alert_flag	18			00422110	wc2-insertion
src/geom.c	0041A530	0040CEF6	0041A9D0	004593D6	1	1062	351				004295D9	set_alert	13			00422140	wc2-insertion
src/geom.c	0041A530	0040CEF6	0041A9D0	004593D6	1	1062	352				004295F2	clear_alert	16			00422160	wc2-insertion
src/geom.c	0041A530	0040CEF6	0041A9D0	004593D6	1	1062	353				00429625	start_collision_alert	36			00422180	wc2-insertion
src/geom.c	0041A530	0040CEF6	0041A9D0	004593D6	1	1062	354				00429698	try2end_collision_alert	26			004221E0	wc2-insertion
src/geom.c	0041A530	0040CEF6	0041A9D0	004593D6	1	1062	355				004296E2	normal_speed	27			00422220	wc2-insertion
src/geom.c	0041A530	0040CEF6	0041A9D0	004593D6	1	1062	356				00429736	real_crash_time	166			00422260	wc2-insertion
src/geom.c	0041A530	0040CEF6	0041A9D0	004593D6	1	1062	357				00429958	crash_time	32			00422460	wc2-insertion
src/geom.c	0041A530	0040CEF6	0041A9D0	004593D6	1	1062	358				004299C9	detect_collisions	97			004224F0	wc2-insertion
src/geom.c	0041A530	0040CEF6	0041A9D0	004593D6	1	1062	359				00429B55	unactive	25			00422560	wc2-insertion
src/geom.c	0041A530	0040CEF6	0041A9D0	004593D6	1	1062	360				00429BA8	are_alive	25			00422590	wc2-insertion
src/geom.c	0041A530	0040CEF6	0041A9D0	004593D6	1	1062	361				00429BF0	trim_goals	48			004225C0	wc2-insertion
src/geom.c	0041A530	0040CEF6	0041A9D0	004593D6	1	1062	362				00429CAD	report_kilrathi_rout	86			00422640	wc2-insertion
src/geom.c	0041A530	0040CEF6	0041A9D0	004593D6	1	1062	363				00429E24	find_ship_index	45			00422710	wc2-insertion
src/geom.c	0041A530	0040CEF6	0041A9D0	004593D6	1	1062	364				00429EE0	try2rout	76			00422780	wc2-insertion
src/geom.c	0041A530	0040CEF6	0041A9D0	004593D6	1	1062	365				0042A003	CanSetNewShipTurnGoal	29				wc2-insertion
src/geom.c	0041A530	0040CEF6	0041A9D0	004593D6	1	1062	366				0042A062	no_goal	23			00422830	wc2-insertion
src/geom.c	0041A530	0040CEF6	0041A9D0	004593D6	1	1062	367				0042A0A9	being_tailed	29			00422860	wc2-insertion
src/geom.c	0041A530	0040CEF6	0041A9D0	004593D6	1	1062	368				0042A108	detect_enemy_tail	50			00422930	wc2-insertion
src/geom.c	0041A530	0040CEF6	0041A9D0	004593D6	1	1062	369				0042A1C5	is_ship_tailing_player_target	33			004229B0	wc2-insertion
src/geom.c	0041A530	0040CEF6	0041A9D0	004593D6	1	1062	370				0042A222	FindMissileTargetingObject	31			004229F0	wc2-insertion
src/geom.c	0041A530	0040CEF6	0041A9D0	004593D6	1	1062	371				0042A28E	build_squad_list	36			00422A70	wc2-insertion
src/geom.c	0041A530	0040CEF6	0041A9D0	004593D6	1	1062	372				0042A313	find_squad_center	45			00422AC0	wc2-insertion
src/geom.c	0041A530	0040CEF6	0041A9D0	004593D6	1	1062	373				0042A39A	init_formation_burst	74			00422B30	wc2-insertion
src/geom.c	0041A530	0040CEF6	0041A9D0	004593D6	1	1062	374				0042A490	reset_mission_type	28			00422BE0	wc2-insertion
src/geom.c	0041A530	0040CEF6	0041A9D0	004593D6	1	1062	375				0042A4E5	change_mission_type	24			00422C30	wc2-insertion
src/geom.c	0041A530	0040CEF6	0041A9D0	004593D6	1	1062	376				0042A52A	reset_objective	22			00422C70	wc2-insertion
src/geom.c	0041A530	0040CEF6	0041A9D0	004593D6	1	1062	377				0042A55F	alter_objective	22			00422CA0	wc2-insertion
src/geom.c	0041A530	0040CEF6	0041A9D0	004593D6	1	1062	378				0042A594	reset_tactic	20			00422CD0	wc2-insertion
src/geom.c	0041A530	0040CEF6	0041A9D0	004593D6	1	1062	379				0042A5C8	alter_tactic	18			00422D00	wc2-insertion
src/geom.c	0041A530	0040CEF6	0041A9D0	004593D6	1	1062	380				0042A5F1	reset_maneuver	17			00422D30	wc2-insertion
src/geom.c	0041A530	0040CEF6	0041A9D0	004593D6	1	1062	381				0042A625	try2reset_maneuver	25			00422D60	wc2-insertion
src/geom.c	0041A530	0040CEF6	0041A9D0	004593D6	1	1062	382				0042A664	set_special	36			00422D90	wc2-insertion
src/geom.c	0041A530	0040CEF6	0041A9D0	004593D6	1	1062	383				0042A6E8	approach_zero_speed	15			00422DD0	wc2-insertion
src/geom.c	0041A530	0040CEF6	0041A9D0	004593D6	1	1062	384				0042A701	approach_min_speed	15			00422DF0	wc2-insertion
src/geom.c	0041A530	0040CEF6	0041A9D0	004593D6	1	1062	385				0042A71D	approach_half_speed	22			00422E10	wc2-insertion
src/geom.c	0041A530	0040CEF6	0041A9D0	004593D6	1	1062	386				0042A754	approach_cruise_speed	21			00422E50	wc2-insertion
src/geom.c	0041A530	0040CEF6	0041A9D0	004593D6	1	1062	387				0042A788	approach_full_speed	18			00422E80	wc2-insertion
src/geom.c	0041A530	0040CEF6	0041A9D0	004593D6	1	1062	388				0042A7AF	approach_ship_speed	17			00422EA0	wc2-insertion
src/geom.c	0041A530	0040CEF6	0041A9D0	004593D6	1	1062	389				0042A7D2	ComputePointAheadOfObject	32			00422EC0	wc2-insertion
src/geom.c	0041A530	0040CEF6	0041A9D0	004593D6	1	1062	390				0042A823	ComputePointBehindObject	33			00422F10	wc2-insertion
src/geom.c	0041A530	0040CEF6	0041A9D0	004593D6	1	1062	391				0042A876	close_behind	21			00422F60	wc2-insertion
src/geom.c	0041A530	0040CEF6	0041A9D0	004593D6	1	1062	392				0042A8B5	scan_for_enemy	86			00422F80	wc2-insertion
src/geom.c	0041A530	0040CEF6	0041A9D0	004593D6	1	1062	393				0042AA0D	any_enemy	50			00423070	wc2-insertion
src/geom.c	0041A530	0040CEF6	0041A9D0	004593D6	1	1062	394				0042AAD3	FUN_0042AAD3	47				wc2-insertion
src/geom.c	0041A530	0040CEF6	0041A9D0	004593D6	1	1062	395				0042AB81	ships_within_range	30			00423260	wc2-insertion
src/geom.c	0041A530	0040CEF6	0041A9D0	004593D6	1	1062	396				0042ABCE	attacker_in_range	56			004232B0	wc2-insertion
src/geom.c	0041A530	0040CEF6	0041A9D0	004593D6	1	1062	397				0042ACAF	in_danger	64			00423350	wc2-insertion
src/geom.c	0041A530	0040CEF6	0041A9D0	004593D6	1	1062	398				0042ADB8	target_within_range	42			00423400	wc2-insertion
src/geom.c	0041A530	0040CEF6	0041A9D0	004593D6	1	1062	399				0042AE32	build_target_list	72			00423440	wc2-insertion
src/geom.c	0041A530	0040CEF6	0041A9D0	004593D6	1	1062	400				0042AF60	inherit_leader_mission	43			00423530	wc2-insertion
src/geom.c	0041A530	0040CEF6	0041A9D0	004593D6	1	1062	401				0042B00A	inherit_leader	44			004235B0	wc2-insertion
src/geom.c	0041A530	0040CEF6	0041A9D0	004593D6	1	1062	402				0042B0B7	dead_ship	23			00423610	wc2-insertion
src/geom.c	0041A530	0040CEF6	0041A9D0	004593D6	1	1062	403				0042B0FB	gone_ship	29			00423640	wc2-insertion
src/geom.c	0041A530	0040CEF6	0041A9D0	004593D6	1	1062	404				0042B15A	skill_check	27			004236B0	wc2-insertion
src/geom.c	0041A530	0040CEF6	0041A9D0	004593D6	1	1062	405				0042B1AE	find_ships_sphere	64			004236F0	wc2-insertion
src/geom.c	0041A530	0040CEF6	0041A9D0	004593D6	1	1062	406				0042B2A7	locate_ship	75			00423780	wc2-insertion
src/geom.c	0041A530	0040CEF6	0041A9D0	004593D6	1	1062	407				0042B38F	get_follow_point	113			00423820	wc2-insertion
src/geom.c	0041A530	0040CEF6	0041A9D0	004593D6	1	1062	408				0042B524	get_first_follow_point	24			00423930	wc2-insertion
src/geom.c	0041A530	0040CEF6	0041A9D0	004593D6	1	1062	409				0042B565	hostile_sphere	41			00423970	wc2-insertion
src/geom.c	0041A530	0040CEF6	0041A9D0	004593D6	1	1062	410				0042B5F7	abandoned	63			004239D0	wc2-insertion
src/geom.c	0041A530	0040CEF6	0041A9D0	004593D6	1	1062	411				0042B6C5	engage	36			00423A50	wc2-insertion
src/geom.c	0041A530	0040CEF6	0041A9D0	004593D6	1	1062	412				0042B73B	target_valid	59			00423AC0	wc2-insertion
src/geom.c	0041A530	0040CEF6	0041A9D0	004593D6	1	1062	413				0042B80C	FUN_0042B80C	62				wc2-insertion
src/geom.c	0041A530	0040CEF6	0041A9D0	004593D6	1	1062	414				0042B916	FUN_0042B916	38				wc2-insertion
src/geom.c	0041A530	0040CEF6	0041A9D0	004593D6	1	1062	415				0042B985	evaluate_damage	88			00423C00	wc2-insertion
src/geom.c	0041A530	0040CEF6	0041A9D0	004593D6	1	1062	416				0042BAC0	FillGraphicSuffix	35			00436C70	wc2-insertion
src/geom.c	0041A530	0040CEF6	0041A9D0	004593D6	1	1062	417				0042BB17	ConvertChar_Int	32			00436CB0	wc2-insertion
src/geom.c	0041A530	0040CEF6	0041A9D0	004593D6	1	1062	418				0042BB70	PostMission	143			0040F010	wc2-insertion
src/geom.c	0041A530	0040CEF6	0041A9D0	004593D6	1	1062	419				0042BDDB	FUN_0042BDDB	16				wc2-insertion
src/geom.c	0041A530	0040CEF6	0041A9D0	004593D6	1	1062	420				0042BDFE	FUN_0042BDFE	10				wc2-insertion
src/geom.c	0041A530	0040CEF6	0041A9D0	004593D6	1	1062	421				0042BE09	FUN_0042BE09	23				wc2-insertion
src/geom.c	0041A530	0040CEF6	0041A9D0	004593D6	1	1062	422				0042BE4B	FUN_0042BE4B	60				wc2-insertion
src/geom.c	0041A530	0040CEF6	0041A9D0	004593D6	1	1062	423				0042BF0C	FUN_0042BF0C	55				wc2-insertion
src/geom.c	0041A530	0040CEF6	0041A9D0	004593D6	1	1062	424				0042BFB8	FUN_0042BFB8	39				wc2-insertion
src/geom.c	0041A530	0040CEF6	0041A9D0	004593D6	1	1062	425				0042C04B	FUN_0042C04B	25				wc2-insertion
src/geom.c	0041A530	0040CEF6	0041A9D0	004593D6	1	1062	426				0042C0A2	FUN_0042C0A2	25				wc2-insertion
src/geom.c	0041A530	0040CEF6	0041A9D0	004593D6	1	1062	427				0042C0F1	print_subtitle	155			00403920	wc2-insertion
src/geom.c	0041A530	0040CEF6	0041A9D0	004593D6	1	1062	428				0042C373	FUN_0042C373	21				wc2-insertion
src/geom.c	0041A530	0040CEF6	0041A9D0	004593D6	1	1062	429				0042C3A7	FUN_0042C3A7	43				wc2-insertion
src/geom.c	0041A530	0040CEF6	0041A9D0	004593D6	1	1062	430				0042C43D	DisplayTrainSimHighScoreTable	100			00425C60	wc2-insertion
src/geom.c	0041A530	0040CEF6	0041A9D0	004593D6	1	1062	431				0042C5A2	FUN_0042C5A2	34				wc2-insertion
src/geom.c	0041A530	0040CEF6	0041A9D0	004593D6	1	1062	432				0042C607	FUN_0042C607	27				wc2-insertion
src/geom.c	0041A530	0040CEF6	0041A9D0	004593D6	1	1062	433				0042C659	FUN_0042C659	27				wc2-insertion
src/geom.c	0041A530	0040CEF6	0041A9D0	004593D6	1	1062	434				0042C6AC	FUN_0042C6AC	42				wc2-insertion
src/geom.c	0041A530	0040CEF6	0041A9D0	004593D6	1	1062	435				0042C725	FUN_0042C725	25				wc2-insertion
src/geom.c	0041A530	0040CEF6	0041A9D0	004593D6	1	1062	436				0042C75D	FUN_0042C75D	27				wc2-insertion
src/geom.c	0041A530	0040CEF6	0041A9D0	004593D6	1	1062	437				0042C7BC	FUN_0042C7BC	78				wc2-insertion
src/geom.c	0041A530	0040CEF6	0041A9D0	004593D6	1	1062	438				0042C8E1	FUN_0042C8E1	57				wc2-insertion
src/geom.c	0041A530	0040CEF6	0041A9D0	004593D6	1	1062	439				0042C9B0	FUN_0042C9B0	39				wc2-insertion
src/geom.c	0041A530	0040CEF6	0041A9D0	004593D6	1	1062	440				0042CA28	FUN_0042CA28	65				wc2-insertion
src/geom.c	0041A530	0040CEF6	0041A9D0	004593D6	1	1062	441				0042CB08	FUN_0042CB08	90				wc2-insertion
src/geom.c	0041A530	0040CEF6	0041A9D0	004593D6	1	1062	442				0042CC42	FUN_0042CC42	91				wc2-insertion
src/geom.c	0041A530	0040CEF6	0041A9D0	004593D6	1	1062	443				0042CDB5	FUN_0042CDB5	165				wc2-insertion
src/geom.c	0041A530	0040CEF6	0041A9D0	004593D6	1	1062	444				0042CFDB	FUN_0042CFDB	127				wc2-insertion
src/geom.c	0041A530	0040CEF6	0041A9D0	004593D6	1	1062	445				0042D181	FUN_0042D181	56				wc2-insertion
src/geom.c	0041A530	0040CEF6	0041A9D0	004593D6	1	1062	446				0042D227	FUN_0042D227	124				wc2-insertion
src/geom.c	0041A530	0040CEF6	0041A9D0	004593D6	1	1062	447				0042D444	FUN_0042D444	30				wc2-insertion
src/geom.c	0041A530	0040CEF6	0041A9D0	004593D6	1	1062	448				0042D4C1	FUN_0042D4C1	20				wc2-insertion
src/geom.c	0041A530	0040CEF6	0041A9D0	004593D6	1	1062	449				0042D4FA	FUN_0042D4FA	29				wc2-insertion
src/geom.c	0041A530	0040CEF6	0041A9D0	004593D6	1	1062	450				0042D568	ViewMedals	159			00436E30	wc2-insertion
src/geom.c	0041A530	0040CEF6	0041A9D0	004593D6	1	1062	451				0042D81C	FUN_0042D81C	54				wc2-insertion
src/geom.c	0041A530	0040CEF6	0041A9D0	004593D6	1	1062	452				0042D8E2	FUN_0042D8E2	57				wc2-insertion
src/geom.c	0041A530	0040CEF6	0041A9D0	004593D6	1	1062	453				0042D98C	FUN_0042D98C	52				wc2-insertion
src/geom.c	0041A530	0040CEF6	0041A9D0	004593D6	1	1062	454				0042DA25	FUN_0042DA25	250				wc2-insertion
src/geom.c	0041A530	0040CEF6	0041A9D0	004593D6	1	1062	455				0042DD9F	FUN_0042DD9F	55				wc2-insertion
src/geom.c	0041A530	0040CEF6	0041A9D0	004593D6	1	1062	456				0042DE62	FUN_0042DE62	23				wc2-insertion
src/geom.c	0041A530	0040CEF6	0041A9D0	004593D6	1	1062	457				0042DE9D	FUN_0042DE9D	46				wc2-insertion
src/geom.c	0041A530	0040CEF6	0041A9D0	004593D6	1	1062	458				0042DF32	FUN_0042DF32	28				wc2-insertion
src/geom.c	0041A530	0040CEF6	0041A9D0	004593D6	1	1062	459				0042DF80	FUN_0042DF80	128				wc2-insertion
src/geom.c	0041A530	0040CEF6	0041A9D0	004593D6	1	1062	460				0042E12A	FUN_0042E12A	172				wc2-insertion
src/geom.c	0041A530	0040CEF6	0041A9D0	004593D6	1	1062	461				0042E3CF	PromptForTextInput	106			0041B420	wc2-insertion
src/geom.c	0041A530	0040CEF6	0041A9D0	004593D6	1	1062	462				0042E553	FUN_0042E553	93				wc2-insertion
src/geom.c	0041A530	0040CEF6	0041A9D0	004593D6	1	1062	463				0042E692	FUN_0042E692	29				wc2-insertion
src/geom.c	0041A530	0040CEF6	0041A9D0	004593D6	1	1062	464				0042E6EB	FUN_0042E6EB	40				wc2-insertion
src/geom.c	0041A530	0040CEF6	0041A9D0	004593D6	1	1062	465				0042E762	FUN_0042E762	66				wc2-insertion
src/geom.c	0041A530	0040CEF6	0041A9D0	004593D6	1	1062	466				0042E868	DrawFuneralLongShot	219			00439220	wc2-insertion
src/geom.c	0041A530	0040CEF6	0041A9D0	004593D6	1	1062	467				0042EBD0	FUN_0042EBD0	55			00426700	wc2-insertion
src/geom.c	0041A530	0040CEF6	0041A9D0	004593D6	1	1062	468				0042EC7F	FUN_0042EC7F	24				wc2-insertion
src/geom.c	0041A530	0040CEF6	0041A9D0	004593D6	1	1062	469				0042ECCB	UpdateMap	100			00405CC0	wc2-insertion
src/geom.c	0041A530	0040CEF6	0041A9D0	004593D6	1	1062	470				0042EE4F	FUN_0042EE4F	24				wc2-insertion
src/geom.c	0041A530	0040CEF6	0041A9D0	004593D6	1	1062	471				0042EE86	FUN_0042EE86	41				wc2-insertion
src/geom.c	0041A530	0040CEF6	0041A9D0	004593D6	1	1062	472				0042EF12	FUN_0042EF12	105				wc2-insertion
src/geom.c	0041A530	0040CEF6	0041A9D0	004593D6	1	1062	473				0042F0B3	FUN_0042F0B3	26				wc2-insertion
src/geom.c	0041A530	0040CEF6	0041A9D0	004593D6	1	1062	474				0042F100	FUN_0042F100	22				wc2-insertion
src/geom.c	0041A530	0040CEF6	0041A9D0	004593D6	1	1062	475				0042F135	FUN_0042F135	37				wc2-insertion
src/geom.c	0041A530	0040CEF6	0041A9D0	004593D6	1	1062	476				0042F19A	FUN_0042F19A	37				wc2-insertion
src/geom.c	0041A530	0040CEF6	0041A9D0	004593D6	1	1062	477				0042F1FD	FUN_0042F1FD	3599				wc2-insertion
src/geom.c	0041A530	0040CEF6	0041A9D0	004593D6	1	1062	478				00432DCC	FUN_00432DCC	31				wc2-insertion
src/geom.c	0041A530	0040CEF6	0041A9D0	004593D6	1	1062	479				00432E23	RewriteDiskFileGraphicsExtensions	34			0042C510	wc2-insertion
src/geom.c	0041A530	0040CEF6	0041A9D0	004593D6	1	1062	480				00432E83	FUN_00432E83	34				wc2-insertion
src/geom.c	0041A530	0040CEF6	0041A9D0	004593D6	1	1062	481				00432EE4	FUN_00432EE4	28				wc2-insertion
src/geom.c	0041A530	0040CEF6	0041A9D0	004593D6	1	1062	482				00432F2A	FUN_00432F2A	205				wc2-insertion
src/geom.c	0041A530	0040CEF6	0041A9D0	004593D6	1	1062	483				00433269	FUN_00433269	52				wc2-insertion
src/geom.c	0041A530	0040CEF6	0041A9D0	004593D6	1	1062	484				00433328	FUN_00433328	59				wc2-insertion
src/geom.c	0041A530	0040CEF6	0041A9D0	004593D6	1	1062	485				004333F8	SceneEnterHook	13			00425AF0	wc2-insertion
src/geom.c	0041A530	0040CEF6	0041A9D0	004593D6	1	1062	486				00433410	PanToScreen	201			00439430	wc2-insertion
src/geom.c	0041A530	0040CEF6	0041A9D0	004593D6	1	1062	487				00433690	FUN_00433690	63				wc2-insertion
src/geom.c	0041A530	0040CEF6	0041A9D0	004593D6	1	1062	488				0043374E	FUN_0043374E	17				wc2-insertion
src/geom.c	0041A530	0040CEF6	0041A9D0	004593D6	1	1062	489				00433777	FUN_00433777	181				wc2-insertion
src/geom.c	0041A530	0040CEF6	0041A9D0	004593D6	1	1062	490				00433A14	FUN_00433A14	37				wc2-insertion
src/geom.c	0041A530	0040CEF6	0041A9D0	004593D6	1	1062	491				00433A75	FUN_00433A75	26				wc2-insertion
src/geom.c	0041A530	0040CEF6	0041A9D0	004593D6	1	1062	492				00433AB0	FUN_00433AB0	12				wc2-insertion
src/geom.c	0041A530	0040CEF6	0041A9D0	004593D6	1	1062	493				00433AD0	FUN_00433AD0	92				wc2-insertion
src/geom.c	0041A530	0040CEF6	0041A9D0	004593D6	1	1062	494				00433C84	FUN_00433C84	136				wc2-insertion
src/geom.c	0041A530	0040CEF6	0041A9D0	004593D6	1	1062	495				00433E8C	FUN_00433E8C	25				wc2-insertion
src/geom.c	0041A530	0040CEF6	0041A9D0	004593D6	1	1062	496				00433ED7	GetBunkInfo	60			0041BB20	wc2-insertion
src/geom.c	0041A530	0040CEF6	0041A9D0	004593D6	1	1062	497				00433F94	Dismissed	57			00437B80	wc2-insertion
src/geom.c	0041A530	0040CEF6	0041A9D0	004593D6	1	1062	498				00434043	get_pilot_talk	98			0040C1C0	wc2-insertion
src/geom.c	0041A530	0040CEF6	0041A9D0	004593D6	1	1062	499				00434177	DrawMedalLongShot	93			00437250	wc2-insertion
src/geom.c	0041A530	0040CEF6	0041A9D0	004593D6	1	1062	500				004342E8	OpenDiskDataFile	170			0041D6C0	wc2-insertion
src/geom.c	0041A530	0040CEF6	0041A9D0	004593D6	1	1062	501				0043456E	FUN_0043456E	24				wc2-insertion
src/geom.c	0041A530	0040CEF6	0041A9D0	004593D6	1	1062	502				004345A1	EraseLastTextInputCharacter	94			0041DDF0	wc2-insertion
src/geom.c	0041A530	0040CEF6	0041A9D0	004593D6	1	1062	503				004346E9	WarnLoadGameFirst	69			0041B550	wc2-insertion
src/geom.c	0041A530	0040CEF6	0041A9D0	004593D6	1	1062	504				004347D6	FUN_004347D6	69			00426660	wc2-insertion
src/geom.c	0041A530	0040CEF6	0041A9D0	004593D6	1	1062	505				004348C3	FUN_004348C3	148			00426600	wc2-insertion
src/geom.c	0041A530	0040CEF6	0041A9D0	004593D6	1	1062	506				00434ACE	FUN_00434ACE	64				wc2-insertion
src/geom.c	0041A530	0040CEF6	0041A9D0	004593D6	1	1062	507				00434BB5	FUN_00434BB5	178				wc2-insertion
src/geom.c	0041A530	0040CEF6	0041A9D0	004593D6	1	1062	508				00434EBC	DrawArcadeScorePanel	64			00429E90	wc2-insertion
src/geom.c	0041A530	0040CEF6	0041A9D0	004593D6	1	1062	509				00434F7D	ConfirmQuitWingCommander	64			0041BF10	wc2-insertion
src/geom.c	0041A530	0040CEF6	0041A9D0	004593D6	1	1062	510				00435064	FUN_00435064	207				wc2-insertion
src/geom.c	0041A530	0040CEF6	0041A9D0	004593D6	1	1062	511				004353D4	FUN_004353D4	991			00426C70	wc2-insertion
src/geom.c	0041A530	0040CEF6	0041A9D0	004593D6	1	1062	512				0043641C	ConfirmReplaceFaultyData	182			0041BFE0	wc2-insertion
src/geom.c	0041A530	0040CEF6	0041A9D0	004593D6	1	1062	513				00436722	ConfirmAwakenAfterBadData	182			0041BF60	wc2-insertion
src/geom.c	0041A530	0040CEF6	0041A9D0	004593D6	1	1062	514				00436A4D	FUN_00436A4D	23				wc2-insertion
src/geom.c	0041A530	0040CEF6	0041A9D0	004593D6	1	1062	515				00436A8F	FUN_00436A8F	789				wc2-insertion
src/geom.c	0041A530	0040CEF6	0041A9D0	004593D6	1	1062	516				00437760	SplitGameClockTicks	52			00403C40	wc2-insertion
src/geom.c	0041A530	0040CEF6	0041A9D0	004593D6	1	1062	517				004377F0	MonoDebug_install	69			00403C90	wc2-insertion
src/geom.c	0041A530	0040CEF6	0041A9D0	004593D6	1	1062	518				004378D9	MonoDebug_remove	16			00403D60	wc2-insertion
src/geom.c	0041A530	0040CEF6	0041A9D0	004593D6	1	1062	519				00437907	FUN_00437907	25				wc2-insertion
src/geom.c	0041A530	0040CEF6	0041A9D0	004593D6	1	1062	520				00437946	SoundDebugPrintf	24			00403DB0	wc2-insertion
src/geom.c	0041A530	0040CEF6	0041A9D0	004593D6	1	1062	521				00437983	MonoDebug_print	29			00403DE0	wc2-insertion
src/geom.c	0041A530	0040CEF6	0041A9D0	004593D6	1	1062	522				004379D4	ReadPerformanceCounter	13			00403E30	wc2-insertion
src/geom.c	0041A530	0040CEF6	0041A9D0	004593D6	1	1062	523				004379F0	FUN_004379F0	24				wc2-insertion
src/geom.c	0041A530	0040CEF6	0041A9D0	004593D6	1	1062	524				00437A44	FUN_00437A44	37				wc2-insertion
src/geom.c	0041A530	0040CEF6	0041A9D0	004593D6	1	1062	525				00437AB4	exit_squadron	21			00427370	wc2-insertion
src/geom.c	0041A530	0040CEF6	0041A9D0	004593D6	1	1062	526				00437AEC	ShowMemoryStatusDebug	103			004273C0	wc2-insertion
src/geom.c	0041A530	0040CEF6	0041A9D0	004593D6	1	1062	527				00437C2E	ShowModalMessage	38			00428F20	wc2-insertion
src/geom.c	0041A530	0040CEF6	0041A9D0	004593D6	1	1062	528				00437C96	ReportOutOfMemoryAndExit	18			00428F80	wc2-insertion
src/geom.c	0041A530	0040CEF6	0041A9D0	004593D6	1	1062	529				00437CBF	InitializeConversationViewport	42			00427B20	wc2-insertion
src/geom.c	0041A530	0040CEF6	0041A9D0	004593D6	1	1062	530				00437D68	ResetScreenClipToFullHeight	15			00427BA0	wc2-insertion
src/geom.c	0041A530	0040CEF6	0041A9D0	004593D6	1	1062	531				00437D92	InitializeConversationText	29			00427BC0	wc2-insertion
src/geom.c	0041A530	0040CEF6	0041A9D0	004593D6	1	1062	532				00437DFA	ShowOnScreenMessage	86			00428FA0	wc2-insertion
src/geom.c	0041A530	0040CEF6	0041A9D0	004593D6	1	1062	533				00437F2F	ShowGamePausedBanner	24			004290A0	wc2-insertion
src/geom.c	0041A530	0040CEF6	0041A9D0	004593D6	1	1062	534				00437F77	ShowVersionBanner	16			004290D0	wc2-insertion
src/geom.c	0041A530	0040CEF6	0041A9D0	004593D6	1	1062	535				00437F9A	SetMessageDisplaySpeed	23			004290F0	wc2-insertion
src/geom.c	0041A530	0040CEF6	0041A9D0	004593D6	1	1062	536				00437FD3	ReportFramesSkipped	29			00429120	wc2-insertion
src/geom.c	0041A530	0040CEF6	0041A9D0	004593D6	1	1062	537				00438020	FUN_00438020	32				wc2-insertion
src/geom.c	0041A530	0040CEF6	0041A9D0	004593D6	1	1062	538				00438080	FUN_00438080	16				wc2-insertion
src/geom.c	0041A530	0040CEF6	0041A9D0	004593D6	1	1062	539				004380B0	FatalErrorAndExit	26			00413CE0	wc2-insertion
src/geom.c	0041A530	0040CEF6	0041A9D0	004593D6	1	1062	540				004380FD	IsCockpitExplosionActive	17			00413D20	wc2-insertion
src/geom.c	0041A530	0040CEF6	0041A9D0	004593D6	1	1062	541				00438129	EraseCockpitReadoutRegion	37			00413D40	wc2-insertion
src/geom.c	0041A530	0040CEF6	0041A9D0	004593D6	1	1062	542				00438194	vdu_polygon	189			00413DA0	wc2-insertion
src/geom.c	0041A530	0040CEF6	0041A9D0	004593D6	1	1062	543				00438454	InitializeCockpitReadout	27			00413F70	wc2-insertion
src/geom.c	0041A530	0040CEF6	0041A9D0	004593D6	1	1062	544				004384AD	DrawCockpitReadout	73			00413FB0	wc2-insertion
src/geom.c	0041A530	0040CEF6	0041A9D0	004593D6	1	1062	545				004385B3	DrawHudMessageSlot	105			004140A0	wc2-insertion
src/geom.c	0041A530	0040CEF6	0041A9D0	004593D6	1	1062	546				00438711	ClearHudMessageSlot	43			00414180	wc2-insertion
src/geom.c	0041A530	0040CEF6	0041A9D0	004593D6	1	1062	547				004387A7	ClearHudMessageIfMatching	18			004141B0	wc2-insertion
src/geom.c	0041A530	0040CEF6	0041A9D0	004593D6	1	1062	548				004387CD	ClearHudGunReadouts	14			004141D0	wc2-insertion
src/geom.c	0041A530	0040CEF6	0041A9D0	004593D6	1	1062	549				004387FA	SetHudMessageSlot	38			004141F0	wc2-insertion
src/geom.c	0041A530	0040CEF6	0041A9D0	004593D6	1	1062	550				00438864	UpdateMessage	30			00414240	wc2-insertion
src/geom.c	0041A530	0040CEF6	0041A9D0	004593D6	1	1062	551				004388B6	set_global_message	27			00414270	wc2-insertion
src/geom.c	0041A530	0040CEF6	0041A9D0	004593D6	1	1062	552				004388F5	CockpitMessage	21			004142B0	wc2-insertion
src/geom.c	0041A530	0040CEF6	0041A9D0	004593D6	1	1062	553				00438923	FUN_00438923	15				wc2-insertion
src/geom.c	0041A530	0040CEF6	0041A9D0	004593D6	1	1062	554				0043893F	remove_message	17			004142E0	wc2-insertion
src/geom.c	0041A530	0040CEF6	0041A9D0	004593D6	1	1062	555				0043895F	kilrathi_near	45			00414300	wc2-insertion
src/geom.c	0041A530	0040CEF6	0041A9D0	004593D6	1	1062	556				004389FE	IsMissionObjectiveOutOfSystem	56				wc2-insertion
src/geom.c	0041A530	0040CEF6	0041A9D0	004593D6	1	1062	557				00438ADD	auto_pilot_valid	129			00414380	wc2-insertion
src/geom.c	0041A530	0040CEF6	0041A9D0	004593D6	1	1062	558				00438CEB	reset_cockpit	22			00414410	wc2-insertion
src/geom.c	0041A530	0040CEF6	0041A9D0	004593D6	1	1062	559				00438D30	SetCockpitLightBlink	36			00414440	wc2-insertion
src/geom.c	0041A530	0040CEF6	0041A9D0	004593D6	1	1062	560				00438DAD	draw_cockpit_lights	108			00414490	wc2-insertion
src/geom.c	0041A530	0040CEF6	0041A9D0	004593D6	1	1062	561				00438F62	update_lights	77			004145B0	wc2-insertion
src/geom.c	0041A530	0040CEF6	0041A9D0	004593D6	1	1062	562				00439076	update_bars	151			00414690	wc2-insertion
src/geom.c	0041A530	0040CEF6	0041A9D0	004593D6	1	1062	563				00439264	get_mode	16			004147E0	wc2-insertion
src/geom.c	0041A530	0040CEF6	0041A9D0	004593D6	1	1062	564				0043928E	set_mode	33			00414800	wc2-insertion
src/geom.c	0041A530	0040CEF6	0041A9D0	004593D6	1	1062	565				004392F1	SetVduModeIfChanged	32			00414850	wc2-insertion
src/geom.c	0041A530	0040CEF6	0041A9D0	004593D6	1	1062	566				0043934D	GetVduModeStackDepth	13			00414890	wc2-insertion
src/geom.c	0041A530	0040CEF6	0041A9D0	004593D6	1	1062	567				00439369	push_mode	26			004148A0	wc2-insertion
src/geom.c	0041A530	0040CEF6	0041A9D0	004593D6	1	1062	568				004393B3	pop_mode	20			004148E0	wc2-insertion
src/geom.c	0041A530	0040CEF6	0041A9D0	004593D6	1	1062	569				004393E1	set_new_vdu	56			00414910	wc2-insertion
src/geom.c	0041A530	0040CEF6	0041A9D0	004593D6	1	1062	570				004394A0	update_vid_disp	31			00414980	wc2-insertion
src/geom.c	0041A530	0040CEF6	0041A9D0	004593D6	1	1062	571				00439500	InvalidateVduMode	12			004149C0	wc2-insertion
src/geom.c	0041A530	0040CEF6	0041A9D0	004593D6	1	1062	572				0043951A	clear_message_time	11			004149E0	wc2-insertion
src/geom.c	0041A530	0040CEF6	0041A9D0	004593D6	1	1062	573				0043952E	message_showing	17			004149F0	wc2-insertion
src/geom.c	0041A530	0040CEF6	0041A9D0	004593D6	1	1062	574				00439559	set_message_time	16			00414A10	wc2-insertion
src/geom.c	0041A530	0040CEF6	0041A9D0	004593D6	1	1062	575				00439588	check_message	69			00414A20	wc2-insertion
src/geom.c	0041A530	0040CEF6	0041A9D0	004593D6	1	1062	576				004396BF	update_digital_readouts	50			00414A50	wc2-insertion
src/geom.c	0041A530	0040CEF6	0041A9D0	004593D6	1	1062	577				00439753	malf_sound	25			00414AE0	wc2-insertion
src/geom.c	0041A530	0040CEF6	0041A9D0	004593D6	1	1062	578				00439789	malf	26			00414AF0	wc2-insertion
src/geom.c	0041A530	0040CEF6	0041A9D0	004593D6	1	1062	579				004397D5	vdu_malf	39			00414B20	wc2-insertion
src/geom.c	0041A530	0040CEF6	0041A9D0	004593D6	1	1062	580				0043984F	ShowComponentHitHudMessage	40			00414B70	wc2-insertion
src/geom.c	0041A530	0040CEF6	0041A9D0	004593D6	1	1062	581				004398CB	damage_your_component	75			00414BF0	wc2-insertion
src/geom.c	0041A530	0040CEF6	0041A9D0	004593D6	1	1062	582				004399C6	RemovePlayerReleaseWeapon	36			00414CB0	wc2-insertion
src/geom.c	0041A530	0040CEF6	0041A9D0	004593D6	1	1062	583				00439A5A	fire_computer_graphic_missile	87			00414D50	wc2-insertion
src/geom.c	0041A530	0040CEF6	0041A9D0	004593D6	1	1062	584				00439BB7	show_weapon_disp	239			00414EA0	wc2-insertion
src/geom.c	0041A530	0040CEF6	0041A9D0	004593D6	1	1062	585				00439F5F	update_status_text	166			00415040	wc2-insertion
src/geom.c	0041A530	0040CEF6	0041A9D0	004593D6	1	1062	586				0043A1EB	sighted	19			00415050	wc2-insertion
src/geom.c	0041A530	0040CEF6	0041A9D0	004593D6	1	1062	587				0043A21E	visited	19			00415070	wc2-insertion
src/geom.c	0041A530	0040CEF6	0041A9D0	004593D6	1	1062	588				0043A251	achieved	25			00415090	wc2-insertion
src/geom.c	0041A530	0040CEF6	0041A9D0	004593D6	1	1062	589				0043A29E	flag_objective	19			004150B0	wc2-insertion
src/geom.c	0041A530	0040CEF6	0041A9D0	004593D6	1	1062	590				0043A2CD	DrawCalculatingLabel	49			004150D0	wc2-insertion
src/geom.c	0041A530	0040CEF6	0041A9D0	004593D6	1	1062	591				0043A374	objective_name	39			00415130	wc2-insertion
src/geom.c	0041A530	0040CEF6	0041A9D0	004593D6	1	1062	592				0043A3F8	show_navigation_disp	38			00415180	wc2-insertion
src/geom.c	0041A530	0040CEF6	0041A9D0	004593D6	1	1062	593				0043A474	hidden_objective	184			004151F0	wc2-insertion
src/geom.c	0041A530	0040CEF6	0041A9D0	004593D6	1	1062	594				0043A75E	set_new_objective	60			004152C0	wc2-insertion
src/geom.c	0041A530	0040CEF6	0041A9D0	004593D6	1	1062	595				0043A851	cycle_next_objective	42			00415370	wc2-insertion
src/geom.c	0041A530	0040CEF6	0041A9D0	004593D6	1	1062	596				0043A8EA	set_next_destination	60			004153D0	wc2-insertion
src/geom.c	0041A530	0040CEF6	0041A9D0	004593D6	1	1062	597				0043A9D7	LocateMobileObjective	36			00415470	wc2-insertion
src/geom.c	0041A530	0040CEF6	0041A9D0	004593D6	1	1062	598				0043AA3F	is_any_ship_returning_to_current_nav_point	35			004154C0	wc2-insertion
src/geom.c	0041A530	0040CEF6	0041A9D0	004593D6	1	1062	599				0043AAC3	escorting_a_ship	21			00415510	wc2-insertion
src/geom.c	0041A530	0040CEF6	0041A9D0	004593D6	1	1062	600				0043AAFF	flag_reached	153			00415530	wc2-insertion
src/geom.c	0041A530	0040CEF6	0041A9D0	004593D6	1	1062	601				0043AD61	check_sighting	32			004156D0	wc2-insertion
src/geom.c	0041A530	0040CEF6	0041A9D0	004593D6	1	1062	602				0043ADC4	check_visit	33			00415720	wc2-insertion
src/geom.c	0041A530	0040CEF6	0041A9D0	004593D6	1	1062	603				0043AE2F	update_objective_location	124			00415770	wc2-insertion
src/geom.c	0041A530	0040CEF6	0041A9D0	004593D6	1	1062	604				0043AFD3	objective_lost	49			00415850	wc2-insertion
src/geom.c	0041A530	0040CEF6	0041A9D0	004593D6	1	1062	605				0043B089	check_objectives	30			004158A0	wc2-insertion
src/geom.c	0041A530	0040CEF6	0041A9D0	004593D6	1	1062	606				0043B0EB	rotational_pos_to_scanner_pos	78			004158F0	wc2-insertion
src/geom.c	0041A530	0040CEF6	0041A9D0	004593D6	1	1062	607				0043B1F0	mobile_objective	32			00415A30	wc2-insertion
src/geom.c	0041A530	0040CEF6	0041A9D0	004593D6	1	1062	608				0043B258	ResetScannerContacts	21			00415A70	wc2-insertion
src/geom.c	0041A530	0040CEF6	0041A9D0	004593D6	1	1062	609				0043B29D	clear_head_up_display	129			00415A90	wc2-insertion
src/geom.c	0041A530	0040CEF6	0041A9D0	004593D6	1	1062	610				0043B4CF	set_objective_range	57			00415B70	wc2-insertion
src/geom.c	0041A530	0040CEF6	0041A9D0	004593D6	1	1062	611				0043B570	FUN_0043B570	50				wc2-insertion
src/geom.c	0041A530	0040CEF6	0041A9D0	004593D6	1	1062	612				0043B61F	get_color	95			00415C00	wc2-insertion
src/geom.c	0041A530	0040CEF6	0041A9D0	004593D6	1	1062	613				0043B7C0	draw_3d_scanner	414			00415CE0	wc2-insertion
src/geom.c	0041A530	0040CEF6	0041A9D0	004593D6	1	1062	614				0043BE1B	start_lock	18			00415FC0	wc2-insertion
src/geom.c	0041A530	0040CEF6	0041A9D0	004593D6	1	1062	615				0043BE55	starting_lock	21			00415FF0	wc2-insertion
src/geom.c	0041A530	0040CEF6	0041A9D0	004593D6	1	1062	616				0043BE8D	lock_off	29			00416010	wc2-insertion
src/geom.c	0041A530	0040CEF6	0041A9D0	004593D6	1	1062	617				0043BEFF	CheckTargetLockMalfunction	35			00416040	wc2-insertion
src/geom.c	0041A530	0040CEF6	0041A9D0	004593D6	1	1062	618				0043BF67	decrement_lock_time	60			00416090	wc2-insertion
src/geom.c	0041A530	0040CEF6	0041A9D0	004593D6	1	1062	619				0043C048	target_locking	169			00416120	wc2-insertion
src/geom.c	0041A530	0040CEF6	0041A9D0	004593D6	1	1062	620				0043C30D	SetRectBounds	22			00416220	wc2-insertion
src/geom.c	0041A530	0040CEF6	0041A9D0	004593D6	1	1062	621				0043C344	GetRectHeight	16			00416250	wc2-insertion
src/geom.c	0041A530	0040CEF6	0041A9D0	004593D6	1	1062	622				0043C364	print_message_text	153			00416260	wc2-insertion
src/geom.c	0041A530	0040CEF6	0041A9D0	004593D6	1	1062	623				0043C570	ShowHudTextLine	24			00416460	wc2-insertion
src/geom.c	0041A530	0040CEF6	0041A9D0	004593D6	1	1062	624				0043C5B0	RestoreHudMessageBackground	27				wc2-insertion
src/geom.c	0041A530	0040CEF6	0041A9D0	004593D6	1	1062	625				0043C601	SetHudTextColour	25			00416480	wc2-insertion
src/geom.c	0041A530	0040CEF6	0041A9D0	004593D6	1	1062	626				0043C64D	ClearHudMessageDisplay	37				wc2-insertion
src/geom.c	0041A530	0040CEF6	0041A9D0	004593D6	1	1062	627				0043C6D8	draw_target_box	368			004164B0	wc2-insertion
src/geom.c	0041A530	0040CEF6	0041A9D0	004593D6	1	1062	628				0043CBD3	remove_nav_pointer	17			004168A0	wc2-insertion
src/geom.c	0041A530	0040CEF6	0041A9D0	004593D6	1	1062	629				0043CBFD	draw_nav_pointer	160			004168C0	wc2-insertion
src/geom.c	0041A530	0040CEF6	0041A9D0	004593D6	1	1062	630				0043CE8F	sort_viable_target_list	52			0041E860	wc2-insertion
src/geom.c	0041A530	0040CEF6	0041A9D0	004593D6	1	1062	631				0043CF5A	FUN_0043CF5A	258				wc2-insertion
src/geom.c	0041A530	0040CEF6	0041A9D0	004593D6	1	1062	632				0043D323	FUN_0043D323	30				wc2-insertion
src/geom.c	0041A530	0040CEF6	0041A9D0	004593D6	1	1062	633				0043D386	overlay_head_up_display	269			00416AC0	wc2-insertion
src/geom.c	0041A530	0040CEF6	0041A9D0	004593D6	1	1062	634				0043D7F2	RestoreCockpitExplosionIfVisible	17			00416C90	wc2-insertion
src/geom.c	0041A530	0040CEF6	0041A9D0	004593D6	1	1062	635				0043D81F	RestoreTransientCockpitGraphics	86			00416CB0	wc2-insertion
src/geom.c	0041A530	0040CEF6	0041A9D0	004593D6	1	1062	636				0043D956	SetHudMessageText	28			00416DE0	wc2-insertion
src/geom.c	0041A530	0040CEF6	0041A9D0	004593D6	1	1062	637				0043D9AB	FUN_0043D9AB	20				wc2-insertion
src/geom.c	0041A530	0040CEF6	0041A9D0	004593D6	1	1062	638				0043D9DA	malf_noise	46			00416E20	wc2-insertion
src/geom.c	0041A530	0040CEF6	0041A9D0	004593D6	1	1062	639				0043DA68	build_your_target_list	164			00416E90	wc2-insertion
src/geom.c	0041A530	0040CEF6	0041A9D0	004593D6	1	1062	640				0043DD1B	cycle_onscreen_targets	56			00416F30	wc2-insertion
src/geom.c	0041A530	0040CEF6	0041A9D0	004593D6	1	1062	641				0043DDFC	check_target	162			00416FD0	wc2-insertion
src/geom.c	0041A530	0040CEF6	0041A9D0	004593D6	1	1062	642				0043E101	FUN_0043E101	52				wc2-insertion
src/geom.c	0041A530	0040CEF6	0041A9D0	004593D6	1	1062	643				0043E1B2	update_missile_warning	60			00417190	wc2-insertion
src/geom.c	0041A530	0040CEF6	0041A9D0	004593D6	1	1062	644				0043E297	determine_pilot_hand	67			004171D0	wc2-insertion
src/geom.c	0041A530	0040CEF6	0041A9D0	004593D6	1	1062	645				0043E371	DrawPilotHandFrame	56			00417260	wc2-insertion
src/geom.c	0041A530	0040CEF6	0041A9D0	004593D6	1	1062	646				0043E43A	animate_pilot	18			004173C0	wc2-insertion
src/geom.c	0041A530	0040CEF6	0041A9D0	004593D6	1	1062	647				0043E472	ResetPilotHandAnimation	18			004173F0	wc2-insertion
src/geom.c	0041A530	0040CEF6	0041A9D0	004593D6	1	1062	648				0043E4A8	send_message	69			00417420	wc2-insertion
src/geom.c	0041A530	0040CEF6	0041A9D0	004593D6	1	1062	649				0043E5DA	npc_communication	153			004174F0	wc2-insertion
src/geom.c	0041A530	0040CEF6	0041A9D0	004593D6	1	1062	650				0043E870	clear_cockpit_damage	22			00417610	wc2-insertion
src/geom.c	0041A530	0040CEF6	0041A9D0	004593D6	1	1062	651				0043E8B2	explosion_draw	77			00417630	wc2-insertion
src/geom.c	0041A530	0040CEF6	0041A9D0	004593D6	1	1062	652				0043E9E2	DrawPendingCockpitDamage	63			004176C0	wc2-insertion
src/geom.c	0041A530	0040CEF6	0041A9D0	004593D6	1	1062	653				0043EAE3	RestoreCockpitExplosionBackground	31			00417760	wc2-insertion
src/geom.c	0041A530	0040CEF6	0041A9D0	004593D6	1	1062	654				0043EB46	cockpit_explosion	69			004177B0	wc2-insertion
src/geom.c	0041A530	0040CEF6	0041A9D0	004593D6	1	1062	655				0043EC50	place_damage_on_cockpit	34			004178A0	wc2-insertion
src/geom.c	0041A530	0040CEF6	0041A9D0	004593D6	1	1062	656				0043ECD9	vid_transmit	210			00417910	wc2-insertion
src/geom.c	0041A530	0040CEF6	0041A9D0	004593D6	1	1062	657				0043F042	vid_equiv	30			00417AC0	wc2-insertion
src/geom.c	0041A530	0040CEF6	0041A9D0	004593D6	1	1062	658				0043F09D	update_dead_disp	19			00417B10	wc2-insertion
src/geom.c	0041A530	0040CEF6	0041A9D0	004593D6	1	1062	659				0043F0C3	check_stranded	24			00417B30	wc2-insertion
src/geom.c	0041A530	0040CEF6	0041A9D0	004593D6	1	1062	660				0043F110	CopyTrainSimPilotViewToVdus	117			00417320	wc2-insertion
src/geom.c	0041A530	0040CEF6	0041A9D0	004593D6	1	1062	661				0043F2F5	update_VDUs	212			00417B70	wc2-insertion
src/geom.c	0041A530	0040CEF6	0041A9D0	004593D6	1	1062	662				0043F6C9	update_cockpit	77			00417E70	wc2-insertion
src/geom.c	0041A530	0040CEF6	0041A9D0	004593D6	1	1062	663				0043F81B	IsCockpitWeaponShapeLoaded	17				wc2-insertion
src/geom.c	0041A530	0040CEF6	0041A9D0	004593D6	1	1062	664				0043F849	PlayCockpitSelectionSfx	15			00417F00	wc2-insertion
src/geom.c	0041A530	0040CEF6	0041A9D0	004593D6	1	1062	665				0043F862	vdu_pop_all	36			00417F10	wc2-insertion
src/geom.c	0041A530	0040CEF6	0041A9D0	004593D6	1	1062	666				0043F8CD	SelectCockpitVduMode	116			00417F60	wc2-insertion
src/geom.c	0041A530	0040CEF6	0041A9D0	004593D6	1	1062	667				0043FAC0	show_target_disp	292			0042DB90	wc2-insertion
src/geom.c	0041A530	0040CEF6	0041A9D0	004593D6	1	1062	668				0043FF40	DrawTargetRangeReadout	144			0042DEA0	wc2-insertion
src/geom.c	0041A530	0040CEF6	0041A9D0	004593D6	1	1062	669				004401C0	LoadMissionData	238			004059B0	wc2-insertion
src/geom.c	0041A530	0040CEF6	0041A9D0	004593D6	1	1062	670				00440490	HandleUnsupportedManeuver	24				wc2-insertion
src/geom.c	0041A530	0040CEF6	0041A9D0	004593D6	1	1062	671				004404CC	FUN_004404CC	34				wc2-insertion
src/geom.c	0041A530	0040CEF6	0041A9D0	004593D6	1	1062	672				00440549	ResetShipWeaponFireState	14				wc2-insertion
src/geom.c	0041A530	0040CEF6	0041A9D0	004593D6	1	1062	673				00440571	chase_speed	46			00434C70	wc2-insertion
src/geom.c	0041A530	0040CEF6	0041A9D0	004593D6	1	1062	674				00440606	SetShipAiScratchWord	12			004060A0	wc2-insertion
src/geom.c	0041A530	0040CEF6	0041A9D0	004593D6	1	1062	675				0044061B	maneuver_complete	20			004060B0	wc2-insertion
src/geom.c	0041A530	0040CEF6	0041A9D0	004593D6	1	1062	676				00440642	Mline_up_drop	39			004060D0	wc2-insertion
src/geom.c	0041A530	0040CEF6	0041A9D0	004593D6	1	1062	677				004406BA	Mwabble	69			00406130	wc2-insertion
src/geom.c	0041A530	0040CEF6	0041A9D0	004593D6	1	1062	678				004407B0	advance	16			004061E0	wc2-insertion
src/geom.c	0041A530	0040CEF6	0041A9D0	004593D6	1	1062	679				004407DA	ShipAiState35	17			00406200	wc2-insertion
src/geom.c	0041A530	0040CEF6	0041A9D0	004593D6	1	1062	680				004407F7	Mfull_ahead	17			00406310	wc2-insertion
src/geom.c	0041A530	0040CEF6	0041A9D0	004593D6	1	1062	681				00440814	Mchill	17			00406350	wc2-insertion
src/geom.c	0041A530	0040CEF6	0041A9D0	004593D6	1	1062	682				00440831	Mdrop_a_mine	17			004063B0	wc2-insertion
src/geom.c	0041A530	0040CEF6	0041A9D0	004593D6	1	1062	683				0044084E	Mthink	17			00406400	wc2-insertion
src/geom.c	0041A530	0040CEF6	0041A9D0	004593D6	1	1062	684				0044086B	Mtight_loop	71			00406440	wc2-insertion
src/geom.c	0041A530	0040CEF6	0041A9D0	004593D6	1	1062	685				00440967	Mhard_break	72			004064F0	wc2-insertion
src/geom.c	0041A530	0040CEF6	0041A9D0	004593D6	1	1062	686				00440A93	Msit_n_spin	163			004065A0	wc2-insertion
src/geom.c	0041A530	0040CEF6	0041A9D0	004593D6	1	1062	687				00440D0B	Mturn_n_spin	83			004067A0	wc2-insertion
src/geom.c	0041A530	0040CEF6	0041A9D0	004593D6	1	1062	688				00440E46	Mburnout	58			00406860	wc2-insertion
src/geom.c	0041A530	0040CEF6	0041A9D0	004593D6	1	1062	689				00440F01	Mkickit	37			004068D0	wc2-insertion
src/geom.c	0041A530	0040CEF6	0041A9D0	004593D6	1	1062	690				00440F76	Mturn_n_kick	91			00406910	wc2-insertion
src/geom.c	0041A530	0040CEF6	0041A9D0	004593D6	1	1062	691				004410C0	Mroll_over	41			00406990	wc2-insertion
src/geom.c	0041A530	0040CEF6	0041A9D0	004593D6	1	1062	692				00441146	Mhard_turn	48			004069F0	wc2-insertion
src/geom.c	0041A530	0040CEF6	0041A9D0	004593D6	1	1062	693				004411E1	Mfish_hook	110			00406A50	wc2-insertion
src/geom.c	0041A530	0040CEF6	0041A9D0	004593D6	1	1062	694				00441379	Mtry2tail	73			00406B60	wc2-insertion
src/geom.c	0041A530	0040CEF6	0041A9D0	004593D6	1	1062	695				0044145A	Msplit_left	57			00406BD0	wc2-insertion
src/geom.c	0041A530	0040CEF6	0041A9D0	004593D6	1	1062	696				0044151B	Msplit_right	57			00406C20	wc2-insertion
src/geom.c	0041A530	0040CEF6	0041A9D0	004593D6	1	1062	697				004415DC	Mgloat	66			00406C70	wc2-insertion
src/geom.c	0041A530	0040CEF6	0041A9D0	004593D6	1	1062	698				004416D5	Mtail_fire	40			00406D20	wc2-insertion
src/geom.c	0041A530	0040CEF6	0041A9D0	004593D6	1	1062	699				00441742	Mzip_past	76			00406D80	wc2-insertion
src/geom.c	0041A530	0040CEF6	0041A9D0	004593D6	1	1062	700				00441837	FUN_00441837	32				wc2-insertion
src/geom.c	0041A530	0040CEF6	0041A9D0	004593D6	1	1062	701				00441895	FUN_00441895	17				wc2-insertion
src/geom.c	0041A530	0040CEF6	0041A9D0	004593D6	1	1062	702				004418B2	FUN_004418B2	68				wc2-insertion
src/geom.c	0041A530	0040CEF6	0041A9D0	004593D6	1	1062	703				0044199B	Mram_missile	41			00406EC0	wc2-insertion
src/geom.c	0041A530	0040CEF6	0041A9D0	004593D6	1	1062	704				00441A13	Mbuzz_debris	70			00406F20	wc2-insertion
src/geom.c	0041A530	0040CEF6	0041A9D0	004593D6	1	1062	705				00441AFC	Mstrafe_enemy	58			00406FB0	wc2-insertion
src/geom.c	0041A530	0040CEF6	0041A9D0	004593D6	1	1062	706				00441BC1	Mbest_strafe	26			00407030	wc2-insertion
src/geom.c	0041A530	0040CEF6	0041A9D0	004593D6	1	1062	707				00441C01	Mtarget_missile	76			00406E10	wc2-insertion
src/geom.c	0041A530	0040CEF6	0041A9D0	004593D6	1	1062	708				00441D00	Msit_n_fire	41			00407060	wc2-insertion
src/geom.c	0041A530	0040CEF6	0041A9D0	004593D6	1	1062	709				00441D71	Mstrafe_n_roll	23			004070D0	wc2-insertion
src/geom.c	0041A530	0040CEF6	0041A9D0	004593D6	1	1062	710				00441DB3	Mkill_missile	74			00407100	wc2-insertion
src/geom.c	0041A530	0040CEF6	0041A9D0	004593D6	1	1062	711				00441E9C	Msuicide_run	21			004071B0	wc2-insertion
src/geom.c	0041A530	0040CEF6	0041A9D0	004593D6	1	1062	712				00441EC8	Mget_distance	60			004071E0	wc2-insertion
src/geom.c	0041A530	0040CEF6	0041A9D0	004593D6	1	1062	713				00441F86	general_zig	93			00407270	wc2-insertion
src/geom.c	0041A530	0040CEF6	0041A9D0	004593D6	1	1062	714				0044210C	Mzig_zag	17			00407350	wc2-insertion
src/geom.c	0041A530	0040CEF6	0041A9D0	004593D6	1	1062	715				00442129	Mzig_zag_pitch	17			00407370	wc2-insertion
src/geom.c	0041A530	0040CEF6	0041A9D0	004593D6	1	1062	716				00442146	Mcorkscrew	67			00407390	wc2-insertion
src/geom.c	0041A530	0040CEF6	0041A9D0	004593D6	1	1062	717				00442252	Mveer_away	117			00407450	wc2-insertion
src/geom.c	0041A530	0040CEF6	0041A9D0	004593D6	1	1062	718				004423E2	ShipAiState44	16			00407560	wc2-insertion
src/geom.c	0041A530	0040CEF6	0041A9D0	004593D6	1	1062	719				00442404	Mtarget_laser	17			00407580	wc2-insertion
src/geom.c	0041A530	0040CEF6	0041A9D0	004593D6	1	1062	720				00442421	Mrout_me	14			004075A0	wc2-insertion
src/geom.c	0041A530	0040CEF6	0041A9D0	004593D6	1	1062	721				00442438	FUN_00442438	17				wc2-insertion
src/geom.c	0041A530	0040CEF6	0041A9D0	004593D6	1	1062	722				00442455	FUN_00442455	40				wc2-insertion
src/geom.c	0041A530	0040CEF6	0041A9D0	004593D6	1	1062	723				004424C2	Mnone	10			004075B0	wc2-insertion
src/geom.c	0041A530	0040CEF6	0041A9D0	004593D6	1	1062	724				004424CD	Mreset	14			004075C0	wc2-insertion
src/geom.c	0041A530	0040CEF6	0041A9D0	004593D6	1	1062	725				004424E4	perform_maneuver	164			004075D0	wc2-insertion
src/geom.c	0041A530	0040CEF6	0041A9D0	004593D6	1	1062	726				00442770	cruise_home	155			00409760	wc2-insertion
src/geom.c	0041A530	0040CEF6	0041A9D0	004593D6	1	1062	727				004429A7	FUN_004429A7	15				wc2-insertion
src/geom.c	0041A530	0040CEF6	0041A9D0	004593D6	1	1062	728				004429C0	FUN_004429C0	124				wc2-insertion
src/geom.c	0041A530	0040CEF6	0041A9D0	004593D6	1	1062	729				00442B78	run_away	99			004099C0	wc2-insertion
src/geom.c	0041A530	0040CEF6	0041A9D0	004593D6	1	1062	730				00442CC3	check_engage_target	45			00409AC0	wc2-insertion
src/geom.c	0041A530	0040CEF6	0041A9D0	004593D6	1	1062	731				00442D58	check_destroy_target	113			00409B10	wc2-insertion
src/geom.c	0041A530	0040CEF6	0041A9D0	004593D6	1	1062	732				00442EFC	maneuvering	21			00409C20	wc2-insertion
src/geom.c	0041A530	0040CEF6	0041A9D0	004593D6	1	1062	733				00442F2D	formation_burst	57			00409C50	wc2-insertion
src/geom.c	0041A530	0040CEF6	0041A9D0	004593D6	1	1062	734				00442FE9	disallow_engage	11			00409CE0	wc2-insertion
src/geom.c	0041A530	0040CEF6	0041A9D0	004593D6	1	1062	735				00442FFD	allow_engage	12			00409CF0	wc2-insertion
src/geom.c	0041A530	0040CEF6	0041A9D0	004593D6	1	1062	736				0044301A	try2allow_engage	33			00409D10	wc2-insertion
src/geom.c	0041A530	0040CEF6	0041A9D0	004593D6	1	1062	737				00443095	imperial_formation	157			00409D60	wc2-insertion
src/geom.c	0041A530	0040CEF6	0041A9D0	004593D6	1	1062	738				004432EB	formation_break	52			00409F00	wc2-insertion
src/geom.c	0041A530	0040CEF6	0041A9D0	004593D6	1	1062	739				004433B1	imperial_wingman	64			00409F80	wc2-insertion
src/geom.c	0041A530	0040CEF6	0041A9D0	004593D6	1	1062	740				00443499	kilrathi_wingman	103			0040A030	wc2-insertion
src/geom.c	0041A530	0040CEF6	0041A9D0	004593D6	1	1062	741				00443631	wingman_mission	23			0040A130	wc2-insertion
src/geom.c	0041A530	0040CEF6	0041A9D0	004593D6	1	1062	742				0044366D	dist_from_home	19			0040A160	wc2-insertion
src/geom.c	0041A530	0040CEF6	0041A9D0	004593D6	1	1062	743				00443698	scan_and_lock	32			0040A180	wc2-insertion
src/geom.c	0041A530	0040CEF6	0041A9D0	004593D6	1	1062	744				00443707	patrol_area	158			0040A1C0	wc2-insertion
src/geom.c	0041A530	0040CEF6	0041A9D0	004593D6	1	1062	745				00443930	kilrathi_patrol	53			0040A360	wc2-insertion
src/geom.c	0041A530	0040CEF6	0041A9D0	004593D6	1	1062	746				00443A08	cruise_to_destination	159			0040A410	wc2-insertion
src/geom.c	0041A530	0040CEF6	0041A9D0	004593D6	1	1062	747				00443C45	prepare_for_jump	81			0040A540	wc2-insertion
src/geom.c	0041A530	0040CEF6	0041A9D0	004593D6	1	1062	748				00443D6E	accelerate_and_jump	27			0040A630	wc2-insertion
src/geom.c	0041A530	0040CEF6	0041A9D0	004593D6	1	1062	749				00443DBD	reach_warp	57			0040A670	wc2-insertion
src/geom.c	0041A530	0040CEF6	0041A9D0	004593D6	1	1062	750				00443E8C	FUN_00443E8C	26				wc2-insertion
src/geom.c	0041A530	0040CEF6	0041A9D0	004593D6	1	1062	751				00443EE9	warp_arrival	24			0040A710	wc2-insertion
src/geom.c	0041A530	0040CEF6	0041A9D0	004593D6	1	1062	752				00443F28	return_to_buddy	47			0040A740	wc2-insertion
src/geom.c	0041A530	0040CEF6	0041A9D0	004593D6	1	1062	753				00443FA2	escort_buddy	29			0040A7A0	wc2-insertion
src/geom.c	0041A530	0040CEF6	0041A9D0	004593D6	1	1062	754				00443FE4	escort_mission	121			0040A7D0	wc2-insertion
src/geom.c	0041A530	0040CEF6	0041A9D0	004593D6	1	1062	755				00444199	check_goal	29			0040A900	wc2-insertion
src/geom.c	0041A530	0040CEF6	0041A9D0	004593D6	1	1062	756				004441E5	streak_toward	59			0040A940	wc2-insertion
src/geom.c	0041A530	0040CEF6	0041A9D0	004593D6	1	1062	757				00444291	approach_and_engage	116			0040A9B0	wc2-insertion
src/geom.c	0041A530	0040CEF6	0041A9D0	004593D6	1	1062	758				00444420	strike_mission	172			0040AAC0	wc2-insertion
src/geom.c	0041A530	0040CEF6	0041A9D0	004593D6	1	1062	759				004446C9	return_to_master	40			0040ABB0	wc2-insertion
src/geom.c	0041A530	0040CEF6	0041A9D0	004593D6	1	1062	760				0044472C	defend_mission	155			0040AC00	wc2-insertion
src/geom.c	0041A530	0040CEF6	0041A9D0	004593D6	1	1062	761				00444966	rendezvous_mission	116			0040AD80	wc2-insertion
src/geom.c	0041A530	0040CEF6	0041A9D0	004593D6	1	1062	762				00444ADC	ship_intelligence	108			0040AE80	wc2-insertion
src/geom.c	0041A530	0040CEF6	0041A9D0	004593D6	1	1062	763				00444C80	orbit_sphere	73			0040AF70	wc2-insertion
src/geom.c	0041A530	0040CEF6	0041A9D0	004593D6	1	1062	764				00444D5C	tanker_intelligence	76			0040B010	wc2-insertion
src/geom.c	0041A530	0040CEF6	0041A9D0	004593D6	1	1062	765				00444E51	destroyer_intelligence	32			0040B0C0	wc2-insertion
src/geom.c	0041A530	0040CEF6	0041A9D0	004593D6	1	1062	766				00444EA7	stationary_intelligence	42			0040B110	wc2-insertion
src/geom.c	0041A530	0040CEF6	0041A9D0	004593D6	1	1062	767				00444F53	FUN_00444F53	92				wc2-insertion
src/geom.c	0041A530	0040CEF6	0041A9D0	004593D6	1	1062	768				00445087	FUN_00445087	723				wc2-insertion
src/geom.c	0041A530	0040CEF6	0041A9D0	004593D6	1	1062	769				00445AAC	capital_ship_intelligence	184			0040B140	wc2-insertion
src/geom.c	0041A530	0040CEF6	0041A9D0	004593D6	1	1062	770				00445D9A	futurion_intelligence	46			0040B320	wc2-insertion
src/geom.c	0041A530	0040CEF6	0041A9D0	004593D6	1	1062	771				00445E68	heat_seeking_missile_intelligence	169			0040B430	wc2-insertion
src/geom.c	0041A530	0040CEF6	0041A9D0	004593D6	1	1062	772				00446133	FF_missile_intelligence	143			0040B570	wc2-insertion
src/geom.c	0041A530	0040CEF6	0041A9D0	004593D6	1	1062	773				00446395	FUN_00446395	59				wc2-insertion
src/geom.c	0041A530	0040CEF6	0041A9D0	004593D6	1	1062	774				00446474	mine_intelligence	62			0040B3A0	wc2-insertion
src/geom.c	0041A530	0040CEF6	0041A9D0	004593D6	1	1062	775				00446560	FUN_00446560	12				wc2-insertion
src/geom.c	0041A530	0040CEF6	0041A9D0	004593D6	1	1062	776				00446580	FUN_00446580	17				wc2-insertion
src/geom.c	0041A530	0040CEF6	0041A9D0	004593D6	1	1062	777				004465A0	PacketLoad	98			0042B050	wc2-insertion
src/geom.c	0041A530	0040CEF6	0041A9D0	004593D6	1	1062	778				00446710	DrawPodiumShot	67			00439070	wc2-insertion
src/geom.c	0041A530	0040CEF6	0041A9D0	004593D6	1	1062	779				00446823	FUN_00446823	61				wc2-insertion
src/geom.c	0041A530	0040CEF6	0041A9D0	004593D6	1	1062	780				00446910	DosStrcat	25			0041C740	wc2-insertion
src/geom.c	0041A530	0040CEF6	0041A9D0	004593D6	1	1062	781				00446950	FUN_00446950	11				wc2-insertion
src/geom.c	0041A530	0040CEF6	0041A9D0	004593D6	1	1062	782				00446960	FUN_00446960	18				wc2-insertion
src/geom.c	0041A530	0040CEF6	0041A9D0	004593D6	1	1062	783				0044698F	FUN_0044698F	42				wc2-insertion
src/geom.c	0041A530	0040CEF6	0041A9D0	004593D6	1	1062	784				00446A1D	FUN_00446A1D	82				wc2-insertion
src/geom.c	0041A530	0040CEF6	0041A9D0	004593D6	1	1062	785				00446B6A	FUN_00446B6A	94				wc2-insertion
src/geom.c	0041A530	0040CEF6	0041A9D0	004593D6	1	1062	786				00446CC2	FUN_00446CC2	29				wc2-insertion
src/geom.c	0041A530	0040CEF6	0041A9D0	004593D6	1	1062	787				00446D0D	FUN_00446D0D	30				wc2-insertion
src/geom.c	0041A530	0040CEF6	0041A9D0	004593D6	1	1062	788				00446D55	FUN_00446D55	86				wc2-insertion
src/geom.c	0041A530	0040CEF6	0041A9D0	004593D6	1	1062	789				00446E9D	FUN_00446E9D	38				wc2-insertion
src/geom.c	0041A530	0040CEF6	0041A9D0	004593D6	1	1062	790				00446F14	FUN_00446F14	57				wc2-insertion
src/geom.c	0041A530	0040CEF6	0041A9D0	004593D6	1	1062	791				00446FC8	FUN_00446FC8	95				wc2-insertion
src/geom.c	0041A530	0040CEF6	0041A9D0	004593D6	1	1062	792				00447170	GetShapeFrameExtent	26			00407710	wc2-insertion
src/geom.c	0041A530	0040CEF6	0041A9D0	004593D6	1	1062	793				004471B0	free_viewport	76			0040F940	wc2-insertion
src/geom.c	0041A530	0040CEF6	0041A9D0	004593D6	1	1062	794				00447300	LoadCommPortraitResources	33			00431520	wc2-insertion
src/geom.c	0041A530	0040CEF6	0041A9D0	004593D6	1	1062	795				00447369	FUN_00447369	28				wc2-insertion
src/geom.c	0041A530	0040CEF6	0041A9D0	004593D6	1	1062	796				004473D1	IsCommMenuIdle	17			00430CA0	wc2-insertion
src/geom.c	0041A530	0040CEF6	0041A9D0	004593D6	1	1062	797				004473FC	AppendCommMenuChoice	30			00430CB0	wc2-insertion
src/geom.c	0041A530	0040CEF6	0041A9D0	004593D6	1	1062	798				00447479	SendCommMenuChoice	27			00430D30	wc2-insertion
src/geom.c	0041A530	0040CEF6	0041A9D0	004593D6	1	1062	799				004474CA	OpenCommMenuForTarget	19			00430D50	wc2-insertion
src/geom.c	0041A530	0040CEF6	0041A9D0	004593D6	1	1062	800				004474F4	IsCommChoiceMenuOpen	20			00430D80	wc2-insertion
src/geom.c	0041A530	0040CEF6	0041A9D0	004593D6	1	1062	801				00447526	OpenCommRecipientMenu	15			00430DC0	wc2-insertion
src/geom.c	0041A530	0040CEF6	0041A9D0	004593D6	1	1062	802				00447544	CloseCommChoiceMenu	19			00430DE0	wc2-insertion
src/geom.c	0041A530	0040CEF6	0041A9D0	004593D6	1	1062	803				0044756F	wingman_dead	17			00430E10	wc2-insertion
src/geom.c	0041A530	0040CEF6	0041A9D0	004593D6	1	1062	804				0044759B	have_target	21			00430E30	wc2-insertion
src/geom.c	0041A530	0040CEF6	0041A9D0	004593D6	1	1062	805				004475D3	CanOpenCommMenu	22			00430E50	wc2-insertion
src/geom.c	0041A530	0040CEF6	0041A9D0	004593D6	1	1062	806				0044760F	SelectCommRecipient	13			00430E70	wc2-insertion
src/geom.c	0041A530	0040CEF6	0041A9D0	004593D6	1	1062	807				00447629	BuildCommunicationRecipientMenu	144			00430E90	wc2-insertion
src/geom.c	0041A530	0040CEF6	0041A9D0	004593D6	1	1062	808				00447890	BuildCommunicationCommandMenu	275			00430FC0	wc2-insertion
src/geom.c	0041A530	0040CEF6	0041A9D0	004593D6	1	1062	809				00447D85	RefreshCommunicationMenu	28			00431200	wc2-insertion
src/geom.c	0041A530	0040CEF6	0041A9D0	004593D6	1	1062	810				00447DE3	HandleCommunicationMenuRequest	32			00431240	wc2-insertion
src/geom.c	0041A530	0040CEF6	0041A9D0	004593D6	1	1062	811				00447E47	show_communications_disp	51			00431290	wc2-insertion
src/geom.c	0041A530	0040CEF6	0041A9D0	004593D6	1	1062	812				00447EF5	Chosen_communicate_option	68			00431350	wc2-insertion
src/geom.c	0041A530	0040CEF6	0041A9D0	004593D6	1	1062	813				00448008	IssueQuickCommCommand	24			00431400	wc2-insertion
src/geom.c	0041A530	0040CEF6	0041A9D0	004593D6	1	1062	814				0044804A	FreeCommDisplayResources	13			00431410	wc2-insertion
src/geom.c	0041A530	0040CEF6	0041A9D0	004593D6	1	1062	815				00448070	EndCommSessionWithWingman	30			00431470	wc2-insertion
src/geom.c	0041A530	0040CEF6	0041A9D0	004593D6	1	1062	816				004480C6	EndCommMenu	20			004314C0	wc2-insertion
src/geom.c	0041A530	0040CEF6	0041A9D0	004593D6	1	1062	817				00448100	ShowCentredPrompt	22			004314F0	wc2-insertion
src/geom.c	0041A530	0040CEF6	0041A9D0	004593D6	1	1062	818				00448136	ExpandCommMessageTokens	102			004315C0	wc2-insertion
src/geom.c	0041A530	0040CEF6	0041A9D0	004593D6	1	1062	819				004482CA	real_vid_transmit	180			004316E0	wc2-insertion
src/geom.c	0041A530	0040CEF6	0041A9D0	004593D6	1	1062	820				00448570	FUN_00448570	435				wc2-insertion
src/geom.c	0041A530	0040CEF6	0041A9D0	004593D6	1	1062	821				00448D1A	SetViewportHorizontalBounds	16				wc2-insertion
src/geom.c	0041A530	0040CEF6	0041A9D0	004593D6	1	1062	822				00448D39	SetViewportVerticalBounds	16				wc2-insertion
src/geom.c	0041A530	0040CEF6	0041A9D0	004593D6	1	1062	823				00448D58	FUN_00448D58	1107				wc2-insertion
src/geom.c	0041A530	0040CEF6	0041A9D0	004593D6	1	1062	824				00449FAE	FUN_00449FAE	34				wc2-insertion
src/geom.c	0041A530	0040CEF6	0041A9D0	004593D6	1	1062	825				0044A009	FUN_0044A009	22				wc2-insertion
src/geom.c	0041A530	0040CEF6	0041A9D0	004593D6	1	1062	826				0044A03C	FUN_0044A03C	539				wc2-insertion
src/geom.c	0041A530	0040CEF6	0041A9D0	004593D6	1	1062	827				0044A910	FUN_0044A910	129				wc2-insertion
src/geom.c	0041A530	0040CEF6	0041A9D0	004593D6	1	1062	828				0044AAE5	FUN_0044AAE5	263				wc2-insertion
src/geom.c	0041A530	0040CEF6	0041A9D0	004593D6	1	1062	829				0044ADE0	SetFleetOverviewView	292			00410740	wc2-insertion
src/geom.c	0041A530	0040CEF6	0041A9D0	004593D6	1	1062	830				0044B200	set_sphere_point	26			0040B670	wc2-insertion
src/geom.c	0041A530	0040CEF6	0041A9D0	004593D6	1	1062	831				0044B239	is_alive	14			0040B6A0	wc2-insertion
src/geom.c	0041A530	0040CEF6	0041A9D0	004593D6	1	1062	832				0044B257	check_futurion	20			0040B700	wc2-insertion
src/geom.c	0041A530	0040CEF6	0041A9D0	004593D6	1	1062	833				0044B29D	FUN_0044B29D	22				wc2-insertion
src/geom.c	0041A530	0040CEF6	0041A9D0	004593D6	1	1062	834				0044B2E2	init_mission	86			0040B730	wc2-insertion
src/geom.c	0041A530	0040CEF6	0041A9D0	004593D6	1	1062	835				0044B48F	FUN_0044B48F	207				wc2-insertion
src/geom.c	0041A530	0040CEF6	0041A9D0	004593D6	1	1062	836				0044B83C	FUN_0044B83C	99				wc2-insertion
src/geom.c	0041A530	0040CEF6	0041A9D0	004593D6	1	1062	837				0044B981	FUN_0044B981	61				wc2-insertion
src/geom.c	0041A530	0040CEF6	0041A9D0	004593D6	1	1062	838				0044BA73	prepare_mission	154			0040B7A0	wc2-insertion
src/geom.c	0041A530	0040CEF6	0041A9D0	004593D6	1	1062	839				0044BCF7	release_all_capital_ship_shapes	37			0040B940	wc2-insertion
src/geom.c	0041A530	0040CEF6	0041A9D0	004593D6	1	1062	840				0044BD83	release_capital_ship_shapes	64			0040B990	wc2-insertion
src/geom.c	0041A530	0040CEF6	0041A9D0	004593D6	1	1062	841				0044BE84	FUN_0044BE84	30				wc2-insertion
src/geom.c	0041A530	0040CEF6	0041A9D0	004593D6	1	1062	842				0044BEE5	load_ship	553			0040B9F0	wc2-insertion
src/geom.c	0041A530	0040CEF6	0041A9D0	004593D6	1	1062	843				0044C796	free_ship	302			0040BC70	wc2-insertion
src/geom.c	0041A530	0040CEF6	0041A9D0	004593D6	1	1062	844				0044CC84	free_all_slots	30			0040BE20	wc2-insertion
src/geom.c	0041A530	0040CEF6	0041A9D0	004593D6	1	1062	845				0044CCE1	load_all_slots	63			0040BE60	wc2-insertion
src/geom.c	0041A530	0040CEF6	0041A9D0	004593D6	1	1062	846				0044CDCF	remove_nav_point_objects	22			0040BEA0	wc2-insertion
src/geom.c	0041A530	0040CEF6	0041A9D0	004593D6	1	1062	847				0044CE0A	get_shape_slot	29			0040BEC0	wc2-insertion
src/geom.c	0041A530	0040CEF6	0041A9D0	004593D6	1	1062	848				0044CE68	shape_loaded	30			0040BEF0	wc2-insertion
src/geom.c	0041A530	0040CEF6	0041A9D0	004593D6	1	1062	849				0044CEC8	shape_needed	31			0040BF20	wc2-insertion
src/geom.c	0041A530	0040CEF6	0041A9D0	004593D6	1	1062	850				0044CF2D	new_sphere_shapes	115			0040BF50	wc2-insertion
src/geom.c	0041A530	0040CEF6	0041A9D0	004593D6	1	1062	851				0044D0C7	FUN_0044D0C7	156				wc2-insertion
src/geom.c	0041A530	0040CEF6	0041A9D0	004593D6	1	1062	852				0044D35D	set_up_action_sphere	229			0040BFF0	wc2-insertion
src/geom.c	0041A530	0040CEF6	0041A9D0	004593D6	1	1062	853				0044D72E	room_for_me	67			0040C350	wc2-insertion
src/geom.c	0041A530	0040CEF6	0041A9D0	004593D6	1	1062	854				0044D81F	place_ship_near_player_until_valid	36			0040C360	wc2-insertion
src/geom.c	0041A530	0040CEF6	0041A9D0	004593D6	1	1062	855				0044D888	set_up_next_wave	90			0040C3C0	wc2-insertion
src/geom.c	0041A530	0040CEF6	0041A9D0	004593D6	1	1062	856				0044D9E2	sub_int_vector	31			0040C4A0	wc2-insertion
src/geom.c	0041A530	0040CEF6	0041A9D0	004593D6	1	1062	857				0044DA2F	set_formation_position	101			0040C4E0	wc2-insertion
src/geom.c	0041A530	0040CEF6	0041A9D0	004593D6	1	1062	858				0044DB7E	Set_up_ship_info	270			0040C5E0	wc2-insertion
src/geom.c	0041A530	0040CEF6	0041A9D0	004593D6	1	1062	859				0044E028	is_team_member	33			0040C740	wc2-insertion
src/geom.c	0041A530	0040CEF6	0041A9D0	004593D6	1	1062	860				0044E09C	find_next_ship_turn_slot	55			0040C780	wc2-insertion
src/geom.c	0041A530	0040CEF6	0041A9D0	004593D6	1	1062	861				0044E187	init_ship	209			0040C800	wc2-insertion
src/geom.c	0041A530	0040CEF6	0041A9D0	004593D6	1	1062	862				0044E44F	init_intelligence_data	356			0040C950	wc2-insertion
src/geom.c	0041A530	0040CEF6	0041A9D0	004593D6	1	1062	863				0044EA50	FUN_0044EA50	57				wc2-insertion
src/geom.c	0041A530	0040CEF6	0041A9D0	004593D6	1	1062	864				0044EB4E	FUN_0044EB4E	37				wc2-insertion
src/geom.c	0041A530	0040CEF6	0041A9D0	004593D6	1	1062	865				0044EBCA	ejection_sequence	272			004046A0	wc2-insertion
src/geom.c	0041A530	0040CEF6	0041A9D0	004593D6	1	1062	866				0044F010	OpenPacketSection	135			0042D730	wc2-insertion
src/geom.c	0041A530	0040CEF6	0041A9D0	004593D6	1	1062	867				0044F1C7	CloseDataFileByHandle	15			0042D870	wc2-insertion
src/geom.c	0041A530	0040CEF6	0041A9D0	004593D6	1	1062	868				0044F1F0	SampleBothJoysticks	39			0040CAA0	wc2-insertion
src/geom.c	0041A530	0040CEF6	0041A9D0	004593D6	1	1062	869				0044F247	FUN_0044F247	41				wc2-insertion
src/geom.c	0041A530	0040CEF6	0041A9D0	004593D6	1	1062	870				0044F2B8	FUN_0044F2B8	12				wc2-insertion
src/geom.c	0041A530	0040CEF6	0041A9D0	004593D6	1	1062	871				0044F2CD	FUN_0044F2CD	19				wc2-insertion
src/geom.c	0041A530	0040CEF6	0041A9D0	004593D6	1	1062	872				0044F300	FUN_0044F300	11				wc2-insertion
src/geom.c	0041A530	0040CEF6	0041A9D0	004593D6	1	1062	873				0044F310	FUN_0044F310	12				wc2-insertion
src/geom.c	0041A530	0040CEF6	0041A9D0	004593D6	1	1062	874				0044F322	FUN_0044F322	11				wc2-insertion
src/geom.c	0041A530	0040CEF6	0041A9D0	004593D6	1	1062	875				0044F332	SetAwakenBarracksMenuLabel	41			0041B110	wc2-insertion
src/geom.c	0041A530	0040CEF6	0041A9D0	004593D6	1	1062	876				0044F3A4	FUN_0044F3A4	22				wc2-insertion
src/geom.c	0041A530	0040CEF6	0041A9D0	004593D6	1	1062	877				0044F52E	FUN_0044F52E	35				wc2-insertion
src/geom.c	0041A530	0040CEF6	0041A9D0	004593D6	1	1062	878				0044F581	FUN_0044F581	12				wc2-insertion
src/geom.c	0041A530	0040CEF6	0041A9D0	004593D6	1	1062	879				0044F5B1	FUN_0044F5B1	11				wc2-insertion
src/geom.c	0041A530	0040CEF6	0041A9D0	004593D6	1	1062	880				0044F5C5	FUN_0044F5C5	13				wc2-insertion
src/geom.c	0041A530	0040CEF6	0041A9D0	004593D6	1	1062	881				0044F84F	FUN_0044F84F	132				wc2-insertion
src/geom.c	0041A530	0040CEF6	0041A9D0	004593D6	1	1062	882				0044FA31	FUN_0044FA31	19				wc2-insertion
src/geom.c	0041A530	0040CEF6	0041A9D0	004593D6	1	1062	883				0044FA70	DrawNavTextLine	36			0040CB60	wc2-insertion
src/geom.c	0041A530	0040CEF6	0041A9D0	004593D6	1	1062	884				0044FADA	SetNavMapCoordinateScaling	12			0040CBB0	wc2-insertion
src/geom.c	0041A530	0040CEF6	0041A9D0	004593D6	1	1062	885				0044FAEF	ScaleNavMapMarkerSize	20			0040CBC0	wc2-insertion
src/geom.c	0041A530	0040CEF6	0041A9D0	004593D6	1	1062	886				0044FB19	ScaleNavMapCoordinates	29			0040CBE0	wc2-insertion
src/geom.c	0041A530	0040CEF6	0041A9D0	004593D6	1	1062	887				0044FB68	nav_getxy	39			0040CC30	wc2-insertion
src/geom.c	0041A530	0040CEF6	0041A9D0	004593D6	1	1062	888				0044FBC8	CheckPoint	38			0040CC80	wc2-insertion
src/geom.c	0041A530	0040CEF6	0041A9D0	004593D6	1	1062	889				0044FC37	IncludeNavMapWorldPoint	27			0040CCF0	wc2-insertion
src/geom.c	0041A530	0040CEF6	0041A9D0	004593D6	1	1062	890				0044FC6D	SetScale	158			0040CD30	wc2-insertion
src/geom.c	0041A530	0040CEF6	0041A9D0	004593D6	1	1062	891				0044FE9F	Build_objective_list	167			0040CED0	wc2-insertion
src/geom.c	0041A530	0040CEF6	0041A9D0	004593D6	1	1062	892				00450136	FUN_00450136	34				wc2-insertion
src/geom.c	0041A530	0040CEF6	0041A9D0	004593D6	1	1062	893				004501B2	NavMapLabelFits	30			0040D0E0	wc2-insertion
src/geom.c	0041A530	0040CEF6	0041A9D0	004593D6	1	1062	894				00450210	NavMapLabelPositionAvailable	81			0040D120	wc2-insertion
src/geom.c	0041A530	0040CEF6	0041A9D0	004593D6	1	1062	895				00450329	ResetNavMapReservedAreas	11			0040D1D0	wc2-insertion
src/geom.c	0041A530	0040CEF6	0041A9D0	004593D6	1	1062	896				0045033D	ReserveNavMapArea	27			0040D1E0	wc2-insertion
src/geom.c	0041A530	0040CEF6	0041A9D0	004593D6	1	1062	897				004503A7	ResetNavMapLabels	11			0040D240	wc2-insertion
src/geom.c	0041A530	0040CEF6	0041A9D0	004593D6	1	1062	898				004503BB	TryPlaceNavMapLabel	50			0040D250	wc2-insertion
src/geom.c	0041A530	0040CEF6	0041A9D0	004593D6	1	1062	899				00450458	PlaceNavMapLabel	152			0040D2C0	wc2-insertion
src/geom.c	0041A530	0040CEF6	0041A9D0	004593D6	1	1062	900				00450623	FUN_00450623	55				wc2-insertion
src/geom.c	0041A530	0040CEF6	0041A9D0	004593D6	1	1062	901				004506F8	AddUniqueObjectiveNavLabel	73			0040D410	wc2-insertion
src/geom.c	0041A530	0040CEF6	0041A9D0	004593D6	1	1062	902				004507DA	IsPointInNavMapLabel	46			0040D490	wc2-insertion
src/geom.c	0041A530	0040CEF6	0041A9D0	004593D6	1	1062	903				0045087F	DrawNavMapLabels	38			0040D540	wc2-insertion
src/geom.c	0041A530	0040CEF6	0041A9D0	004593D6	1	1062	904				00450900	DrawNavRectangleMarker	80			0040D5A0	wc2-insertion
src/geom.c	0041A530	0040CEF6	0041A9D0	004593D6	1	1062	905				004509C9	DrawNavSquareOutline	32			0040D640	wc2-insertion
src/geom.c	0041A530	0040CEF6	0041A9D0	004593D6	1	1062	906				00450A12	DrawNavSquareMarker	94			0040D680	wc2-insertion
src/geom.c	0041A530	0040CEF6	0041A9D0	004593D6	1	1062	907				00450B03	DrawNavTriangleOutline	72			0040D740	wc2-insertion
src/geom.c	0041A530	0040CEF6	0041A9D0	004593D6	1	1062	908				00450BBA	DrawNavTriangleMarker	46			0040D7D0	wc2-insertion
src/geom.c	0041A530	0040CEF6	0041A9D0	004593D6	1	1062	909				00450C2A	DrawNavCrossMarker	78			0040D830	wc2-insertion
src/geom.c	0041A530	0040CEF6	0041A9D0	004593D6	1	1062	910				00450CF8	FUN_00450CF8	66				wc2-insertion
src/geom.c	0041A530	0040CEF6	0041A9D0	004593D6	1	1062	911				00450DF6	SetScreenClipRect	21			0040D8C0	wc2-insertion
src/geom.c	0041A530	0040CEF6	0041A9D0	004593D6	1	1062	912				00450E1E	DrawNavHazardMarker	55			0040D8F0	wc2-insertion
src/geom.c	0041A530	0040CEF6	0041A9D0	004593D6	1	1062	913				00450E98	DrawNavPlayerMarker	53			0040D980	wc2-insertion
src/geom.c	0041A530	0040CEF6	0041A9D0	004593D6	1	1062	914				00450F1E	FUN_00450F1E	73				wc2-insertion
src/geom.c	0041A530	0040CEF6	0041A9D0	004593D6	1	1062	915				00450FE2	BuildMap	391			0040DA00	wc2-insertion
src/geom.c	0041A530	0040CEF6	0041A9D0	004593D6	1	1062	916				0045153A	UpdateInflightNavText	70			0040DDA0	wc2-insertion
src/geom.c	0041A530	0040CEF6	0041A9D0	004593D6	1	1062	917				00451637	FormatNavCoordinates	24			0040DE70	wc2-insertion
src/geom.c	0041A530	0040CEF6	0041A9D0	004593D6	1	1062	918				00451673	DrawSelectedNavLegendEntry	27			0040DEA0	wc2-insertion
src/geom.c	0041A530	0040CEF6	0041A9D0	004593D6	1	1062	919				004516C0	DrawNavMapLegend	48			0040DEE0	wc2-insertion
src/geom.c	0041A530	0040CEF6	0041A9D0	004593D6	1	1062	920				00451756	nav_note	55			0040DF50	wc2-insertion
src/geom.c	0041A530	0040CEF6	0041A9D0	004593D6	1	1062	921				0045180F	DrawNavLocationReadout	188			0040DF70	wc2-insertion
src/geom.c	0041A530	0040CEF6	0041A9D0	004593D6	1	1062	922				00451AD3	BriefingMap_LoadShapes	47			0040E190	wc2-insertion
src/geom.c	0041A530	0040CEF6	0041A9D0	004593D6	1	1062	923				00451B70	BriefingMap_DisplayMap	61			0040E210	wc2-insertion
src/geom.c	0041A530	0040CEF6	0041A9D0	004593D6	1	1062	924				00451C5C	SelectNavObjectiveAtPoint	107			0040E2B0	wc2-insertion
src/geom.c	0041A530	0040CEF6	0041A9D0	004593D6	1	1062	925				00451DDB	CentreMouseOnCurrentNavObjective	41			0040E3C0	wc2-insertion
src/geom.c	0041A530	0040CEF6	0041A9D0	004593D6	1	1062	926				00451E57	ShowConfedNavScan	36			0040E430	wc2-insertion
src/geom.c	0041A530	0040CEF6	0041A9D0	004593D6	1	1062	927				00451EC9	FUN_00451EC9	55				wc2-insertion
src/geom.c	0041A530	0040CEF6	0041A9D0	004593D6	1	1062	928				00451FAA	InflightComputer	303			0040E480	wc2-insertion
src/geom.c	0041A530	0040CEF6	0041A9D0	004593D6	1	1062	929				00452450	FUN_00452450	325				wc2-insertion
src/geom.c	0041A530	0040CEF6	0041A9D0	004593D6	1	1062	930				00452930	FUN_00452930	59				wc2-insertion
src/geom.c	0041A530	0040CEF6	0041A9D0	004593D6	1	1062	931				00452A00	StopMusicStream	11				wc2-insertion
src/geom.c	0041A530	0040CEF6	0041A9D0	004593D6	1	1062	932				00452A10	SetMusBreakpt	10			0042E380	wc2-insertion
src/geom.c	0041A530	0040CEF6	0041A9D0	004593D6	1	1062	933				00452A1B	FUN_00452A1B	10				wc2-insertion
src/geom.c	0041A530	0040CEF6	0041A9D0	004593D6	1	1062	934				00452A26	StopMusic	12			0042E350	wc2-insertion
src/geom.c	0041A530	0040CEF6	0041A9D0	004593D6	1	1062	935				00452A40	FUN_00452A40	17				wc2-insertion
src/geom.c	0041A530	0040CEF6	0041A9D0	004593D6	1	1062	936				00452A64	FUN_00452A64	23				wc2-insertion
src/geom.c	0041A530	0040CEF6	0041A9D0	004593D6	1	1062	937				00452A99	PaletteFadeHook	12			0042E390	wc2-insertion
src/geom.c	0041A530	0040CEF6	0041A9D0	004593D6	1	1062	938				00452AAB	FlushSoundEffect	14			0042E3A0	wc2-insertion
src/geom.c	0041A530	0040CEF6	0041A9D0	004593D6	1	1062	939				00452AC8	FlushSoundEffects	14			0042E3C0	wc2-insertion
src/geom.c	0041A530	0040CEF6	0041A9D0	004593D6	1	1062	940				00452AE5	FadeMusic	10			0042E320	wc2-insertion
src/geom.c	0041A530	0040CEF6	0041A9D0	004593D6	1	1062	941				00452AF0	SceneLeaveHook	12			0042E3E0	wc2-insertion
src/geom.c	0041A530	0040CEF6	0041A9D0	004593D6	1	1062	942				00452B03	ProcessMusicScriptCommand	128			0042E6F0	wc2-insertion
src/geom.c	0041A530	0040CEF6	0041A9D0	004593D6	1	1062	943				00452CF4	spacetrack	24			0042E880	wc2-insertion
src/geom.c	0041A530	0040CEF6	0041A9D0	004593D6	1	1062	944				00452D32	StopMusicUnlessSuppressed	19			0042E8B0	wc2-insertion
src/geom.c	0041A530	0040CEF6	0041A9D0	004593D6	1	1062	945				00452D66	IsMusicTrackComplete	23			0042E8D0	wc2-insertion
src/geom.c	0041A530	0040CEF6	0041A9D0	004593D6	1	1062	946				00452DB0	wait_for_end_of_music	42			0042E900	wc2-insertion
src/geom.c	0041A530	0040CEF6	0041A9D0	004593D6	1	1062	947				00452E46	new_space_music_changes	91			0042E9E0	wc2-insertion
src/geom.c	0041A530	0040CEF6	0041A9D0	004593D6	1	1062	948				00452F90	changetrack	53			0042EAD0	wc2-insertion
src/geom.c	0041A530	0040CEF6	0041A9D0	004593D6	1	1062	949				00453085	gametrack	104			0042EB60	wc2-insertion
src/geom.c	0041A530	0040CEF6	0041A9D0	004593D6	1	1062	950				00453240	servicetrack	142			0042ECB0	wc2-insertion
src/geom.c	0041A530	0040CEF6	0041A9D0	004593D6	1	1062	951				00453496	ResetSoundState	13			0042EE80	wc2-insertion
src/geom.c	0041A530	0040CEF6	0041A9D0	004593D6	1	1062	952				004534BA	ResetSoundStateForScene	12			0042EEA0	wc2-insertion
src/geom.c	0041A530	0040CEF6	0041A9D0	004593D6	1	1062	953				004534D3	ResetSoundStateForFlight	12			0042EEB0	wc2-insertion
src/geom.c	0041A530	0040CEF6	0041A9D0	004593D6	1	1062	954				004534F1	FUN_004534F1	10				wc2-insertion
src/geom.c	0041A530	0040CEF6	0041A9D0	004593D6	1	1062	955				004534FC	EnableMusicForScene	14			0042EEE0	wc2-insertion
src/geom.c	0041A530	0040CEF6	0041A9D0	004593D6	1	1062	956				0045351A	LogUnknownSoundEffect	16				wc2-insertion
src/geom.c	0041A530	0040CEF6	0041A9D0	004593D6	1	1062	957				0045357E	FlushSoundEffectsAndLog	16			0042EF10	wc2-insertion
src/geom.c	0041A530	0040CEF6	0041A9D0	004593D6	1	1062	958				004535BB	sound_effect	19			0042EF20	wc2-insertion
src/geom.c	0041A530	0040CEF6	0041A9D0	004593D6	1	1062	959				0045373B	PlaySfxWaveFileByNumber	64			0042EF30	wc2-insertion
src/geom.c	0041A530	0040CEF6	0041A9D0	004593D6	1	1062	960				00453820	FadeViewportPaletteToColour	179			0042A700	wc2-insertion
src/geom.c	0041A530	0040CEF6	0041A9D0	004593D6	1	1062	961				00453A70	GetPacketSize	56			0042F810	wc2-insertion
src/geom.c	0041A530	0040CEF6	0041A9D0	004593D6	1	1062	962				00453B30	MeasureTextPixelWidthClamped	52			00418080	wc2-insertion
src/geom.c	0041A530	0040CEF6	0041A9D0	004593D6	1	1062	963				00453BD0	FUN_00453BD0	58				wc2-insertion
src/geom.c	0041A530	0040CEF6	0041A9D0	004593D6	1	1062	964				00453C80	FUN_00453C80	12				wc2-insertion
src/geom.c	0041A530	0040CEF6	0041A9D0	004593D6	1	1062	965				00453C95	CheckLauncherAndConfig	94			00401D10	wc2-insertion
src/geom.c	0041A530	0040CEF6	0041A9D0	004593D6	1	1062	966				00453E60	WinMain	169			00401E30	wc2-insertion
src/geom.c	0041A530	0040CEF6	0041A9D0	004593D6	1	1062	967				00454103	ShutdownGameWindow	41			00402070	wc2-insertion
src/geom.c	0041A530	0040CEF6	0041A9D0	004593D6	1	1062	968				0045418B	ShowNoticeMessageBox	21			004020E0	wc2-insertion
src/geom.c	0041A530	0040CEF6	0041A9D0	004593D6	1	1062	969				004541BD	FUN_004541BD	37				wc2-insertion
src/geom.c	0041A530	0040CEF6	0041A9D0	004593D6	1	1062	970				0045422D	AbortToDesktop	41			00402110	wc2-insertion
src/geom.c	0041A530	0040CEF6	0041A9D0	004593D6	1	1062	971				004542B7	CreateMainWindow	108			00402180	wc2-insertion
src/geom.c	0041A530	0040CEF6	0041A9D0	004593D6	1	1062	972				0045445A	PumpWindowMessages	114			00402320	wc2-insertion
src/geom.c	0041A530	0040CEF6	0041A9D0	004593D6	1	1062	973				00454625	MainWindowProc	561			00402530	wc2-insertion
src/geom.c	0041A530	0040CEF6	0041A9D0	004593D6	1	1062	974				004551E7	FUN_004551E7	88			00402A20	wc2-insertion
src/geom.c	0041A530	0040CEF6	0041A9D0	004593D6	1	1062	975				00455346	GetJoystickButtons	17			00402AC0	wc2-insertion
src/geom.c	0041A530	0040CEF6	0041A9D0	004593D6	1	1062	976				0045536F	FUN_0045536F	52			00402AE0	wc2-insertion
src/geom.c	0041A530	0040CEF6	0041A9D0	004593D6	1	1062	977				00455427	GetApplicationInstance	12			00402B80	wc2-insertion
src/geom.c	0041A530	0040CEF6	0041A9D0	004593D6	1	1062	978				0045543C	GetMainWindowHandle	12			00402B90	wc2-insertion
src/geom.c	0041A530	0040CEF6	0041A9D0	004593D6	1	1062	979				00455451	GetMainWindowDeviceContext	12			00402BA0	wc2-insertion
src/geom.c	0041A530	0040CEF6	0041A9D0	004593D6	1	1062	980				00455466	AllocateGuardedMemory	73			00402BB0	wc2-insertion
src/geom.c	0041A530	0040CEF6	0041A9D0	004593D6	1	1062	981				00455565	ReportHeapGuardCorruption	52			00402CA0	wc2-insertion
src/geom.c	0041A530	0040CEF6	0041A9D0	004593D6	1	1062	982				00455624	CheckAllGuardedAllocations	10			00402D40	wc2-insertion
src/geom.c	0041A530	0040CEF6	0041A9D0	004593D6	1	1062	983				0045562F	IsFreedHeapBlockTracked	34				wc2-insertion
src/geom.c	0041A530	0040CEF6	0041A9D0	004593D6	1	1062	984				00455697	FUN_00455697	38				wc2-insertion
src/geom.c	0041A530	0040CEF6	0041A9D0	004593D6	1	1062	985				00455715	TrackFreedHeapBlock	33				wc2-insertion
src/geom.c	0041A530	0040CEF6	0041A9D0	004593D6	1	1062	986				00455787	FUN_00455787	52				wc2-insertion
src/geom.c	0041A530	0040CEF6	0041A9D0	004593D6	1	1062	987				00455836	FUN_00455836	27				wc2-insertion
src/geom.c	0041A530	0040CEF6	0041A9D0	004593D6	1	1062	988				00455882	FUN_00455882	133				wc2-insertion
src/geom.c	0041A530	0040CEF6	0041A9D0	004593D6	1	1062	989				00455A85	SetMousePosition	15			00402E80	wc2-insertion
src/geom.c	0041A530	0040CEF6	0041A9D0	004593D6	1	1062	990				00455A9E	FUN_00455A9E	17				wc2-insertion
src/geom.c	0041A530	0040CEF6	0041A9D0	004593D6	1	1062	991				00455AC8	PollKeyboardState	129			00402EA0	wc2-insertion
src/geom.c	0041A530	0040CEF6	0041A9D0	004593D6	1	1062	992				00455D2D	FUN_00455D2D	14				wc2-insertion
src/geom.c	0041A530	0040CEF6	0041A9D0	004593D6	1	1062	993				00455D48	FUN_00455D48	14				wc2-insertion
src/geom.c	0041A530	0040CEF6	0041A9D0	004593D6	1	1062	994				00455D63	FUN_00455D63	14				wc2-insertion
src/geom.c	0041A530	0040CEF6	0041A9D0	004593D6	1	1062	995				00455D7E	FUN_00455D7E	14				wc2-insertion
src/geom.c	0041A530	0040CEF6	0041A9D0	004593D6	1	1062	996				00455D99	FUN_00455D99	14				wc2-insertion
src/geom.c	0041A530	0040CEF6	0041A9D0	004593D6	1	1062	997				00455DB4	FUN_00455DB4	14				wc2-insertion
src/geom.c	0041A530	0040CEF6	0041A9D0	004593D6	1	1062	998				00455DCF	FUN_00455DCF	14				wc2-insertion
src/geom.c	0041A530	0040CEF6	0041A9D0	004593D6	1	1062	999				00455DEA	FUN_00455DEA	14				wc2-insertion
src/geom.c	0041A530	0040CEF6	0041A9D0	004593D6	1	1062	1000				00455E05	FUN_00455E05	14				wc2-insertion
src/geom.c	0041A530	0040CEF6	0041A9D0	004593D6	1	1062	1001				00455E23	FUN_00455E23	14				wc2-insertion
src/geom.c	0041A530	0040CEF6	0041A9D0	004593D6	1	1062	1002				00455E3E	FUN_00455E3E	14				wc2-insertion
src/geom.c	0041A530	0040CEF6	0041A9D0	004593D6	1	1062	1003				00455E59	FUN_00455E59	14				wc2-insertion
src/geom.c	0041A530	0040CEF6	0041A9D0	004593D6	1	1062	1004				00455E74	FUN_00455E74	14				wc2-insertion
src/geom.c	0041A530	0040CEF6	0041A9D0	004593D6	1	1062	1005				00455E8F	GetShiftKeyState	14			00403060	wc2-insertion
src/geom.c	0041A530	0040CEF6	0041A9D0	004593D6	1	1062	1006				00455EAA	GetKeyboardModifiers	12			00403080	wc2-insertion
src/geom.c	0041A530	0040CEF6	0041A9D0	004593D6	1	1062	1007				00455EBF	GetControlKeyState	14			00403070	wc2-insertion
src/geom.c	0041A530	0040CEF6	0041A9D0	004593D6	1	1062	1008				00455EDA	FUN_00455EDA	14				wc2-insertion
src/geom.c	0041A530	0040CEF6	0041A9D0	004593D6	1	1062	1009				00455EF5	GetGameClockTicks	19			00403090	wc2-insertion
src/geom.c	0041A530	0040CEF6	0041A9D0	004593D6	1	1062	1010				00455F23	InitGameClockEpoch	19			004030B0	wc2-insertion
src/geom.c	0041A530	0040CEF6	0041A9D0	004593D6	1	1062	1011				00455F59	WriteDebugString	36			004030D0	wc2-insertion
src/geom.c	0041A530	0040CEF6	0041A9D0	004593D6	1	1062	1012				00455FD3	FUN_00455FD3	16				wc2-insertion
src/geom.c	0041A530	0040CEF6	0041A9D0	004593D6	1	1062	1013				00455FF1	FUN_00455FF1	69				wc2-insertion
src/geom.c	0041A530	0040CEF6	0041A9D0	004593D6	1	1062	1014				004560C0	FUN_004560C0	35				wc2-insertion
src/geom.c	0041A530	0040CEF6	0041A9D0	004593D6	1	1062	1015				00456123	LocateStreamsDirOnDisc	68			004031C0	wc2-insertion
src/geom.c	0041A530	0040CEF6	0041A9D0	004593D6	1	1062	1016				00456236	FindCdRomDriveByVolumeLabel	108			00403290	wc2-insertion
src/geom.c	0041A530	0040CEF6	0041A9D0	004593D6	1	1062	1017				004563A3	SetCurrentDirOnDrive	36			004033E0	wc2-insertion
src/geom.c	0041A530	0040CEF6	0041A9D0	004593D6	1	1062	1018				0045641B	TakeInputPressCount	16				wc2-insertion
src/geom.c	0041A530	0040CEF6	0041A9D0	004593D6	1	1062	1019				00456443	PromptInsertCorrectCd	48			00403450	wc2-insertion
src/geom.c	0041A530	0040CEF6	0041A9D0	004593D6	1	1062	1020				004564F0	FUN_004564F0	31				wc2-insertion
src/geom.c	0041A530	0040CEF6	0041A9D0	004593D6	1	1062	1021				0045655D	FUN_0045655D	190				wc2-insertion
src/geom.c	0041A530	0040CEF6	0041A9D0	004593D6	1	1062	1022				004568E0	LoadShapeSet	58			00423CE0	wc2-insertion
src/geom.c	0041A530	0040CEF6	0041A9D0	004593D6	1	1062	1023				00456988	FreeShapeSet	26			00423D50	wc2-insertion
src/geom.c	0041A530	0040CEF6	0041A9D0	004593D6	1	1062	1024				004569C8	LoadPacketResourceList	56			00423D80	wc2-insertion
src/geom.c	0041A530	0040CEF6	0041A9D0	004593D6	1	1062	1025				00456A68	ResetCockpitPaletteEntries	50			00423E10	wc2-insertion
src/geom.c	0041A530	0040CEF6	0041A9D0	004593D6	1	1062	1026				00456B1A	initialize_cockpit	558			00423E90	wc2-insertion
src/geom.c	0041A530	0040CEF6	0041A9D0	004593D6	1	1062	1027				00457434	InitializeConstellationObject	100			004242D0	wc2-insertion
src/geom.c	0041A530	0040CEF6	0041A9D0	004593D6	1	1062	1028				00457587	FreeConstellationObject	20			004243B0	wc2-insertion
src/geom.c	0041A530	0040CEF6	0041A9D0	004593D6	1	1062	1029				004575B4	init_constellation	64			004243E0	wc2-insertion
src/geom.c	0041A530	0040CEF6	0041A9D0	004593D6	1	1062	1030				004576AB	free_constellation	34			00424490	wc2-insertion
src/geom.c	0041A530	0040CEF6	0041A9D0	004593D6	1	1062	1031				00457720	init_vdus	48			004244E0	wc2-insertion
src/geom.c	0041A530	0040CEF6	0041A9D0	004593D6	1	1062	1032				004577D7	InitializeCockpitResources	598			004245B0	wc2-insertion
src/geom.c	0041A530	0040CEF6	0041A9D0	004593D6	1	1062	1033				00458196	free_cockpit	178			004249A0	wc2-insertion
src/geom.c	0041A530	0040CEF6	0041A9D0	004593D6	1	1062	1034				00458467	init_3Space_objects	46			00424A80	wc2-insertion
src/geom.c	0041A530	0040CEF6	0041A9D0	004593D6	1	1062	1035				00458532	load_common_3Space_objects	76			00424B00	wc2-insertion
src/geom.c	0041A530	0040CEF6	0041A9D0	004593D6	1	1062	1036				0045865D	remove_all_3d_objects	22			00424B80	wc2-insertion
src/geom.c	0041A530	0040CEF6	0041A9D0	004593D6	1	1062	1037				00458698	free_3Space	32			00424BA0	wc2-insertion
src/geom.c	0041A530	0040CEF6	0041A9D0	004593D6	1	1062	1038				00458716	free_3Space_objects	52			00424BE0	wc2-insertion
src/geom.c	0041A530	0040CEF6	0041A9D0	004593D6	1	1062	1039				004587E0	init_inflight_music	13			00424C60	wc2-insertion
src/geom.c	0041A530	0040CEF6	0041A9D0	004593D6	1	1062	1040				00458806	free_inflight_music	26			00424C80	wc2-insertion
src/geom.c	0041A530	0040CEF6	0041A9D0	004593D6	1	1062	1041				0045887B	FUN_0045887B	42				wc2-insertion
src/geom.c	0041A530	0040CEF6	0041A9D0	004593D6	1	1062	1042				0045890E	FUN_0045890E	47				wc2-insertion
src/geom.c	0041A530	0040CEF6	0041A9D0	004593D6	1	1062	1043				004589D0	FUN_004589D0	60				wc2-insertion
src/geom.c	0041A530	0040CEF6	0041A9D0	004593D6	1	1062	1044				00458A90	FUN_00458A90	83				wc2-insertion
src/geom.c	0041A530	0040CEF6	0041A9D0	004593D6	1	1062	1045				00458B8C	FUN_00458B8C	79				wc2-insertion
src/geom.c	0041A530	0040CEF6	0041A9D0	004593D6	1	1062	1046				00458C81	FUN_00458C81	95				wc2-insertion
src/geom.c	0041A530	0040CEF6	0041A9D0	004593D6	1	1062	1047				00458D94	FUN_00458D94	44				wc2-insertion
src/geom.c	0041A530	0040CEF6	0041A9D0	004593D6	1	1062	1048				00458E10	FUN_00458E10	11				wc2-insertion
src/geom.c	0041A530	0040CEF6	0041A9D0	004593D6	1	1062	1049				00458E20	IsSoundHardwarePresent	13			0042F940	wc2-insertion
src/geom.c	0041A530	0040CEF6	0041A9D0	004593D6	1	1062	1050				00458E39	MessagePumpHook	11			0042F950	wc2-insertion
src/geom.c	0041A530	0040CEF6	0041A9D0	004593D6	1	1062	1051				00458E49	PushMemoryStackFrame	45			0042F960	wc2-insertion
src/geom.c	0041A530	0040CEF6	0041A9D0	004593D6	1	1062	1052				00458EED	IsPushedPacketHandle	31			0042F9E0	wc2-insertion
src/geom.c	0041A530	0040CEF6	0041A9D0	004593D6	1	1062	1053				00458F5A	MapPacketHandleToBlock	50			0042FA20	wc2-insertion
src/geom.c	0041A530	0040CEF6	0041A9D0	004593D6	1	1062	1054				0045901D	AllocateTaggedMemory	37			0042FA90	wc2-insertion
src/geom.c	0041A530	0040CEF6	0041A9D0	004593D6	1	1062	1055				00459082	ReleasePacketHandle	48			0042FAE0	wc2-insertion
src/geom.c	0041A530	0040CEF6	0041A9D0	004593D6	1	1062	1056				00459134	GetAvailableFarMemoryByType	12			0042FB20	wc2-insertion
src/geom.c	0041A530	0040CEF6	0041A9D0	004593D6	1	1062	1057				00459149	GetLargestFreeMemoryBlockByType	12			0042FB30	wc2-insertion
src/geom.c	0041A530	0040CEF6	0041A9D0	004593D6	1	1062	1058				00459160	FUN_00459160	76			0042B9A0	wc2-insertion
src/geom.c	0041A530	0040CEF6	0041A9D0	004593D6	1	1062	1059				0045924D	FUN_0045924D	26				wc2-insertion
src/geom.c	0041A530	0040CEF6	0041A9D0	004593D6	1	1062	1060				00459294	FUN_00459294	38				wc2-insertion
src/geom.c	0041A530	0040CEF6	0041A9D0	004593D6	1	1062	1061				0045930A	FUN_0045930A	23				wc2-insertion
src/geom.c	0041A530	0040CEF6	0041A9D0	004593D6	1	1062	1062				00459348	ClearTextInputCharacter	49			00426140	wc2-insertion
src/geom.c	0041AB60	004595AA	0041AD10	0045979B	1	1	1	0041AB90	ShowModalTextPanel	118	004595EF	ShowModalTextPanel	124	004595EF	89.52	0041AB90	confirmed-order
src/gr.c	00440D10	00425BBF	00441140	004261D5	2	2	1	00440D50	PrepareShapeRLEData	217	00425BF6	PrepareShapeRLEData	308	00425BF6	63.64	00440D50	confirmed-order
src/gr.c	00440D10	00425BBF	00441140	004261D5	2	2	2	00440FE0	DrawSpriteTransformed	118	00425FB4	DrawSpriteTransformed	169	00425FB4	73.96	00440FE0	confirmed-order
src/gr.c	00441140	004261D5	00441370	00426694	1	3	1	00441150	DrawFontGlyph	162	004261E5	DrawFontGlyph	253	004261E5	76.59	00441150	unequal-gap-position
src/gr.c	00441140	004261D5	00441370	00426694	1	3	2				0042665A	FUN_0042665A	14				wc2-insertion
src/gr.c	00441140	004261D5	00441370	00426694	1	3	3				00426677	FUN_00426677	14				wc2-insertion
src/gr.c	004413E0	004266CC	00441A40	00426FD9	3	3	1	00441400	DrawSpriteDefault	23	004266E7	DrawSpriteDefault	45	004266E7	86.67	00441400	confirmed-order
src/gr.c	004413E0	004266CC	00441A40	00426FD9	3	3	2	00441450	CaptureSpriteBackground	220	00426769	CaptureSpriteBackground	305	00426769	60.98	00441450	confirmed-order
src/gr.c	004413E0	004266CC	00441A40	00426FD9	3	3	3	00441740	RestoreSpriteBackground	224	00426B96	RestoreSpriteBackground	310	00426B96	62.90	00441740	confirmed-order
src/gr.c	00441A40	00426FD9	00441AE0	00427123	1	1	1	00441A90	CopyViewportContents	29	00427047	CopyViewportContents	69	00427047	55.07	00441A90	confirmed-order
src/gr.c	00441BF0	004272A5	00441C70	00427E1B	0	2	1				00427D9F	FUN_00427D9F	28				wc2-insertion
src/gr.c	00441BF0	004272A5	00441C70	00427E1B	0	2	2				00427DE8	snow_viewport	19			00442300	wc2-insertion
src/gr.c	00442300	00427DE8	00442330	00428979	0	16	1				00427E1B	DrawFilledViewportRect	59			00441C70	wc2-insertion
src/gr.c	00442300	00427DE8	00442330	00428979	0	16	2				00427EC8	DrawViewportBorder	123			00441CF0	wc2-insertion
src/gr.c	00442300	00427DE8	00442330	00428979	0	16	3				00428023	DrawViewportEllipse	38			00441DD0	wc2-insertion
src/gr.c	00442300	00427DE8	00442330	00428979	0	16	4				0042808F	FillViewportEllipse	38			00441E20	wc2-insertion
src/gr.c	00442300	00427DE8	00442330	00428979	0	16	5				004280FB	DrawViewportEllipseShadow	38			00441E70	wc2-insertion
src/gr.c	00442300	00427DE8	00442330	00428979	0	16	6				00428167	FUN_00428167	24				wc2-insertion
src/gr.c	00442300	00427DE8	00442330	00428979	0	16	7				004281AE	FUN_004281AE	41				wc2-insertion
src/gr.c	00442300	00427DE8	00442330	00428979	0	16	8				00428217	FUN_00428217	72				wc2-insertion
src/gr.c	00442300	00427DE8	00442330	00428979	0	16	9				004282F0	FUN_004282F0	37				wc2-insertion
src/gr.c	00442300	00427DE8	00442330	00428979	0	16	10				00428344	DrawSolidColourSpriteScaled	41			00442000	wc2-insertion
src/gr.c	00442300	00427DE8	00442330	00428979	0	16	11				004283A4	GetTransformedShapeBounds	205			00442050	wc2-insertion
src/gr.c	00442300	00427DE8	00442330	00428979	0	16	12				00428690	fizzle_fade	86			00442200	wc2-insertion
src/gr.c	00442300	00427DE8	00442330	00428979	0	16	13				004287A4	FUN_004287A4	24				wc2-insertion
src/gr.c	00442300	00427DE8	00442330	00428979	0	16	14				004287EB	FUN_004287EB	83				wc2-insertion
src/gr.c	00442300	00427DE8	00442330	00428979	0	16	15				00428900	InitializeAudioStreamer	27			00442370	wc2-insertion
src/gr.c	00442300	00427DE8	00442330	00428979	0	16	16				0042894B	SignalAudioMixerWakeEvent	18			00442350	wc2-insertion
src/gr.c	00442370	00428900	004423B0	004289BF	0	2	1				0042894B	SignalAudioMixerWakeEvent	18			00442350	wc2-insertion
src/gr.c	00442370	00428900	004423B0	004289BF	0	2	2				00428979	UpdateStreamerStoppedFlag	20			00442330	wc2-insertion
src/gr.c	00442460	00428A6D	004424D0	00428AEB	1	1	1	004424B0	ClearStreamerTrigger	6	00428AAB	SetStreamerIntensity	21			00442520	candidate-target-conflict
src/gr.c	00442520	00428AAB	00442550	00428B3C	0	1	1				00428AEB	SetStreamerTrigger	26			004424D0	wc2-insertion
src/gr.c	00442550	00428B3C	00442590	00428DA3	0	5	1				00428B86	Streamer_close	15			004425D0	wc2-insertion
src/gr.c	00442550	00428B3C	00442590	00428DA3	0	5	2				00428BAD	DestroyAudioStreamer	15				wc2-insertion
src/gr.c	00442550	00428B3C	00442590	00428DA3	0	5	3				00428BD4	ix_log_printf	31			004426A0	wc2-insertion
src/gr.c	00442550	00428B3C	00442590	00428DA3	0	5	4				00428C35	FUN_00428C35	62				wc2-insertion
src/gr.c	00442550	00428B3C	00442590	00428DA3	0	5	5				00428D09	ReadCheaterFlagFromRegistry	46			00442600	wc2-insertion
src/gr.c	004425D0	00428B86	00442600	00428D09	0	3	1				00428BAD	DestroyAudioStreamer	15				wc2-insertion
src/gr.c	004425D0	00428B86	00442600	00428D09	0	3	2				00428BD4	ix_log_printf	31			004426A0	wc2-insertion
src/gr.c	004425D0	00428B86	00442600	00428D09	0	3	3				00428C35	FUN_00428C35	62				wc2-insertion
src/hudmsg.c	00428F80	00437C96	00428FA0	00437DFA	0	3	1				00437CBF	InitializeConversationViewport	42			00427B20	wc2-insertion
src/hudmsg.c	00428F80	00437C96	00428FA0	00437DFA	0	3	2				00437D68	ResetScreenClipToFullHeight	15			00427BA0	wc2-insertion
src/hudmsg.c	00428F80	00437C96	00428FA0	00437DFA	0	3	3				00437D92	InitializeConversationText	29			00427BC0	wc2-insertion
src/hudmsg.c	00429120	00437FD3	00429DD0	004690FF	1	827	1	00429160	HandleSpaceFlightControls	789	00438020	FUN_00438020	32	0046733D	42.53		unequal-gap-position
src/hudmsg.c	00429120	00437FD3	00429DD0	004690FF	1	827	2				00438080	FUN_00438080	16				wc2-insertion
src/hudmsg.c	00429120	00437FD3	00429DD0	004690FF	1	827	3				004380B0	FatalErrorAndExit	26			00413CE0	wc2-insertion
src/hudmsg.c	00429120	00437FD3	00429DD0	004690FF	1	827	4				004380FD	IsCockpitExplosionActive	17			00413D20	wc2-insertion
src/hudmsg.c	00429120	00437FD3	00429DD0	004690FF	1	827	5				00438129	EraseCockpitReadoutRegion	37			00413D40	wc2-insertion
src/hudmsg.c	00429120	00437FD3	00429DD0	004690FF	1	827	6				00438194	vdu_polygon	189			00413DA0	wc2-insertion
src/hudmsg.c	00429120	00437FD3	00429DD0	004690FF	1	827	7				00438454	InitializeCockpitReadout	27			00413F70	wc2-insertion
src/hudmsg.c	00429120	00437FD3	00429DD0	004690FF	1	827	8				004384AD	DrawCockpitReadout	73			00413FB0	wc2-insertion
src/hudmsg.c	00429120	00437FD3	00429DD0	004690FF	1	827	9				004385B3	DrawHudMessageSlot	105			004140A0	wc2-insertion
src/hudmsg.c	00429120	00437FD3	00429DD0	004690FF	1	827	10				00438711	ClearHudMessageSlot	43			00414180	wc2-insertion
src/hudmsg.c	00429120	00437FD3	00429DD0	004690FF	1	827	11				004387A7	ClearHudMessageIfMatching	18			004141B0	wc2-insertion
src/hudmsg.c	00429120	00437FD3	00429DD0	004690FF	1	827	12				004387CD	ClearHudGunReadouts	14			004141D0	wc2-insertion
src/hudmsg.c	00429120	00437FD3	00429DD0	004690FF	1	827	13				004387FA	SetHudMessageSlot	38			004141F0	wc2-insertion
src/hudmsg.c	00429120	00437FD3	00429DD0	004690FF	1	827	14				00438864	UpdateMessage	30			00414240	wc2-insertion
src/hudmsg.c	00429120	00437FD3	00429DD0	004690FF	1	827	15				004388B6	set_global_message	27			00414270	wc2-insertion
src/hudmsg.c	00429120	00437FD3	00429DD0	004690FF	1	827	16				004388F5	CockpitMessage	21			004142B0	wc2-insertion
src/hudmsg.c	00429120	00437FD3	00429DD0	004690FF	1	827	17				00438923	FUN_00438923	15				wc2-insertion
src/hudmsg.c	00429120	00437FD3	00429DD0	004690FF	1	827	18				0043893F	remove_message	17			004142E0	wc2-insertion
src/hudmsg.c	00429120	00437FD3	00429DD0	004690FF	1	827	19				0043895F	kilrathi_near	45			00414300	wc2-insertion
src/hudmsg.c	00429120	00437FD3	00429DD0	004690FF	1	827	20				004389FE	IsMissionObjectiveOutOfSystem	56				wc2-insertion
src/hudmsg.c	00429120	00437FD3	00429DD0	004690FF	1	827	21				00438ADD	auto_pilot_valid	129			00414380	wc2-insertion
src/hudmsg.c	00429120	00437FD3	00429DD0	004690FF	1	827	22				00438CEB	reset_cockpit	22			00414410	wc2-insertion
src/hudmsg.c	00429120	00437FD3	00429DD0	004690FF	1	827	23				00438D30	SetCockpitLightBlink	36			00414440	wc2-insertion
src/hudmsg.c	00429120	00437FD3	00429DD0	004690FF	1	827	24				00438DAD	draw_cockpit_lights	108			00414490	wc2-insertion
src/hudmsg.c	00429120	00437FD3	00429DD0	004690FF	1	827	25				00438F62	update_lights	77			004145B0	wc2-insertion
src/hudmsg.c	00429120	00437FD3	00429DD0	004690FF	1	827	26				00439076	update_bars	151			00414690	wc2-insertion
src/hudmsg.c	00429120	00437FD3	00429DD0	004690FF	1	827	27				00439264	get_mode	16			004147E0	wc2-insertion
src/hudmsg.c	00429120	00437FD3	00429DD0	004690FF	1	827	28				0043928E	set_mode	33			00414800	wc2-insertion
src/hudmsg.c	00429120	00437FD3	00429DD0	004690FF	1	827	29				004392F1	SetVduModeIfChanged	32			00414850	wc2-insertion
src/hudmsg.c	00429120	00437FD3	00429DD0	004690FF	1	827	30				0043934D	GetVduModeStackDepth	13			00414890	wc2-insertion
src/hudmsg.c	00429120	00437FD3	00429DD0	004690FF	1	827	31				00439369	push_mode	26			004148A0	wc2-insertion
src/hudmsg.c	00429120	00437FD3	00429DD0	004690FF	1	827	32				004393B3	pop_mode	20			004148E0	wc2-insertion
src/hudmsg.c	00429120	00437FD3	00429DD0	004690FF	1	827	33				004393E1	set_new_vdu	56			00414910	wc2-insertion
src/hudmsg.c	00429120	00437FD3	00429DD0	004690FF	1	827	34				004394A0	update_vid_disp	31			00414980	wc2-insertion
src/hudmsg.c	00429120	00437FD3	00429DD0	004690FF	1	827	35				00439500	InvalidateVduMode	12			004149C0	wc2-insertion
src/hudmsg.c	00429120	00437FD3	00429DD0	004690FF	1	827	36				0043951A	clear_message_time	11			004149E0	wc2-insertion
src/hudmsg.c	00429120	00437FD3	00429DD0	004690FF	1	827	37				0043952E	message_showing	17			004149F0	wc2-insertion
src/hudmsg.c	00429120	00437FD3	00429DD0	004690FF	1	827	38				00439559	set_message_time	16			00414A10	wc2-insertion
src/hudmsg.c	00429120	00437FD3	00429DD0	004690FF	1	827	39				00439588	check_message	69			00414A20	wc2-insertion
src/hudmsg.c	00429120	00437FD3	00429DD0	004690FF	1	827	40				004396BF	update_digital_readouts	50			00414A50	wc2-insertion
src/hudmsg.c	00429120	00437FD3	00429DD0	004690FF	1	827	41				00439753	malf_sound	25			00414AE0	wc2-insertion
src/hudmsg.c	00429120	00437FD3	00429DD0	004690FF	1	827	42				00439789	malf	26			00414AF0	wc2-insertion
src/hudmsg.c	00429120	00437FD3	00429DD0	004690FF	1	827	43				004397D5	vdu_malf	39			00414B20	wc2-insertion
src/hudmsg.c	00429120	00437FD3	00429DD0	004690FF	1	827	44				0043984F	ShowComponentHitHudMessage	40			00414B70	wc2-insertion
src/hudmsg.c	00429120	00437FD3	00429DD0	004690FF	1	827	45				004398CB	damage_your_component	75			00414BF0	wc2-insertion
src/hudmsg.c	00429120	00437FD3	00429DD0	004690FF	1	827	46				004399C6	RemovePlayerReleaseWeapon	36			00414CB0	wc2-insertion
src/hudmsg.c	00429120	00437FD3	00429DD0	004690FF	1	827	47				00439A5A	fire_computer_graphic_missile	87			00414D50	wc2-insertion
src/hudmsg.c	00429120	00437FD3	00429DD0	004690FF	1	827	48				00439BB7	show_weapon_disp	239			00414EA0	wc2-insertion
src/hudmsg.c	00429120	00437FD3	00429DD0	004690FF	1	827	49				00439F5F	update_status_text	166			00415040	wc2-insertion
src/hudmsg.c	00429120	00437FD3	00429DD0	004690FF	1	827	50				0043A1EB	sighted	19			00415050	wc2-insertion
src/hudmsg.c	00429120	00437FD3	00429DD0	004690FF	1	827	51				0043A21E	visited	19			00415070	wc2-insertion
src/hudmsg.c	00429120	00437FD3	00429DD0	004690FF	1	827	52				0043A251	achieved	25			00415090	wc2-insertion
src/hudmsg.c	00429120	00437FD3	00429DD0	004690FF	1	827	53				0043A29E	flag_objective	19			004150B0	wc2-insertion
src/hudmsg.c	00429120	00437FD3	00429DD0	004690FF	1	827	54				0043A2CD	DrawCalculatingLabel	49			004150D0	wc2-insertion
src/hudmsg.c	00429120	00437FD3	00429DD0	004690FF	1	827	55				0043A374	objective_name	39			00415130	wc2-insertion
src/hudmsg.c	00429120	00437FD3	00429DD0	004690FF	1	827	56				0043A3F8	show_navigation_disp	38			00415180	wc2-insertion
src/hudmsg.c	00429120	00437FD3	00429DD0	004690FF	1	827	57				0043A474	hidden_objective	184			004151F0	wc2-insertion
src/hudmsg.c	00429120	00437FD3	00429DD0	004690FF	1	827	58				0043A75E	set_new_objective	60			004152C0	wc2-insertion
src/hudmsg.c	00429120	00437FD3	00429DD0	004690FF	1	827	59				0043A851	cycle_next_objective	42			00415370	wc2-insertion
src/hudmsg.c	00429120	00437FD3	00429DD0	004690FF	1	827	60				0043A8EA	set_next_destination	60			004153D0	wc2-insertion
src/hudmsg.c	00429120	00437FD3	00429DD0	004690FF	1	827	61				0043A9D7	LocateMobileObjective	36			00415470	wc2-insertion
src/hudmsg.c	00429120	00437FD3	00429DD0	004690FF	1	827	62				0043AA3F	is_any_ship_returning_to_current_nav_point	35			004154C0	wc2-insertion
src/hudmsg.c	00429120	00437FD3	00429DD0	004690FF	1	827	63				0043AAC3	escorting_a_ship	21			00415510	wc2-insertion
src/hudmsg.c	00429120	00437FD3	00429DD0	004690FF	1	827	64				0043AAFF	flag_reached	153			00415530	wc2-insertion
src/hudmsg.c	00429120	00437FD3	00429DD0	004690FF	1	827	65				0043AD61	check_sighting	32			004156D0	wc2-insertion
src/hudmsg.c	00429120	00437FD3	00429DD0	004690FF	1	827	66				0043ADC4	check_visit	33			00415720	wc2-insertion
src/hudmsg.c	00429120	00437FD3	00429DD0	004690FF	1	827	67				0043AE2F	update_objective_location	124			00415770	wc2-insertion
src/hudmsg.c	00429120	00437FD3	00429DD0	004690FF	1	827	68				0043AFD3	objective_lost	49			00415850	wc2-insertion
src/hudmsg.c	00429120	00437FD3	00429DD0	004690FF	1	827	69				0043B089	check_objectives	30			004158A0	wc2-insertion
src/hudmsg.c	00429120	00437FD3	00429DD0	004690FF	1	827	70				0043B0EB	rotational_pos_to_scanner_pos	78			004158F0	wc2-insertion
src/hudmsg.c	00429120	00437FD3	00429DD0	004690FF	1	827	71				0043B1F0	mobile_objective	32			00415A30	wc2-insertion
src/hudmsg.c	00429120	00437FD3	00429DD0	004690FF	1	827	72				0043B258	ResetScannerContacts	21			00415A70	wc2-insertion
src/hudmsg.c	00429120	00437FD3	00429DD0	004690FF	1	827	73				0043B29D	clear_head_up_display	129			00415A90	wc2-insertion
src/hudmsg.c	00429120	00437FD3	00429DD0	004690FF	1	827	74				0043B4CF	set_objective_range	57			00415B70	wc2-insertion
src/hudmsg.c	00429120	00437FD3	00429DD0	004690FF	1	827	75				0043B570	FUN_0043B570	50				wc2-insertion
src/hudmsg.c	00429120	00437FD3	00429DD0	004690FF	1	827	76				0043B61F	get_color	95			00415C00	wc2-insertion
src/hudmsg.c	00429120	00437FD3	00429DD0	004690FF	1	827	77				0043B7C0	draw_3d_scanner	414			00415CE0	wc2-insertion
src/hudmsg.c	00429120	00437FD3	00429DD0	004690FF	1	827	78				0043BE1B	start_lock	18			00415FC0	wc2-insertion
src/hudmsg.c	00429120	00437FD3	00429DD0	004690FF	1	827	79				0043BE55	starting_lock	21			00415FF0	wc2-insertion
src/hudmsg.c	00429120	00437FD3	00429DD0	004690FF	1	827	80				0043BE8D	lock_off	29			00416010	wc2-insertion
src/hudmsg.c	00429120	00437FD3	00429DD0	004690FF	1	827	81				0043BEFF	CheckTargetLockMalfunction	35			00416040	wc2-insertion
src/hudmsg.c	00429120	00437FD3	00429DD0	004690FF	1	827	82				0043BF67	decrement_lock_time	60			00416090	wc2-insertion
src/hudmsg.c	00429120	00437FD3	00429DD0	004690FF	1	827	83				0043C048	target_locking	169			00416120	wc2-insertion
src/hudmsg.c	00429120	00437FD3	00429DD0	004690FF	1	827	84				0043C30D	SetRectBounds	22			00416220	wc2-insertion
src/hudmsg.c	00429120	00437FD3	00429DD0	004690FF	1	827	85				0043C344	GetRectHeight	16			00416250	wc2-insertion
src/hudmsg.c	00429120	00437FD3	00429DD0	004690FF	1	827	86				0043C364	print_message_text	153			00416260	wc2-insertion
src/hudmsg.c	00429120	00437FD3	00429DD0	004690FF	1	827	87				0043C570	ShowHudTextLine	24			00416460	wc2-insertion
src/hudmsg.c	00429120	00437FD3	00429DD0	004690FF	1	827	88				0043C5B0	RestoreHudMessageBackground	27				wc2-insertion
src/hudmsg.c	00429120	00437FD3	00429DD0	004690FF	1	827	89				0043C601	SetHudTextColour	25			00416480	wc2-insertion
src/hudmsg.c	00429120	00437FD3	00429DD0	004690FF	1	827	90				0043C64D	ClearHudMessageDisplay	37				wc2-insertion
src/hudmsg.c	00429120	00437FD3	00429DD0	004690FF	1	827	91				0043C6D8	draw_target_box	368			004164B0	wc2-insertion
src/hudmsg.c	00429120	00437FD3	00429DD0	004690FF	1	827	92				0043CBD3	remove_nav_pointer	17			004168A0	wc2-insertion
src/hudmsg.c	00429120	00437FD3	00429DD0	004690FF	1	827	93				0043CBFD	draw_nav_pointer	160			004168C0	wc2-insertion
src/hudmsg.c	00429120	00437FD3	00429DD0	004690FF	1	827	94				0043CE8F	sort_viable_target_list	52			0041E860	wc2-insertion
src/hudmsg.c	00429120	00437FD3	00429DD0	004690FF	1	827	95				0043CF5A	FUN_0043CF5A	258				wc2-insertion
src/hudmsg.c	00429120	00437FD3	00429DD0	004690FF	1	827	96				0043D323	FUN_0043D323	30				wc2-insertion
src/hudmsg.c	00429120	00437FD3	00429DD0	004690FF	1	827	97				0043D386	overlay_head_up_display	269			00416AC0	wc2-insertion
src/hudmsg.c	00429120	00437FD3	00429DD0	004690FF	1	827	98				0043D7F2	RestoreCockpitExplosionIfVisible	17			00416C90	wc2-insertion
src/hudmsg.c	00429120	00437FD3	00429DD0	004690FF	1	827	99				0043D81F	RestoreTransientCockpitGraphics	86			00416CB0	wc2-insertion
src/hudmsg.c	00429120	00437FD3	00429DD0	004690FF	1	827	100				0043D956	SetHudMessageText	28			00416DE0	wc2-insertion
src/hudmsg.c	00429120	00437FD3	00429DD0	004690FF	1	827	101				0043D9AB	FUN_0043D9AB	20				wc2-insertion
src/hudmsg.c	00429120	00437FD3	00429DD0	004690FF	1	827	102				0043D9DA	malf_noise	46			00416E20	wc2-insertion
src/hudmsg.c	00429120	00437FD3	00429DD0	004690FF	1	827	103				0043DA68	build_your_target_list	164			00416E90	wc2-insertion
src/hudmsg.c	00429120	00437FD3	00429DD0	004690FF	1	827	104				0043DD1B	cycle_onscreen_targets	56			00416F30	wc2-insertion
src/hudmsg.c	00429120	00437FD3	00429DD0	004690FF	1	827	105				0043DDFC	check_target	162			00416FD0	wc2-insertion
src/hudmsg.c	00429120	00437FD3	00429DD0	004690FF	1	827	106				0043E101	FUN_0043E101	52				wc2-insertion
src/hudmsg.c	00429120	00437FD3	00429DD0	004690FF	1	827	107				0043E1B2	update_missile_warning	60			00417190	wc2-insertion
src/hudmsg.c	00429120	00437FD3	00429DD0	004690FF	1	827	108				0043E297	determine_pilot_hand	67			004171D0	wc2-insertion
src/hudmsg.c	00429120	00437FD3	00429DD0	004690FF	1	827	109				0043E371	DrawPilotHandFrame	56			00417260	wc2-insertion
src/hudmsg.c	00429120	00437FD3	00429DD0	004690FF	1	827	110				0043E43A	animate_pilot	18			004173C0	wc2-insertion
src/hudmsg.c	00429120	00437FD3	00429DD0	004690FF	1	827	111				0043E472	ResetPilotHandAnimation	18			004173F0	wc2-insertion
src/hudmsg.c	00429120	00437FD3	00429DD0	004690FF	1	827	112				0043E4A8	send_message	69			00417420	wc2-insertion
src/hudmsg.c	00429120	00437FD3	00429DD0	004690FF	1	827	113				0043E5DA	npc_communication	153			004174F0	wc2-insertion
src/hudmsg.c	00429120	00437FD3	00429DD0	004690FF	1	827	114				0043E870	clear_cockpit_damage	22			00417610	wc2-insertion
src/hudmsg.c	00429120	00437FD3	00429DD0	004690FF	1	827	115				0043E8B2	explosion_draw	77			00417630	wc2-insertion
src/hudmsg.c	00429120	00437FD3	00429DD0	004690FF	1	827	116				0043E9E2	DrawPendingCockpitDamage	63			004176C0	wc2-insertion
src/hudmsg.c	00429120	00437FD3	00429DD0	004690FF	1	827	117				0043EAE3	RestoreCockpitExplosionBackground	31			00417760	wc2-insertion
src/hudmsg.c	00429120	00437FD3	00429DD0	004690FF	1	827	118				0043EB46	cockpit_explosion	69			004177B0	wc2-insertion
src/hudmsg.c	00429120	00437FD3	00429DD0	004690FF	1	827	119				0043EC50	place_damage_on_cockpit	34			004178A0	wc2-insertion
src/hudmsg.c	00429120	00437FD3	00429DD0	004690FF	1	827	120				0043ECD9	vid_transmit	210			00417910	wc2-insertion
src/hudmsg.c	00429120	00437FD3	00429DD0	004690FF	1	827	121				0043F042	vid_equiv	30			00417AC0	wc2-insertion
src/hudmsg.c	00429120	00437FD3	00429DD0	004690FF	1	827	122				0043F09D	update_dead_disp	19			00417B10	wc2-insertion
src/hudmsg.c	00429120	00437FD3	00429DD0	004690FF	1	827	123				0043F0C3	check_stranded	24			00417B30	wc2-insertion
src/hudmsg.c	00429120	00437FD3	00429DD0	004690FF	1	827	124				0043F110	CopyTrainSimPilotViewToVdus	117			00417320	wc2-insertion
src/hudmsg.c	00429120	00437FD3	00429DD0	004690FF	1	827	125				0043F2F5	update_VDUs	212			00417B70	wc2-insertion
src/hudmsg.c	00429120	00437FD3	00429DD0	004690FF	1	827	126				0043F6C9	update_cockpit	77			00417E70	wc2-insertion
src/hudmsg.c	00429120	00437FD3	00429DD0	004690FF	1	827	127				0043F81B	IsCockpitWeaponShapeLoaded	17				wc2-insertion
src/hudmsg.c	00429120	00437FD3	00429DD0	004690FF	1	827	128				0043F849	PlayCockpitSelectionSfx	15			00417F00	wc2-insertion
src/hudmsg.c	00429120	00437FD3	00429DD0	004690FF	1	827	129				0043F862	vdu_pop_all	36			00417F10	wc2-insertion
src/hudmsg.c	00429120	00437FD3	00429DD0	004690FF	1	827	130				0043F8CD	SelectCockpitVduMode	116			00417F60	wc2-insertion
src/hudmsg.c	00429120	00437FD3	00429DD0	004690FF	1	827	131				0043FAC0	show_target_disp	292			0042DB90	wc2-insertion
src/hudmsg.c	00429120	00437FD3	00429DD0	004690FF	1	827	132				0043FF40	DrawTargetRangeReadout	144			0042DEA0	wc2-insertion
src/hudmsg.c	00429120	00437FD3	00429DD0	004690FF	1	827	133				004401C0	LoadMissionData	238			004059B0	wc2-insertion
src/hudmsg.c	00429120	00437FD3	00429DD0	004690FF	1	827	134				00440490	HandleUnsupportedManeuver	24				wc2-insertion
src/hudmsg.c	00429120	00437FD3	00429DD0	004690FF	1	827	135				004404CC	FUN_004404CC	34				wc2-insertion
src/hudmsg.c	00429120	00437FD3	00429DD0	004690FF	1	827	136				00440549	ResetShipWeaponFireState	14				wc2-insertion
src/hudmsg.c	00429120	00437FD3	00429DD0	004690FF	1	827	137				00440571	chase_speed	46			00434C70	wc2-insertion
src/hudmsg.c	00429120	00437FD3	00429DD0	004690FF	1	827	138				00440606	SetShipAiScratchWord	12			004060A0	wc2-insertion
src/hudmsg.c	00429120	00437FD3	00429DD0	004690FF	1	827	139				0044061B	maneuver_complete	20			004060B0	wc2-insertion
src/hudmsg.c	00429120	00437FD3	00429DD0	004690FF	1	827	140				00440642	Mline_up_drop	39			004060D0	wc2-insertion
src/hudmsg.c	00429120	00437FD3	00429DD0	004690FF	1	827	141				004406BA	Mwabble	69			00406130	wc2-insertion
src/hudmsg.c	00429120	00437FD3	00429DD0	004690FF	1	827	142				004407B0	advance	16			004061E0	wc2-insertion
src/hudmsg.c	00429120	00437FD3	00429DD0	004690FF	1	827	143				004407DA	ShipAiState35	17			00406200	wc2-insertion
src/hudmsg.c	00429120	00437FD3	00429DD0	004690FF	1	827	144				004407F7	Mfull_ahead	17			00406310	wc2-insertion
src/hudmsg.c	00429120	00437FD3	00429DD0	004690FF	1	827	145				00440814	Mchill	17			00406350	wc2-insertion
src/hudmsg.c	00429120	00437FD3	00429DD0	004690FF	1	827	146				00440831	Mdrop_a_mine	17			004063B0	wc2-insertion
src/hudmsg.c	00429120	00437FD3	00429DD0	004690FF	1	827	147				0044084E	Mthink	17			00406400	wc2-insertion
src/hudmsg.c	00429120	00437FD3	00429DD0	004690FF	1	827	148				0044086B	Mtight_loop	71			00406440	wc2-insertion
src/hudmsg.c	00429120	00437FD3	00429DD0	004690FF	1	827	149				00440967	Mhard_break	72			004064F0	wc2-insertion
src/hudmsg.c	00429120	00437FD3	00429DD0	004690FF	1	827	150				00440A93	Msit_n_spin	163			004065A0	wc2-insertion
src/hudmsg.c	00429120	00437FD3	00429DD0	004690FF	1	827	151				00440D0B	Mturn_n_spin	83			004067A0	wc2-insertion
src/hudmsg.c	00429120	00437FD3	00429DD0	004690FF	1	827	152				00440E46	Mburnout	58			00406860	wc2-insertion
src/hudmsg.c	00429120	00437FD3	00429DD0	004690FF	1	827	153				00440F01	Mkickit	37			004068D0	wc2-insertion
src/hudmsg.c	00429120	00437FD3	00429DD0	004690FF	1	827	154				00440F76	Mturn_n_kick	91			00406910	wc2-insertion
src/hudmsg.c	00429120	00437FD3	00429DD0	004690FF	1	827	155				004410C0	Mroll_over	41			00406990	wc2-insertion
src/hudmsg.c	00429120	00437FD3	00429DD0	004690FF	1	827	156				00441146	Mhard_turn	48			004069F0	wc2-insertion
src/hudmsg.c	00429120	00437FD3	00429DD0	004690FF	1	827	157				004411E1	Mfish_hook	110			00406A50	wc2-insertion
src/hudmsg.c	00429120	00437FD3	00429DD0	004690FF	1	827	158				00441379	Mtry2tail	73			00406B60	wc2-insertion
src/hudmsg.c	00429120	00437FD3	00429DD0	004690FF	1	827	159				0044145A	Msplit_left	57			00406BD0	wc2-insertion
src/hudmsg.c	00429120	00437FD3	00429DD0	004690FF	1	827	160				0044151B	Msplit_right	57			00406C20	wc2-insertion
src/hudmsg.c	00429120	00437FD3	00429DD0	004690FF	1	827	161				004415DC	Mgloat	66			00406C70	wc2-insertion
src/hudmsg.c	00429120	00437FD3	00429DD0	004690FF	1	827	162				004416D5	Mtail_fire	40			00406D20	wc2-insertion
src/hudmsg.c	00429120	00437FD3	00429DD0	004690FF	1	827	163				00441742	Mzip_past	76			00406D80	wc2-insertion
src/hudmsg.c	00429120	00437FD3	00429DD0	004690FF	1	827	164				00441837	FUN_00441837	32				wc2-insertion
src/hudmsg.c	00429120	00437FD3	00429DD0	004690FF	1	827	165				00441895	FUN_00441895	17				wc2-insertion
src/hudmsg.c	00429120	00437FD3	00429DD0	004690FF	1	827	166				004418B2	FUN_004418B2	68				wc2-insertion
src/hudmsg.c	00429120	00437FD3	00429DD0	004690FF	1	827	167				0044199B	Mram_missile	41			00406EC0	wc2-insertion
src/hudmsg.c	00429120	00437FD3	00429DD0	004690FF	1	827	168				00441A13	Mbuzz_debris	70			00406F20	wc2-insertion
src/hudmsg.c	00429120	00437FD3	00429DD0	004690FF	1	827	169				00441AFC	Mstrafe_enemy	58			00406FB0	wc2-insertion
src/hudmsg.c	00429120	00437FD3	00429DD0	004690FF	1	827	170				00441BC1	Mbest_strafe	26			00407030	wc2-insertion
src/hudmsg.c	00429120	00437FD3	00429DD0	004690FF	1	827	171				00441C01	Mtarget_missile	76			00406E10	wc2-insertion
src/hudmsg.c	00429120	00437FD3	00429DD0	004690FF	1	827	172				00441D00	Msit_n_fire	41			00407060	wc2-insertion
src/hudmsg.c	00429120	00437FD3	00429DD0	004690FF	1	827	173				00441D71	Mstrafe_n_roll	23			004070D0	wc2-insertion
src/hudmsg.c	00429120	00437FD3	00429DD0	004690FF	1	827	174				00441DB3	Mkill_missile	74			00407100	wc2-insertion
src/hudmsg.c	00429120	00437FD3	00429DD0	004690FF	1	827	175				00441E9C	Msuicide_run	21			004071B0	wc2-insertion
src/hudmsg.c	00429120	00437FD3	00429DD0	004690FF	1	827	176				00441EC8	Mget_distance	60			004071E0	wc2-insertion
src/hudmsg.c	00429120	00437FD3	00429DD0	004690FF	1	827	177				00441F86	general_zig	93			00407270	wc2-insertion
src/hudmsg.c	00429120	00437FD3	00429DD0	004690FF	1	827	178				0044210C	Mzig_zag	17			00407350	wc2-insertion
src/hudmsg.c	00429120	00437FD3	00429DD0	004690FF	1	827	179				00442129	Mzig_zag_pitch	17			00407370	wc2-insertion
src/hudmsg.c	00429120	00437FD3	00429DD0	004690FF	1	827	180				00442146	Mcorkscrew	67			00407390	wc2-insertion
src/hudmsg.c	00429120	00437FD3	00429DD0	004690FF	1	827	181				00442252	Mveer_away	117			00407450	wc2-insertion
src/hudmsg.c	00429120	00437FD3	00429DD0	004690FF	1	827	182				004423E2	ShipAiState44	16			00407560	wc2-insertion
src/hudmsg.c	00429120	00437FD3	00429DD0	004690FF	1	827	183				00442404	Mtarget_laser	17			00407580	wc2-insertion
src/hudmsg.c	00429120	00437FD3	00429DD0	004690FF	1	827	184				00442421	Mrout_me	14			004075A0	wc2-insertion
src/hudmsg.c	00429120	00437FD3	00429DD0	004690FF	1	827	185				00442438	FUN_00442438	17				wc2-insertion
src/hudmsg.c	00429120	00437FD3	00429DD0	004690FF	1	827	186				00442455	FUN_00442455	40				wc2-insertion
src/hudmsg.c	00429120	00437FD3	00429DD0	004690FF	1	827	187				004424C2	Mnone	10			004075B0	wc2-insertion
src/hudmsg.c	00429120	00437FD3	00429DD0	004690FF	1	827	188				004424CD	Mreset	14			004075C0	wc2-insertion
src/hudmsg.c	00429120	00437FD3	00429DD0	004690FF	1	827	189				004424E4	perform_maneuver	164			004075D0	wc2-insertion
src/hudmsg.c	00429120	00437FD3	00429DD0	004690FF	1	827	190				00442770	cruise_home	155			00409760	wc2-insertion
src/hudmsg.c	00429120	00437FD3	00429DD0	004690FF	1	827	191				004429A7	FUN_004429A7	15				wc2-insertion
src/hudmsg.c	00429120	00437FD3	00429DD0	004690FF	1	827	192				004429C0	FUN_004429C0	124				wc2-insertion
src/hudmsg.c	00429120	00437FD3	00429DD0	004690FF	1	827	193				00442B78	run_away	99			004099C0	wc2-insertion
src/hudmsg.c	00429120	00437FD3	00429DD0	004690FF	1	827	194				00442CC3	check_engage_target	45			00409AC0	wc2-insertion
src/hudmsg.c	00429120	00437FD3	00429DD0	004690FF	1	827	195				00442D58	check_destroy_target	113			00409B10	wc2-insertion
src/hudmsg.c	00429120	00437FD3	00429DD0	004690FF	1	827	196				00442EFC	maneuvering	21			00409C20	wc2-insertion
src/hudmsg.c	00429120	00437FD3	00429DD0	004690FF	1	827	197				00442F2D	formation_burst	57			00409C50	wc2-insertion
src/hudmsg.c	00429120	00437FD3	00429DD0	004690FF	1	827	198				00442FE9	disallow_engage	11			00409CE0	wc2-insertion
src/hudmsg.c	00429120	00437FD3	00429DD0	004690FF	1	827	199				00442FFD	allow_engage	12			00409CF0	wc2-insertion
src/hudmsg.c	00429120	00437FD3	00429DD0	004690FF	1	827	200				0044301A	try2allow_engage	33			00409D10	wc2-insertion
src/hudmsg.c	00429120	00437FD3	00429DD0	004690FF	1	827	201				00443095	imperial_formation	157			00409D60	wc2-insertion
src/hudmsg.c	00429120	00437FD3	00429DD0	004690FF	1	827	202				004432EB	formation_break	52			00409F00	wc2-insertion
src/hudmsg.c	00429120	00437FD3	00429DD0	004690FF	1	827	203				004433B1	imperial_wingman	64			00409F80	wc2-insertion
src/hudmsg.c	00429120	00437FD3	00429DD0	004690FF	1	827	204				00443499	kilrathi_wingman	103			0040A030	wc2-insertion
src/hudmsg.c	00429120	00437FD3	00429DD0	004690FF	1	827	205				00443631	wingman_mission	23			0040A130	wc2-insertion
src/hudmsg.c	00429120	00437FD3	00429DD0	004690FF	1	827	206				0044366D	dist_from_home	19			0040A160	wc2-insertion
src/hudmsg.c	00429120	00437FD3	00429DD0	004690FF	1	827	207				00443698	scan_and_lock	32			0040A180	wc2-insertion
src/hudmsg.c	00429120	00437FD3	00429DD0	004690FF	1	827	208				00443707	patrol_area	158			0040A1C0	wc2-insertion
src/hudmsg.c	00429120	00437FD3	00429DD0	004690FF	1	827	209				00443930	kilrathi_patrol	53			0040A360	wc2-insertion
src/hudmsg.c	00429120	00437FD3	00429DD0	004690FF	1	827	210				00443A08	cruise_to_destination	159			0040A410	wc2-insertion
src/hudmsg.c	00429120	00437FD3	00429DD0	004690FF	1	827	211				00443C45	prepare_for_jump	81			0040A540	wc2-insertion
src/hudmsg.c	00429120	00437FD3	00429DD0	004690FF	1	827	212				00443D6E	accelerate_and_jump	27			0040A630	wc2-insertion
src/hudmsg.c	00429120	00437FD3	00429DD0	004690FF	1	827	213				00443DBD	reach_warp	57			0040A670	wc2-insertion
src/hudmsg.c	00429120	00437FD3	00429DD0	004690FF	1	827	214				00443E8C	FUN_00443E8C	26				wc2-insertion
src/hudmsg.c	00429120	00437FD3	00429DD0	004690FF	1	827	215				00443EE9	warp_arrival	24			0040A710	wc2-insertion
src/hudmsg.c	00429120	00437FD3	00429DD0	004690FF	1	827	216				00443F28	return_to_buddy	47			0040A740	wc2-insertion
src/hudmsg.c	00429120	00437FD3	00429DD0	004690FF	1	827	217				00443FA2	escort_buddy	29			0040A7A0	wc2-insertion
src/hudmsg.c	00429120	00437FD3	00429DD0	004690FF	1	827	218				00443FE4	escort_mission	121			0040A7D0	wc2-insertion
src/hudmsg.c	00429120	00437FD3	00429DD0	004690FF	1	827	219				00444199	check_goal	29			0040A900	wc2-insertion
src/hudmsg.c	00429120	00437FD3	00429DD0	004690FF	1	827	220				004441E5	streak_toward	59			0040A940	wc2-insertion
src/hudmsg.c	00429120	00437FD3	00429DD0	004690FF	1	827	221				00444291	approach_and_engage	116			0040A9B0	wc2-insertion
src/hudmsg.c	00429120	00437FD3	00429DD0	004690FF	1	827	222				00444420	strike_mission	172			0040AAC0	wc2-insertion
src/hudmsg.c	00429120	00437FD3	00429DD0	004690FF	1	827	223				004446C9	return_to_master	40			0040ABB0	wc2-insertion
src/hudmsg.c	00429120	00437FD3	00429DD0	004690FF	1	827	224				0044472C	defend_mission	155			0040AC00	wc2-insertion
src/hudmsg.c	00429120	00437FD3	00429DD0	004690FF	1	827	225				00444966	rendezvous_mission	116			0040AD80	wc2-insertion
src/hudmsg.c	00429120	00437FD3	00429DD0	004690FF	1	827	226				00444ADC	ship_intelligence	108			0040AE80	wc2-insertion
src/hudmsg.c	00429120	00437FD3	00429DD0	004690FF	1	827	227				00444C80	orbit_sphere	73			0040AF70	wc2-insertion
src/hudmsg.c	00429120	00437FD3	00429DD0	004690FF	1	827	228				00444D5C	tanker_intelligence	76			0040B010	wc2-insertion
src/hudmsg.c	00429120	00437FD3	00429DD0	004690FF	1	827	229				00444E51	destroyer_intelligence	32			0040B0C0	wc2-insertion
src/hudmsg.c	00429120	00437FD3	00429DD0	004690FF	1	827	230				00444EA7	stationary_intelligence	42			0040B110	wc2-insertion
src/hudmsg.c	00429120	00437FD3	00429DD0	004690FF	1	827	231				00444F53	FUN_00444F53	92				wc2-insertion
src/hudmsg.c	00429120	00437FD3	00429DD0	004690FF	1	827	232				00445087	FUN_00445087	723				wc2-insertion
src/hudmsg.c	00429120	00437FD3	00429DD0	004690FF	1	827	233				00445AAC	capital_ship_intelligence	184			0040B140	wc2-insertion
src/hudmsg.c	00429120	00437FD3	00429DD0	004690FF	1	827	234				00445D9A	futurion_intelligence	46			0040B320	wc2-insertion
src/hudmsg.c	00429120	00437FD3	00429DD0	004690FF	1	827	235				00445E68	heat_seeking_missile_intelligence	169			0040B430	wc2-insertion
src/hudmsg.c	00429120	00437FD3	00429DD0	004690FF	1	827	236				00446133	FF_missile_intelligence	143			0040B570	wc2-insertion
src/hudmsg.c	00429120	00437FD3	00429DD0	004690FF	1	827	237				00446395	FUN_00446395	59				wc2-insertion
src/hudmsg.c	00429120	00437FD3	00429DD0	004690FF	1	827	238				00446474	mine_intelligence	62			0040B3A0	wc2-insertion
src/hudmsg.c	00429120	00437FD3	00429DD0	004690FF	1	827	239				00446560	FUN_00446560	12				wc2-insertion
src/hudmsg.c	00429120	00437FD3	00429DD0	004690FF	1	827	240				00446580	FUN_00446580	17				wc2-insertion
src/hudmsg.c	00429120	00437FD3	00429DD0	004690FF	1	827	241				004465A0	PacketLoad	98			0042B050	wc2-insertion
src/hudmsg.c	00429120	00437FD3	00429DD0	004690FF	1	827	242				00446710	DrawPodiumShot	67			00439070	wc2-insertion
src/hudmsg.c	00429120	00437FD3	00429DD0	004690FF	1	827	243				00446823	FUN_00446823	61				wc2-insertion
src/hudmsg.c	00429120	00437FD3	00429DD0	004690FF	1	827	244				00446910	DosStrcat	25			0041C740	wc2-insertion
src/hudmsg.c	00429120	00437FD3	00429DD0	004690FF	1	827	245				00446950	FUN_00446950	11				wc2-insertion
src/hudmsg.c	00429120	00437FD3	00429DD0	004690FF	1	827	246				00446960	FUN_00446960	18				wc2-insertion
src/hudmsg.c	00429120	00437FD3	00429DD0	004690FF	1	827	247				0044698F	FUN_0044698F	42				wc2-insertion
src/hudmsg.c	00429120	00437FD3	00429DD0	004690FF	1	827	248				00446A1D	FUN_00446A1D	82				wc2-insertion
src/hudmsg.c	00429120	00437FD3	00429DD0	004690FF	1	827	249				00446B6A	FUN_00446B6A	94				wc2-insertion
src/hudmsg.c	00429120	00437FD3	00429DD0	004690FF	1	827	250				00446CC2	FUN_00446CC2	29				wc2-insertion
src/hudmsg.c	00429120	00437FD3	00429DD0	004690FF	1	827	251				00446D0D	FUN_00446D0D	30				wc2-insertion
src/hudmsg.c	00429120	00437FD3	00429DD0	004690FF	1	827	252				00446D55	FUN_00446D55	86				wc2-insertion
src/hudmsg.c	00429120	00437FD3	00429DD0	004690FF	1	827	253				00446E9D	FUN_00446E9D	38				wc2-insertion
src/hudmsg.c	00429120	00437FD3	00429DD0	004690FF	1	827	254				00446F14	FUN_00446F14	57				wc2-insertion
src/hudmsg.c	00429120	00437FD3	00429DD0	004690FF	1	827	255				00446FC8	FUN_00446FC8	95				wc2-insertion
src/hudmsg.c	00429120	00437FD3	00429DD0	004690FF	1	827	256				00447170	GetShapeFrameExtent	26			00407710	wc2-insertion
src/hudmsg.c	00429120	00437FD3	00429DD0	004690FF	1	827	257				004471B0	free_viewport	76			0040F940	wc2-insertion
src/hudmsg.c	00429120	00437FD3	00429DD0	004690FF	1	827	258				00447300	LoadCommPortraitResources	33			00431520	wc2-insertion
src/hudmsg.c	00429120	00437FD3	00429DD0	004690FF	1	827	259				00447369	FUN_00447369	28				wc2-insertion
src/hudmsg.c	00429120	00437FD3	00429DD0	004690FF	1	827	260				004473D1	IsCommMenuIdle	17			00430CA0	wc2-insertion
src/hudmsg.c	00429120	00437FD3	00429DD0	004690FF	1	827	261				004473FC	AppendCommMenuChoice	30			00430CB0	wc2-insertion
src/hudmsg.c	00429120	00437FD3	00429DD0	004690FF	1	827	262				00447479	SendCommMenuChoice	27			00430D30	wc2-insertion
src/hudmsg.c	00429120	00437FD3	00429DD0	004690FF	1	827	263				004474CA	OpenCommMenuForTarget	19			00430D50	wc2-insertion
src/hudmsg.c	00429120	00437FD3	00429DD0	004690FF	1	827	264				004474F4	IsCommChoiceMenuOpen	20			00430D80	wc2-insertion
src/hudmsg.c	00429120	00437FD3	00429DD0	004690FF	1	827	265				00447526	OpenCommRecipientMenu	15			00430DC0	wc2-insertion
src/hudmsg.c	00429120	00437FD3	00429DD0	004690FF	1	827	266				00447544	CloseCommChoiceMenu	19			00430DE0	wc2-insertion
src/hudmsg.c	00429120	00437FD3	00429DD0	004690FF	1	827	267				0044756F	wingman_dead	17			00430E10	wc2-insertion
src/hudmsg.c	00429120	00437FD3	00429DD0	004690FF	1	827	268				0044759B	have_target	21			00430E30	wc2-insertion
src/hudmsg.c	00429120	00437FD3	00429DD0	004690FF	1	827	269				004475D3	CanOpenCommMenu	22			00430E50	wc2-insertion
src/hudmsg.c	00429120	00437FD3	00429DD0	004690FF	1	827	270				0044760F	SelectCommRecipient	13			00430E70	wc2-insertion
src/hudmsg.c	00429120	00437FD3	00429DD0	004690FF	1	827	271				00447629	BuildCommunicationRecipientMenu	144			00430E90	wc2-insertion
src/hudmsg.c	00429120	00437FD3	00429DD0	004690FF	1	827	272				00447890	BuildCommunicationCommandMenu	275			00430FC0	wc2-insertion
src/hudmsg.c	00429120	00437FD3	00429DD0	004690FF	1	827	273				00447D85	RefreshCommunicationMenu	28			00431200	wc2-insertion
src/hudmsg.c	00429120	00437FD3	00429DD0	004690FF	1	827	274				00447DE3	HandleCommunicationMenuRequest	32			00431240	wc2-insertion
src/hudmsg.c	00429120	00437FD3	00429DD0	004690FF	1	827	275				00447E47	show_communications_disp	51			00431290	wc2-insertion
src/hudmsg.c	00429120	00437FD3	00429DD0	004690FF	1	827	276				00447EF5	Chosen_communicate_option	68			00431350	wc2-insertion
src/hudmsg.c	00429120	00437FD3	00429DD0	004690FF	1	827	277				00448008	IssueQuickCommCommand	24			00431400	wc2-insertion
src/hudmsg.c	00429120	00437FD3	00429DD0	004690FF	1	827	278				0044804A	FreeCommDisplayResources	13			00431410	wc2-insertion
src/hudmsg.c	00429120	00437FD3	00429DD0	004690FF	1	827	279				00448070	EndCommSessionWithWingman	30			00431470	wc2-insertion
src/hudmsg.c	00429120	00437FD3	00429DD0	004690FF	1	827	280				004480C6	EndCommMenu	20			004314C0	wc2-insertion
src/hudmsg.c	00429120	00437FD3	00429DD0	004690FF	1	827	281				00448100	ShowCentredPrompt	22			004314F0	wc2-insertion
src/hudmsg.c	00429120	00437FD3	00429DD0	004690FF	1	827	282				00448136	ExpandCommMessageTokens	102			004315C0	wc2-insertion
src/hudmsg.c	00429120	00437FD3	00429DD0	004690FF	1	827	283				004482CA	real_vid_transmit	180			004316E0	wc2-insertion
src/hudmsg.c	00429120	00437FD3	00429DD0	004690FF	1	827	284				00448570	FUN_00448570	435				wc2-insertion
src/hudmsg.c	00429120	00437FD3	00429DD0	004690FF	1	827	285				00448D1A	SetViewportHorizontalBounds	16				wc2-insertion
src/hudmsg.c	00429120	00437FD3	00429DD0	004690FF	1	827	286				00448D39	SetViewportVerticalBounds	16				wc2-insertion
src/hudmsg.c	00429120	00437FD3	00429DD0	004690FF	1	827	287				00448D58	FUN_00448D58	1107				wc2-insertion
src/hudmsg.c	00429120	00437FD3	00429DD0	004690FF	1	827	288				00449FAE	FUN_00449FAE	34				wc2-insertion
src/hudmsg.c	00429120	00437FD3	00429DD0	004690FF	1	827	289				0044A009	FUN_0044A009	22				wc2-insertion
src/hudmsg.c	00429120	00437FD3	00429DD0	004690FF	1	827	290				0044A03C	FUN_0044A03C	539				wc2-insertion
src/hudmsg.c	00429120	00437FD3	00429DD0	004690FF	1	827	291				0044A910	FUN_0044A910	129				wc2-insertion
src/hudmsg.c	00429120	00437FD3	00429DD0	004690FF	1	827	292				0044AAE5	FUN_0044AAE5	263				wc2-insertion
src/hudmsg.c	00429120	00437FD3	00429DD0	004690FF	1	827	293				0044ADE0	SetFleetOverviewView	292			00410740	wc2-insertion
src/hudmsg.c	00429120	00437FD3	00429DD0	004690FF	1	827	294				0044B200	set_sphere_point	26			0040B670	wc2-insertion
src/hudmsg.c	00429120	00437FD3	00429DD0	004690FF	1	827	295				0044B239	is_alive	14			0040B6A0	wc2-insertion
src/hudmsg.c	00429120	00437FD3	00429DD0	004690FF	1	827	296				0044B257	check_futurion	20			0040B700	wc2-insertion
src/hudmsg.c	00429120	00437FD3	00429DD0	004690FF	1	827	297				0044B29D	FUN_0044B29D	22				wc2-insertion
src/hudmsg.c	00429120	00437FD3	00429DD0	004690FF	1	827	298				0044B2E2	init_mission	86			0040B730	wc2-insertion
src/hudmsg.c	00429120	00437FD3	00429DD0	004690FF	1	827	299				0044B48F	FUN_0044B48F	207				wc2-insertion
src/hudmsg.c	00429120	00437FD3	00429DD0	004690FF	1	827	300				0044B83C	FUN_0044B83C	99				wc2-insertion
src/hudmsg.c	00429120	00437FD3	00429DD0	004690FF	1	827	301				0044B981	FUN_0044B981	61				wc2-insertion
src/hudmsg.c	00429120	00437FD3	00429DD0	004690FF	1	827	302				0044BA73	prepare_mission	154			0040B7A0	wc2-insertion
src/hudmsg.c	00429120	00437FD3	00429DD0	004690FF	1	827	303				0044BCF7	release_all_capital_ship_shapes	37			0040B940	wc2-insertion
src/hudmsg.c	00429120	00437FD3	00429DD0	004690FF	1	827	304				0044BD83	release_capital_ship_shapes	64			0040B990	wc2-insertion
src/hudmsg.c	00429120	00437FD3	00429DD0	004690FF	1	827	305				0044BE84	FUN_0044BE84	30				wc2-insertion
src/hudmsg.c	00429120	00437FD3	00429DD0	004690FF	1	827	306				0044BEE5	load_ship	553			0040B9F0	wc2-insertion
src/hudmsg.c	00429120	00437FD3	00429DD0	004690FF	1	827	307				0044C796	free_ship	302			0040BC70	wc2-insertion
src/hudmsg.c	00429120	00437FD3	00429DD0	004690FF	1	827	308				0044CC84	free_all_slots	30			0040BE20	wc2-insertion
src/hudmsg.c	00429120	00437FD3	00429DD0	004690FF	1	827	309				0044CCE1	load_all_slots	63			0040BE60	wc2-insertion
src/hudmsg.c	00429120	00437FD3	00429DD0	004690FF	1	827	310				0044CDCF	remove_nav_point_objects	22			0040BEA0	wc2-insertion
src/hudmsg.c	00429120	00437FD3	00429DD0	004690FF	1	827	311				0044CE0A	get_shape_slot	29			0040BEC0	wc2-insertion
src/hudmsg.c	00429120	00437FD3	00429DD0	004690FF	1	827	312				0044CE68	shape_loaded	30			0040BEF0	wc2-insertion
src/hudmsg.c	00429120	00437FD3	00429DD0	004690FF	1	827	313				0044CEC8	shape_needed	31			0040BF20	wc2-insertion
src/hudmsg.c	00429120	00437FD3	00429DD0	004690FF	1	827	314				0044CF2D	new_sphere_shapes	115			0040BF50	wc2-insertion
src/hudmsg.c	00429120	00437FD3	00429DD0	004690FF	1	827	315				0044D0C7	FUN_0044D0C7	156				wc2-insertion
src/hudmsg.c	00429120	00437FD3	00429DD0	004690FF	1	827	316				0044D35D	set_up_action_sphere	229			0040BFF0	wc2-insertion
src/hudmsg.c	00429120	00437FD3	00429DD0	004690FF	1	827	317				0044D72E	room_for_me	67			0040C350	wc2-insertion
src/hudmsg.c	00429120	00437FD3	00429DD0	004690FF	1	827	318				0044D81F	place_ship_near_player_until_valid	36			0040C360	wc2-insertion
src/hudmsg.c	00429120	00437FD3	00429DD0	004690FF	1	827	319				0044D888	set_up_next_wave	90			0040C3C0	wc2-insertion
src/hudmsg.c	00429120	00437FD3	00429DD0	004690FF	1	827	320				0044D9E2	sub_int_vector	31			0040C4A0	wc2-insertion
src/hudmsg.c	00429120	00437FD3	00429DD0	004690FF	1	827	321				0044DA2F	set_formation_position	101			0040C4E0	wc2-insertion
src/hudmsg.c	00429120	00437FD3	00429DD0	004690FF	1	827	322				0044DB7E	Set_up_ship_info	270			0040C5E0	wc2-insertion
src/hudmsg.c	00429120	00437FD3	00429DD0	004690FF	1	827	323				0044E028	is_team_member	33			0040C740	wc2-insertion
src/hudmsg.c	00429120	00437FD3	00429DD0	004690FF	1	827	324				0044E09C	find_next_ship_turn_slot	55			0040C780	wc2-insertion
src/hudmsg.c	00429120	00437FD3	00429DD0	004690FF	1	827	325				0044E187	init_ship	209			0040C800	wc2-insertion
src/hudmsg.c	00429120	00437FD3	00429DD0	004690FF	1	827	326				0044E44F	init_intelligence_data	356			0040C950	wc2-insertion
src/hudmsg.c	00429120	00437FD3	00429DD0	004690FF	1	827	327				0044EA50	FUN_0044EA50	57				wc2-insertion
src/hudmsg.c	00429120	00437FD3	00429DD0	004690FF	1	827	328				0044EB4E	FUN_0044EB4E	37				wc2-insertion
src/hudmsg.c	00429120	00437FD3	00429DD0	004690FF	1	827	329				0044EBCA	ejection_sequence	272			004046A0	wc2-insertion
src/hudmsg.c	00429120	00437FD3	00429DD0	004690FF	1	827	330				0044F010	OpenPacketSection	135			0042D730	wc2-insertion
src/hudmsg.c	00429120	00437FD3	00429DD0	004690FF	1	827	331				0044F1C7	CloseDataFileByHandle	15			0042D870	wc2-insertion
src/hudmsg.c	00429120	00437FD3	00429DD0	004690FF	1	827	332				0044F1F0	SampleBothJoysticks	39			0040CAA0	wc2-insertion
src/hudmsg.c	00429120	00437FD3	00429DD0	004690FF	1	827	333				0044F247	FUN_0044F247	41				wc2-insertion
src/hudmsg.c	00429120	00437FD3	00429DD0	004690FF	1	827	334				0044F2B8	FUN_0044F2B8	12				wc2-insertion
src/hudmsg.c	00429120	00437FD3	00429DD0	004690FF	1	827	335				0044F2CD	FUN_0044F2CD	19				wc2-insertion
src/hudmsg.c	00429120	00437FD3	00429DD0	004690FF	1	827	336				0044F300	FUN_0044F300	11				wc2-insertion
src/hudmsg.c	00429120	00437FD3	00429DD0	004690FF	1	827	337				0044F310	FUN_0044F310	12				wc2-insertion
src/hudmsg.c	00429120	00437FD3	00429DD0	004690FF	1	827	338				0044F322	FUN_0044F322	11				wc2-insertion
src/hudmsg.c	00429120	00437FD3	00429DD0	004690FF	1	827	339				0044F332	SetAwakenBarracksMenuLabel	41			0041B110	wc2-insertion
src/hudmsg.c	00429120	00437FD3	00429DD0	004690FF	1	827	340				0044F3A4	FUN_0044F3A4	22				wc2-insertion
src/hudmsg.c	00429120	00437FD3	00429DD0	004690FF	1	827	341				0044F52E	FUN_0044F52E	35				wc2-insertion
src/hudmsg.c	00429120	00437FD3	00429DD0	004690FF	1	827	342				0044F581	FUN_0044F581	12				wc2-insertion
src/hudmsg.c	00429120	00437FD3	00429DD0	004690FF	1	827	343				0044F5B1	FUN_0044F5B1	11				wc2-insertion
src/hudmsg.c	00429120	00437FD3	00429DD0	004690FF	1	827	344				0044F5C5	FUN_0044F5C5	13				wc2-insertion
src/hudmsg.c	00429120	00437FD3	00429DD0	004690FF	1	827	345				0044F84F	FUN_0044F84F	132				wc2-insertion
src/hudmsg.c	00429120	00437FD3	00429DD0	004690FF	1	827	346				0044FA31	FUN_0044FA31	19				wc2-insertion
src/hudmsg.c	00429120	00437FD3	00429DD0	004690FF	1	827	347				0044FA70	DrawNavTextLine	36			0040CB60	wc2-insertion
src/hudmsg.c	00429120	00437FD3	00429DD0	004690FF	1	827	348				0044FADA	SetNavMapCoordinateScaling	12			0040CBB0	wc2-insertion
src/hudmsg.c	00429120	00437FD3	00429DD0	004690FF	1	827	349				0044FAEF	ScaleNavMapMarkerSize	20			0040CBC0	wc2-insertion
src/hudmsg.c	00429120	00437FD3	00429DD0	004690FF	1	827	350				0044FB19	ScaleNavMapCoordinates	29			0040CBE0	wc2-insertion
src/hudmsg.c	00429120	00437FD3	00429DD0	004690FF	1	827	351				0044FB68	nav_getxy	39			0040CC30	wc2-insertion
src/hudmsg.c	00429120	00437FD3	00429DD0	004690FF	1	827	352				0044FBC8	CheckPoint	38			0040CC80	wc2-insertion
src/hudmsg.c	00429120	00437FD3	00429DD0	004690FF	1	827	353				0044FC37	IncludeNavMapWorldPoint	27			0040CCF0	wc2-insertion
src/hudmsg.c	00429120	00437FD3	00429DD0	004690FF	1	827	354				0044FC6D	SetScale	158			0040CD30	wc2-insertion
src/hudmsg.c	00429120	00437FD3	00429DD0	004690FF	1	827	355				0044FE9F	Build_objective_list	167			0040CED0	wc2-insertion
src/hudmsg.c	00429120	00437FD3	00429DD0	004690FF	1	827	356				00450136	FUN_00450136	34				wc2-insertion
src/hudmsg.c	00429120	00437FD3	00429DD0	004690FF	1	827	357				004501B2	NavMapLabelFits	30			0040D0E0	wc2-insertion
src/hudmsg.c	00429120	00437FD3	00429DD0	004690FF	1	827	358				00450210	NavMapLabelPositionAvailable	81			0040D120	wc2-insertion
src/hudmsg.c	00429120	00437FD3	00429DD0	004690FF	1	827	359				00450329	ResetNavMapReservedAreas	11			0040D1D0	wc2-insertion
src/hudmsg.c	00429120	00437FD3	00429DD0	004690FF	1	827	360				0045033D	ReserveNavMapArea	27			0040D1E0	wc2-insertion
src/hudmsg.c	00429120	00437FD3	00429DD0	004690FF	1	827	361				004503A7	ResetNavMapLabels	11			0040D240	wc2-insertion
src/hudmsg.c	00429120	00437FD3	00429DD0	004690FF	1	827	362				004503BB	TryPlaceNavMapLabel	50			0040D250	wc2-insertion
src/hudmsg.c	00429120	00437FD3	00429DD0	004690FF	1	827	363				00450458	PlaceNavMapLabel	152			0040D2C0	wc2-insertion
src/hudmsg.c	00429120	00437FD3	00429DD0	004690FF	1	827	364				00450623	FUN_00450623	55				wc2-insertion
src/hudmsg.c	00429120	00437FD3	00429DD0	004690FF	1	827	365				004506F8	AddUniqueObjectiveNavLabel	73			0040D410	wc2-insertion
src/hudmsg.c	00429120	00437FD3	00429DD0	004690FF	1	827	366				004507DA	IsPointInNavMapLabel	46			0040D490	wc2-insertion
src/hudmsg.c	00429120	00437FD3	00429DD0	004690FF	1	827	367				0045087F	DrawNavMapLabels	38			0040D540	wc2-insertion
src/hudmsg.c	00429120	00437FD3	00429DD0	004690FF	1	827	368				00450900	DrawNavRectangleMarker	80			0040D5A0	wc2-insertion
src/hudmsg.c	00429120	00437FD3	00429DD0	004690FF	1	827	369				004509C9	DrawNavSquareOutline	32			0040D640	wc2-insertion
src/hudmsg.c	00429120	00437FD3	00429DD0	004690FF	1	827	370				00450A12	DrawNavSquareMarker	94			0040D680	wc2-insertion
src/hudmsg.c	00429120	00437FD3	00429DD0	004690FF	1	827	371				00450B03	DrawNavTriangleOutline	72			0040D740	wc2-insertion
src/hudmsg.c	00429120	00437FD3	00429DD0	004690FF	1	827	372				00450BBA	DrawNavTriangleMarker	46			0040D7D0	wc2-insertion
src/hudmsg.c	00429120	00437FD3	00429DD0	004690FF	1	827	373				00450C2A	DrawNavCrossMarker	78			0040D830	wc2-insertion
src/hudmsg.c	00429120	00437FD3	00429DD0	004690FF	1	827	374				00450CF8	FUN_00450CF8	66				wc2-insertion
src/hudmsg.c	00429120	00437FD3	00429DD0	004690FF	1	827	375				00450DF6	SetScreenClipRect	21			0040D8C0	wc2-insertion
src/hudmsg.c	00429120	00437FD3	00429DD0	004690FF	1	827	376				00450E1E	DrawNavHazardMarker	55			0040D8F0	wc2-insertion
src/hudmsg.c	00429120	00437FD3	00429DD0	004690FF	1	827	377				00450E98	DrawNavPlayerMarker	53			0040D980	wc2-insertion
src/hudmsg.c	00429120	00437FD3	00429DD0	004690FF	1	827	378				00450F1E	FUN_00450F1E	73				wc2-insertion
src/hudmsg.c	00429120	00437FD3	00429DD0	004690FF	1	827	379				00450FE2	BuildMap	391			0040DA00	wc2-insertion
src/hudmsg.c	00429120	00437FD3	00429DD0	004690FF	1	827	380				0045153A	UpdateInflightNavText	70			0040DDA0	wc2-insertion
src/hudmsg.c	00429120	00437FD3	00429DD0	004690FF	1	827	381				00451637	FormatNavCoordinates	24			0040DE70	wc2-insertion
src/hudmsg.c	00429120	00437FD3	00429DD0	004690FF	1	827	382				00451673	DrawSelectedNavLegendEntry	27			0040DEA0	wc2-insertion
src/hudmsg.c	00429120	00437FD3	00429DD0	004690FF	1	827	383				004516C0	DrawNavMapLegend	48			0040DEE0	wc2-insertion
src/hudmsg.c	00429120	00437FD3	00429DD0	004690FF	1	827	384				00451756	nav_note	55			0040DF50	wc2-insertion
src/hudmsg.c	00429120	00437FD3	00429DD0	004690FF	1	827	385				0045180F	DrawNavLocationReadout	188			0040DF70	wc2-insertion
src/hudmsg.c	00429120	00437FD3	00429DD0	004690FF	1	827	386				00451AD3	BriefingMap_LoadShapes	47			0040E190	wc2-insertion
src/hudmsg.c	00429120	00437FD3	00429DD0	004690FF	1	827	387				00451B70	BriefingMap_DisplayMap	61			0040E210	wc2-insertion
src/hudmsg.c	00429120	00437FD3	00429DD0	004690FF	1	827	388				00451C5C	SelectNavObjectiveAtPoint	107			0040E2B0	wc2-insertion
src/hudmsg.c	00429120	00437FD3	00429DD0	004690FF	1	827	389				00451DDB	CentreMouseOnCurrentNavObjective	41			0040E3C0	wc2-insertion
src/hudmsg.c	00429120	00437FD3	00429DD0	004690FF	1	827	390				00451E57	ShowConfedNavScan	36			0040E430	wc2-insertion
src/hudmsg.c	00429120	00437FD3	00429DD0	004690FF	1	827	391				00451EC9	FUN_00451EC9	55				wc2-insertion
src/hudmsg.c	00429120	00437FD3	00429DD0	004690FF	1	827	392				00451FAA	InflightComputer	303			0040E480	wc2-insertion
src/hudmsg.c	00429120	00437FD3	00429DD0	004690FF	1	827	393				00452450	FUN_00452450	325				wc2-insertion
src/hudmsg.c	00429120	00437FD3	00429DD0	004690FF	1	827	394				00452930	FUN_00452930	59				wc2-insertion
src/hudmsg.c	00429120	00437FD3	00429DD0	004690FF	1	827	395				00452A00	StopMusicStream	11				wc2-insertion
src/hudmsg.c	00429120	00437FD3	00429DD0	004690FF	1	827	396				00452A10	SetMusBreakpt	10			0042E380	wc2-insertion
src/hudmsg.c	00429120	00437FD3	00429DD0	004690FF	1	827	397				00452A1B	FUN_00452A1B	10				wc2-insertion
src/hudmsg.c	00429120	00437FD3	00429DD0	004690FF	1	827	398				00452A26	StopMusic	12			0042E350	wc2-insertion
src/hudmsg.c	00429120	00437FD3	00429DD0	004690FF	1	827	399				00452A40	FUN_00452A40	17				wc2-insertion
src/hudmsg.c	00429120	00437FD3	00429DD0	004690FF	1	827	400				00452A64	FUN_00452A64	23				wc2-insertion
src/hudmsg.c	00429120	00437FD3	00429DD0	004690FF	1	827	401				00452A99	PaletteFadeHook	12			0042E390	wc2-insertion
src/hudmsg.c	00429120	00437FD3	00429DD0	004690FF	1	827	402				00452AAB	FlushSoundEffect	14			0042E3A0	wc2-insertion
src/hudmsg.c	00429120	00437FD3	00429DD0	004690FF	1	827	403				00452AC8	FlushSoundEffects	14			0042E3C0	wc2-insertion
src/hudmsg.c	00429120	00437FD3	00429DD0	004690FF	1	827	404				00452AE5	FadeMusic	10			0042E320	wc2-insertion
src/hudmsg.c	00429120	00437FD3	00429DD0	004690FF	1	827	405				00452AF0	SceneLeaveHook	12			0042E3E0	wc2-insertion
src/hudmsg.c	00429120	00437FD3	00429DD0	004690FF	1	827	406				00452B03	ProcessMusicScriptCommand	128			0042E6F0	wc2-insertion
src/hudmsg.c	00429120	00437FD3	00429DD0	004690FF	1	827	407				00452CF4	spacetrack	24			0042E880	wc2-insertion
src/hudmsg.c	00429120	00437FD3	00429DD0	004690FF	1	827	408				00452D32	StopMusicUnlessSuppressed	19			0042E8B0	wc2-insertion
src/hudmsg.c	00429120	00437FD3	00429DD0	004690FF	1	827	409				00452D66	IsMusicTrackComplete	23			0042E8D0	wc2-insertion
src/hudmsg.c	00429120	00437FD3	00429DD0	004690FF	1	827	410				00452DB0	wait_for_end_of_music	42			0042E900	wc2-insertion
src/hudmsg.c	00429120	00437FD3	00429DD0	004690FF	1	827	411				00452E46	new_space_music_changes	91			0042E9E0	wc2-insertion
src/hudmsg.c	00429120	00437FD3	00429DD0	004690FF	1	827	412				00452F90	changetrack	53			0042EAD0	wc2-insertion
src/hudmsg.c	00429120	00437FD3	00429DD0	004690FF	1	827	413				00453085	gametrack	104			0042EB60	wc2-insertion
src/hudmsg.c	00429120	00437FD3	00429DD0	004690FF	1	827	414				00453240	servicetrack	142			0042ECB0	wc2-insertion
src/hudmsg.c	00429120	00437FD3	00429DD0	004690FF	1	827	415				00453496	ResetSoundState	13			0042EE80	wc2-insertion
src/hudmsg.c	00429120	00437FD3	00429DD0	004690FF	1	827	416				004534BA	ResetSoundStateForScene	12			0042EEA0	wc2-insertion
src/hudmsg.c	00429120	00437FD3	00429DD0	004690FF	1	827	417				004534D3	ResetSoundStateForFlight	12			0042EEB0	wc2-insertion
src/hudmsg.c	00429120	00437FD3	00429DD0	004690FF	1	827	418				004534F1	FUN_004534F1	10				wc2-insertion
src/hudmsg.c	00429120	00437FD3	00429DD0	004690FF	1	827	419				004534FC	EnableMusicForScene	14			0042EEE0	wc2-insertion
src/hudmsg.c	00429120	00437FD3	00429DD0	004690FF	1	827	420				0045351A	LogUnknownSoundEffect	16				wc2-insertion
src/hudmsg.c	00429120	00437FD3	00429DD0	004690FF	1	827	421				0045357E	FlushSoundEffectsAndLog	16			0042EF10	wc2-insertion
src/hudmsg.c	00429120	00437FD3	00429DD0	004690FF	1	827	422				004535BB	sound_effect	19			0042EF20	wc2-insertion
src/hudmsg.c	00429120	00437FD3	00429DD0	004690FF	1	827	423				0045373B	PlaySfxWaveFileByNumber	64			0042EF30	wc2-insertion
src/hudmsg.c	00429120	00437FD3	00429DD0	004690FF	1	827	424				00453820	FadeViewportPaletteToColour	179			0042A700	wc2-insertion
src/hudmsg.c	00429120	00437FD3	00429DD0	004690FF	1	827	425				00453A70	GetPacketSize	56			0042F810	wc2-insertion
src/hudmsg.c	00429120	00437FD3	00429DD0	004690FF	1	827	426				00453B30	MeasureTextPixelWidthClamped	52			00418080	wc2-insertion
src/hudmsg.c	00429120	00437FD3	00429DD0	004690FF	1	827	427				00453BD0	FUN_00453BD0	58				wc2-insertion
src/hudmsg.c	00429120	00437FD3	00429DD0	004690FF	1	827	428				00453C80	FUN_00453C80	12				wc2-insertion
src/hudmsg.c	00429120	00437FD3	00429DD0	004690FF	1	827	429				00453C95	CheckLauncherAndConfig	94			00401D10	wc2-insertion
src/hudmsg.c	00429120	00437FD3	00429DD0	004690FF	1	827	430				00453E60	WinMain	169			00401E30	wc2-insertion
src/hudmsg.c	00429120	00437FD3	00429DD0	004690FF	1	827	431				00454103	ShutdownGameWindow	41			00402070	wc2-insertion
src/hudmsg.c	00429120	00437FD3	00429DD0	004690FF	1	827	432				0045418B	ShowNoticeMessageBox	21			004020E0	wc2-insertion
src/hudmsg.c	00429120	00437FD3	00429DD0	004690FF	1	827	433				004541BD	FUN_004541BD	37				wc2-insertion
src/hudmsg.c	00429120	00437FD3	00429DD0	004690FF	1	827	434				0045422D	AbortToDesktop	41			00402110	wc2-insertion
src/hudmsg.c	00429120	00437FD3	00429DD0	004690FF	1	827	435				004542B7	CreateMainWindow	108			00402180	wc2-insertion
src/hudmsg.c	00429120	00437FD3	00429DD0	004690FF	1	827	436				0045445A	PumpWindowMessages	114			00402320	wc2-insertion
src/hudmsg.c	00429120	00437FD3	00429DD0	004690FF	1	827	437				00454625	MainWindowProc	561			00402530	wc2-insertion
src/hudmsg.c	00429120	00437FD3	00429DD0	004690FF	1	827	438				004551E7	FUN_004551E7	88			00402A20	wc2-insertion
src/hudmsg.c	00429120	00437FD3	00429DD0	004690FF	1	827	439				00455346	GetJoystickButtons	17			00402AC0	wc2-insertion
src/hudmsg.c	00429120	00437FD3	00429DD0	004690FF	1	827	440				0045536F	FUN_0045536F	52			00402AE0	wc2-insertion
src/hudmsg.c	00429120	00437FD3	00429DD0	004690FF	1	827	441				00455427	GetApplicationInstance	12			00402B80	wc2-insertion
src/hudmsg.c	00429120	00437FD3	00429DD0	004690FF	1	827	442				0045543C	GetMainWindowHandle	12			00402B90	wc2-insertion
src/hudmsg.c	00429120	00437FD3	00429DD0	004690FF	1	827	443				00455451	GetMainWindowDeviceContext	12			00402BA0	wc2-insertion
src/hudmsg.c	00429120	00437FD3	00429DD0	004690FF	1	827	444				00455466	AllocateGuardedMemory	73			00402BB0	wc2-insertion
src/hudmsg.c	00429120	00437FD3	00429DD0	004690FF	1	827	445				00455565	ReportHeapGuardCorruption	52			00402CA0	wc2-insertion
src/hudmsg.c	00429120	00437FD3	00429DD0	004690FF	1	827	446				00455624	CheckAllGuardedAllocations	10			00402D40	wc2-insertion
src/hudmsg.c	00429120	00437FD3	00429DD0	004690FF	1	827	447				0045562F	IsFreedHeapBlockTracked	34				wc2-insertion
src/hudmsg.c	00429120	00437FD3	00429DD0	004690FF	1	827	448				00455697	FUN_00455697	38				wc2-insertion
src/hudmsg.c	00429120	00437FD3	00429DD0	004690FF	1	827	449				00455715	TrackFreedHeapBlock	33				wc2-insertion
src/hudmsg.c	00429120	00437FD3	00429DD0	004690FF	1	827	450				00455787	FUN_00455787	52				wc2-insertion
src/hudmsg.c	00429120	00437FD3	00429DD0	004690FF	1	827	451				00455836	FUN_00455836	27				wc2-insertion
src/hudmsg.c	00429120	00437FD3	00429DD0	004690FF	1	827	452				00455882	FUN_00455882	133				wc2-insertion
src/hudmsg.c	00429120	00437FD3	00429DD0	004690FF	1	827	453				00455A85	SetMousePosition	15			00402E80	wc2-insertion
src/hudmsg.c	00429120	00437FD3	00429DD0	004690FF	1	827	454				00455A9E	FUN_00455A9E	17				wc2-insertion
src/hudmsg.c	00429120	00437FD3	00429DD0	004690FF	1	827	455				00455AC8	PollKeyboardState	129			00402EA0	wc2-insertion
src/hudmsg.c	00429120	00437FD3	00429DD0	004690FF	1	827	456				00455D2D	FUN_00455D2D	14				wc2-insertion
src/hudmsg.c	00429120	00437FD3	00429DD0	004690FF	1	827	457				00455D48	FUN_00455D48	14				wc2-insertion
src/hudmsg.c	00429120	00437FD3	00429DD0	004690FF	1	827	458				00455D63	FUN_00455D63	14				wc2-insertion
src/hudmsg.c	00429120	00437FD3	00429DD0	004690FF	1	827	459				00455D7E	FUN_00455D7E	14				wc2-insertion
src/hudmsg.c	00429120	00437FD3	00429DD0	004690FF	1	827	460				00455D99	FUN_00455D99	14				wc2-insertion
src/hudmsg.c	00429120	00437FD3	00429DD0	004690FF	1	827	461				00455DB4	FUN_00455DB4	14				wc2-insertion
src/hudmsg.c	00429120	00437FD3	00429DD0	004690FF	1	827	462				00455DCF	FUN_00455DCF	14				wc2-insertion
src/hudmsg.c	00429120	00437FD3	00429DD0	004690FF	1	827	463				00455DEA	FUN_00455DEA	14				wc2-insertion
src/hudmsg.c	00429120	00437FD3	00429DD0	004690FF	1	827	464				00455E05	FUN_00455E05	14				wc2-insertion
src/hudmsg.c	00429120	00437FD3	00429DD0	004690FF	1	827	465				00455E23	FUN_00455E23	14				wc2-insertion
src/hudmsg.c	00429120	00437FD3	00429DD0	004690FF	1	827	466				00455E3E	FUN_00455E3E	14				wc2-insertion
src/hudmsg.c	00429120	00437FD3	00429DD0	004690FF	1	827	467				00455E59	FUN_00455E59	14				wc2-insertion
src/hudmsg.c	00429120	00437FD3	00429DD0	004690FF	1	827	468				00455E74	FUN_00455E74	14				wc2-insertion
src/hudmsg.c	00429120	00437FD3	00429DD0	004690FF	1	827	469				00455E8F	GetShiftKeyState	14			00403060	wc2-insertion
src/hudmsg.c	00429120	00437FD3	00429DD0	004690FF	1	827	470				00455EAA	GetKeyboardModifiers	12			00403080	wc2-insertion
src/hudmsg.c	00429120	00437FD3	00429DD0	004690FF	1	827	471				00455EBF	GetControlKeyState	14			00403070	wc2-insertion
src/hudmsg.c	00429120	00437FD3	00429DD0	004690FF	1	827	472				00455EDA	FUN_00455EDA	14				wc2-insertion
src/hudmsg.c	00429120	00437FD3	00429DD0	004690FF	1	827	473				00455EF5	GetGameClockTicks	19			00403090	wc2-insertion
src/hudmsg.c	00429120	00437FD3	00429DD0	004690FF	1	827	474				00455F23	InitGameClockEpoch	19			004030B0	wc2-insertion
src/hudmsg.c	00429120	00437FD3	00429DD0	004690FF	1	827	475				00455F59	WriteDebugString	36			004030D0	wc2-insertion
src/hudmsg.c	00429120	00437FD3	00429DD0	004690FF	1	827	476				00455FD3	FUN_00455FD3	16				wc2-insertion
src/hudmsg.c	00429120	00437FD3	00429DD0	004690FF	1	827	477				00455FF1	FUN_00455FF1	69				wc2-insertion
src/hudmsg.c	00429120	00437FD3	00429DD0	004690FF	1	827	478				004560C0	FUN_004560C0	35				wc2-insertion
src/hudmsg.c	00429120	00437FD3	00429DD0	004690FF	1	827	479				00456123	LocateStreamsDirOnDisc	68			004031C0	wc2-insertion
src/hudmsg.c	00429120	00437FD3	00429DD0	004690FF	1	827	480				00456236	FindCdRomDriveByVolumeLabel	108			00403290	wc2-insertion
src/hudmsg.c	00429120	00437FD3	00429DD0	004690FF	1	827	481				004563A3	SetCurrentDirOnDrive	36			004033E0	wc2-insertion
src/hudmsg.c	00429120	00437FD3	00429DD0	004690FF	1	827	482				0045641B	TakeInputPressCount	16				wc2-insertion
src/hudmsg.c	00429120	00437FD3	00429DD0	004690FF	1	827	483				00456443	PromptInsertCorrectCd	48			00403450	wc2-insertion
src/hudmsg.c	00429120	00437FD3	00429DD0	004690FF	1	827	484				004564F0	FUN_004564F0	31				wc2-insertion
src/hudmsg.c	00429120	00437FD3	00429DD0	004690FF	1	827	485				0045655D	FUN_0045655D	190				wc2-insertion
src/hudmsg.c	00429120	00437FD3	00429DD0	004690FF	1	827	486				004568E0	LoadShapeSet	58			00423CE0	wc2-insertion
src/hudmsg.c	00429120	00437FD3	00429DD0	004690FF	1	827	487				00456988	FreeShapeSet	26			00423D50	wc2-insertion
src/hudmsg.c	00429120	00437FD3	00429DD0	004690FF	1	827	488				004569C8	LoadPacketResourceList	56			00423D80	wc2-insertion
src/hudmsg.c	00429120	00437FD3	00429DD0	004690FF	1	827	489				00456A68	ResetCockpitPaletteEntries	50			00423E10	wc2-insertion
src/hudmsg.c	00429120	00437FD3	00429DD0	004690FF	1	827	490				00456B1A	initialize_cockpit	558			00423E90	wc2-insertion
src/hudmsg.c	00429120	00437FD3	00429DD0	004690FF	1	827	491				00457434	InitializeConstellationObject	100			004242D0	wc2-insertion
src/hudmsg.c	00429120	00437FD3	00429DD0	004690FF	1	827	492				00457587	FreeConstellationObject	20			004243B0	wc2-insertion
src/hudmsg.c	00429120	00437FD3	00429DD0	004690FF	1	827	493				004575B4	init_constellation	64			004243E0	wc2-insertion
src/hudmsg.c	00429120	00437FD3	00429DD0	004690FF	1	827	494				004576AB	free_constellation	34			00424490	wc2-insertion
src/hudmsg.c	00429120	00437FD3	00429DD0	004690FF	1	827	495				00457720	init_vdus	48			004244E0	wc2-insertion
src/hudmsg.c	00429120	00437FD3	00429DD0	004690FF	1	827	496				004577D7	InitializeCockpitResources	598			004245B0	wc2-insertion
src/hudmsg.c	00429120	00437FD3	00429DD0	004690FF	1	827	497				00458196	free_cockpit	178			004249A0	wc2-insertion
src/hudmsg.c	00429120	00437FD3	00429DD0	004690FF	1	827	498				00458467	init_3Space_objects	46			00424A80	wc2-insertion
src/hudmsg.c	00429120	00437FD3	00429DD0	004690FF	1	827	499				00458532	load_common_3Space_objects	76			00424B00	wc2-insertion
src/hudmsg.c	00429120	00437FD3	00429DD0	004690FF	1	827	500				0045865D	remove_all_3d_objects	22			00424B80	wc2-insertion
src/hudmsg.c	00429120	00437FD3	00429DD0	004690FF	1	827	501				00458698	free_3Space	32			00424BA0	wc2-insertion
src/hudmsg.c	00429120	00437FD3	00429DD0	004690FF	1	827	502				00458716	free_3Space_objects	52			00424BE0	wc2-insertion
src/hudmsg.c	00429120	00437FD3	00429DD0	004690FF	1	827	503				004587E0	init_inflight_music	13			00424C60	wc2-insertion
src/hudmsg.c	00429120	00437FD3	00429DD0	004690FF	1	827	504				00458806	free_inflight_music	26			00424C80	wc2-insertion
src/hudmsg.c	00429120	00437FD3	00429DD0	004690FF	1	827	505				0045887B	FUN_0045887B	42				wc2-insertion
src/hudmsg.c	00429120	00437FD3	00429DD0	004690FF	1	827	506				0045890E	FUN_0045890E	47				wc2-insertion
src/hudmsg.c	00429120	00437FD3	00429DD0	004690FF	1	827	507				004589D0	FUN_004589D0	60				wc2-insertion
src/hudmsg.c	00429120	00437FD3	00429DD0	004690FF	1	827	508				00458A90	FUN_00458A90	83				wc2-insertion
src/hudmsg.c	00429120	00437FD3	00429DD0	004690FF	1	827	509				00458B8C	FUN_00458B8C	79				wc2-insertion
src/hudmsg.c	00429120	00437FD3	00429DD0	004690FF	1	827	510				00458C81	FUN_00458C81	95				wc2-insertion
src/hudmsg.c	00429120	00437FD3	00429DD0	004690FF	1	827	511				00458D94	FUN_00458D94	44				wc2-insertion
src/hudmsg.c	00429120	00437FD3	00429DD0	004690FF	1	827	512				00458E10	FUN_00458E10	11				wc2-insertion
src/hudmsg.c	00429120	00437FD3	00429DD0	004690FF	1	827	513				00458E20	IsSoundHardwarePresent	13			0042F940	wc2-insertion
src/hudmsg.c	00429120	00437FD3	00429DD0	004690FF	1	827	514				00458E39	MessagePumpHook	11			0042F950	wc2-insertion
src/hudmsg.c	00429120	00437FD3	00429DD0	004690FF	1	827	515				00458E49	PushMemoryStackFrame	45			0042F960	wc2-insertion
src/hudmsg.c	00429120	00437FD3	00429DD0	004690FF	1	827	516				00458EED	IsPushedPacketHandle	31			0042F9E0	wc2-insertion
src/hudmsg.c	00429120	00437FD3	00429DD0	004690FF	1	827	517				00458F5A	MapPacketHandleToBlock	50			0042FA20	wc2-insertion
src/hudmsg.c	00429120	00437FD3	00429DD0	004690FF	1	827	518				0045901D	AllocateTaggedMemory	37			0042FA90	wc2-insertion
src/hudmsg.c	00429120	00437FD3	00429DD0	004690FF	1	827	519				00459082	ReleasePacketHandle	48			0042FAE0	wc2-insertion
src/hudmsg.c	00429120	00437FD3	00429DD0	004690FF	1	827	520				00459134	GetAvailableFarMemoryByType	12			0042FB20	wc2-insertion
src/hudmsg.c	00429120	00437FD3	00429DD0	004690FF	1	827	521				00459149	GetLargestFreeMemoryBlockByType	12			0042FB30	wc2-insertion
src/hudmsg.c	00429120	00437FD3	00429DD0	004690FF	1	827	522				00459160	FUN_00459160	76			0042B9A0	wc2-insertion
src/hudmsg.c	00429120	00437FD3	00429DD0	004690FF	1	827	523				0045924D	FUN_0045924D	26				wc2-insertion
src/hudmsg.c	00429120	00437FD3	00429DD0	004690FF	1	827	524				00459294	FUN_00459294	38				wc2-insertion
src/hudmsg.c	00429120	00437FD3	00429DD0	004690FF	1	827	525				0045930A	FUN_0045930A	23				wc2-insertion
src/hudmsg.c	00429120	00437FD3	00429DD0	004690FF	1	827	526				00459348	ClearTextInputCharacter	49			00426140	wc2-insertion
src/hudmsg.c	00429120	00437FD3	00429DD0	004690FF	1	827	527				004593D6	InitializeModalTextPanel	118			0041A9D0	wc2-insertion
src/hudmsg.c	00429120	00437FD3	00429DD0	004690FF	1	827	528				00459527	DrawModalTextPanel	48			0041AAE0	wc2-insertion
src/hudmsg.c	00429120	00437FD3	00429DD0	004690FF	1	827	529				004595AA	RestoreModalTextPanel	28			0041AB60	wc2-insertion
src/hudmsg.c	00429120	00437FD3	00429DD0	004690FF	1	827	530				004595EF	ShowModalTextPanel	124			0041AB90	wc2-insertion
src/hudmsg.c	00429120	00437FD3	00429DD0	004690FF	1	827	531				0045979B	ReleaseModalTextPanel	23			0041AD10	wc2-insertion
src/hudmsg.c	00429120	00437FD3	00429DD0	004690FF	1	827	532				004597E3	FUN_004597E3	263			00426200	wc2-insertion
src/hudmsg.c	00429120	00437FD3	00429DD0	004690FF	1	827	533				00459BC8	LoadPaletteTripletsFile	43			00404610	wc2-insertion
src/hudmsg.c	00429120	00437FD3	00429DD0	004690FF	1	827	534				00459C4D	ShowChalkBoard	81			00440510	wc2-insertion
src/hudmsg.c	00429120	00437FD3	00429DD0	004690FF	1	827	535				00459D74	funeral_sequence	153			00408DE0	wc2-insertion
src/hudmsg.c	00429120	00437FD3	00429DD0	004690FF	1	827	536				0045A010	OpenDataFileOrDie	22			004034D0	wc2-insertion
src/hudmsg.c	00429120	00437FD3	00429DD0	004690FF	1	827	537				0045A04A	CloseDataFile	16			00403500	wc2-insertion
src/hudmsg.c	00429120	00437FD3	00429DD0	004690FF	1	827	538				0045A06C	WriteDataFileAtOffset	58			00403520	wc2-insertion
src/hudmsg.c	00429120	00437FD3	00429DD0	004690FF	1	827	539				0045A12D	CreateDataFile	35			004035C0	wc2-insertion
src/hudmsg.c	00429120	00437FD3	00429DD0	004690FF	1	827	540				0045A19B	ReadDataFileAtOffset	58			00403610	wc2-insertion
src/hudmsg.c	00429120	00437FD3	00429DD0	004690FF	1	827	541				0045A259	SeekDataFile	35			004036B0	wc2-insertion
src/hudmsg.c	00429120	00437FD3	00429DD0	004690FF	1	827	542				0045A2C0	InitializeFireworks	21			0042D270	wc2-insertion
src/hudmsg.c	00429120	00437FD3	00429DD0	004690FF	1	827	543				0045A300	TheEndFireWorks	85			0042D2A0	wc2-insertion
src/hudmsg.c	00429120	00437FD3	00429DD0	004690FF	1	827	544				0045A441	InitializeConstellationField	102			0042D390	wc2-insertion
src/hudmsg.c	00429120	00437FD3	00429DD0	004690FF	1	827	545				0045A5C7	FUN_0045A5C7	34				wc2-insertion
src/hudmsg.c	00429120	00437FD3	00429DD0	004690FF	1	827	546				0045A634	DrawConstellationField	394			0042D500	wc2-insertion
src/hudmsg.c	00429120	00437FD3	00429DD0	004690FF	1	827	547				0045AC50	DebugOverlayConsole::DebugOverlayConsole	158			0041C760	wc2-insertion
src/hudmsg.c	00429120	00437FD3	00429DD0	004690FF	1	827	548				0045AE6C	FUN_0045AE6C	36				wc2-insertion
src/hudmsg.c	00429120	00437FD3	00429DD0	004690FF	1	827	549				0045AEE4	DebugOverlayWorkerProc	95			0041C960	wc2-insertion
src/hudmsg.c	00429120	00437FD3	00429DD0	004690FF	1	827	550				0045B04E	FUN_0045B04E	38				wc2-insertion
src/hudmsg.c	00429120	00437FD3	00429DD0	004690FF	1	827	551				0045B0BB	DebugOverlayPrintf	146			0041CAB0	wc2-insertion
src/hudmsg.c	00429120	00437FD3	00429DD0	004690FF	1	827	552				0045B2E0	DebugOverlayConsole::Clear	39			0041CC00	wc2-insertion
src/hudmsg.c	00429120	00437FD3	00429DD0	004690FF	1	827	553				0045B348	DebugOverlayConsole::Scroll	57			0041CC50	wc2-insertion
src/hudmsg.c	00429120	00437FD3	00429DD0	004690FF	1	827	554				0045B3DC	DebugOverlayConsole::DrawPendingLines	64			0041CCC0	wc2-insertion
src/hudmsg.c	00429120	00437FD3	00429DD0	004690FF	1	827	555				0045B49C	DebugOverlayConsole::WaitForKey	55			0041CD40	wc2-insertion
src/hudmsg.c	00429120	00437FD3	00429DD0	004690FF	1	827	556				0045B55C	DebugOverlayConsole::DisableReverseVideo	41			0041CF50	wc2-insertion
src/hudmsg.c	00429120	00437FD3	00429DD0	004690FF	1	827	557				0045B5D8	DebugOverlayConsole::EnableReverseVideo	41			0041CF00	wc2-insertion
src/hudmsg.c	00429120	00437FD3	00429DD0	004690FF	1	827	558				0045B654	DebugOverlayConsole::SetOverlayTextColor	38			0041CFA0	wc2-insertion
src/hudmsg.c	00429120	00437FD3	00429DD0	004690FF	1	827	559				0045B6BB	DebugOverlayConsole::SetOverlayBackgroundColor	38			0041CFF0	wc2-insertion
src/hudmsg.c	00429120	00437FD3	00429DD0	004690FF	1	827	560				0045B722	DebugOverlayConsole::SetTransparentBackground	32			0041D040	wc2-insertion
src/hudmsg.c	00429120	00437FD3	00429DD0	004690FF	1	827	561				0045B77A	FUN_0045B77A	32				wc2-insertion
src/hudmsg.c	00429120	00437FD3	00429DD0	004690FF	1	827	562				0045B7E0	FUN_0045B7E0	17				wc2-insertion
src/hudmsg.c	00429120	00437FD3	00429DD0	004690FF	1	827	563				0045B810	LoadGamePaletteFile	63			004219C0	wc2-insertion
src/hudmsg.c	00429120	00437FD3	00429DD0	004690FF	1	827	564				0045B905	EMShutDown	14			00421A40	wc2-insertion
src/hudmsg.c	00429120	00437FD3	00429DD0	004690FF	1	827	565				0045B924	EMStartUp	46			00421AB0	wc2-insertion
src/hudmsg.c	00429120	00437FD3	00429DD0	004690FF	1	827	566				0045B9D3	LoadOriginFxDrivers	301			00421B10	wc2-insertion
src/hudmsg.c	00429120	00437FD3	00429DD0	004690FF	1	827	567				0045BF30	FUN_0045BF30	49				wc2-insertion
src/hudmsg.c	00429120	00437FD3	00429DD0	004690FF	1	827	568				0045C04B	FUN_0045C04B	22				wc2-insertion
src/hudmsg.c	00429120	00437FD3	00429DD0	004690FF	1	827	569				0045C088	InitializeGameTextContexts	42			00421D80	wc2-insertion
src/hudmsg.c	00429120	00437FD3	00429DD0	004690FF	1	827	570				0045C128	InitializeRoomViewports	33			0043F810	wc2-insertion
src/hudmsg.c	00429120	00437FD3	00429DD0	004690FF	1	827	571				0045C1A1	initialize_direction_view_frame	66			00421E20	wc2-insertion
src/hudmsg.c	00429120	00437FD3	00429DD0	004690FF	1	827	572				0045C279	initialize_direction_view_frames	70			00421EF0	wc2-insertion
src/hudmsg.c	00429120	00437FD3	00429DD0	004690FF	1	827	573				0045C35C	FUN_0045C35C	41				wc2-insertion
src/hudmsg.c	00429120	00437FD3	00429DD0	004690FF	1	827	574				0045C3EF	FUN_0045C3EF	10				wc2-insertion
src/hudmsg.c	00429120	00437FD3	00429DD0	004690FF	1	827	575				0045C3FA	FUN_0045C3FA	14				wc2-insertion
src/hudmsg.c	00429120	00437FD3	00429DD0	004690FF	1	827	576				0045C419	FUN_0045C419	77				wc2-insertion
src/hudmsg.c	00429120	00437FD3	00429DD0	004690FF	1	827	577				0045C558	main	258			004274E0	wc2-insertion
src/hudmsg.c	00429120	00437FD3	00429DD0	004690FF	1	827	578				0045CA50	LogDisplayMode	20			0042E020	wc2-insertion
src/hudmsg.c	00429120	00437FD3	00429DD0	004690FF	1	827	579				0045CA80	CalcRectangleArea	30			0042E050	wc2-insertion
src/hudmsg.c	00429120	00437FD3	00429DD0	004690FF	1	827	580				0045CAD2	AllocateViewport	134			0042E090	wc2-insertion
src/hudmsg.c	00429120	00437FD3	00429DD0	004690FF	1	827	581				0045CCB0	FUN_0045CCB0	12				wc2-insertion
src/hudmsg.c	00429120	00437FD3	00429DD0	004690FF	1	827	582				0045CCC5	FUN_0045CCC5	18				wc2-insertion
src/hudmsg.c	00429120	00437FD3	00429DD0	004690FF	1	827	583				0045CCF3	FUN_0045CCF3	12				wc2-insertion
src/hudmsg.c	00429120	00437FD3	00429DD0	004690FF	1	827	584				0045CD08	FUN_0045CD08	16				wc2-insertion
src/hudmsg.c	00429120	00437FD3	00429DD0	004690FF	1	827	585				0045CD2C	ThrottleFrameAndDrawFps	88			00431F00	wc2-insertion
src/hudmsg.c	00429120	00437FD3	00429DD0	004690FF	1	827	586				0045CE9A	ReportSpaceFlightMaxFps	41			00432050	wc2-insertion
src/hudmsg.c	00429120	00437FD3	00429DD0	004690FF	1	827	587				0045CF3B	FUN_0045CF3B	18				wc2-insertion
src/hudmsg.c	00429120	00437FD3	00429DD0	004690FF	1	827	588				0045CF7F	SetSpaceFlightFrameTiming	18			004320E0	wc2-insertion
src/hudmsg.c	00429120	00437FD3	00429DD0	004690FF	1	827	589				0045CFC3	SetCinematicFrameTiming	18			00432110	wc2-insertion
src/hudmsg.c	00429120	00437FD3	00429DD0	004690FF	1	827	590				0045D004	DIBerror	81			00432140	wc2-insertion
src/hudmsg.c	00429120	00437FD3	00429DD0	004690FF	1	827	591				0045D11F	DIBpositionWindow	46			00432230	wc2-insertion
src/hudmsg.c	00429120	00437FD3	00429DD0	004690FF	1	827	592				0045D1BB	DIBreInstall	39			004322B0	wc2-insertion
src/hudmsg.c	00429120	00437FD3	00429DD0	004690FF	1	827	593				0045D23B	DIBinstall	100			00432310	wc2-insertion
src/hudmsg.c	00429120	00437FD3	00429DD0	004690FF	1	827	594				0045D3A1	DIBcascade	272			00432410	wc2-insertion
src/hudmsg.c	00429120	00437FD3	00429DD0	004690FF	1	827	595				0045D78C	DIBunInstall	38			00432680	wc2-insertion
src/hudmsg.c	00429120	00437FD3	00429DD0	004690FF	1	827	596				0045D80F	DIBmakeDIB	146			004326E0	wc2-insertion
src/hudmsg.c	00429120	00437FD3	00429DD0	004690FF	1	827	597				0045DA8C	DIBdestroyDIB	62			004328A0	wc2-insertion
src/hudmsg.c	00429120	00437FD3	00429DD0	004690FF	1	827	598				0045DB8C	MarkDibDirty	32				wc2-insertion
src/hudmsg.c	00429120	00437FD3	00429DD0	004690FF	1	827	599				0045DBFF	FUN_0045DBFF	12				wc2-insertion
src/hudmsg.c	00429120	00437FD3	00429DD0	004690FF	1	827	600				0045DC19	DIBslam	12			00432960	wc2-insertion
src/hudmsg.c	00429120	00437FD3	00429DD0	004690FF	1	827	601				0045DC33	DIBslamReal	277			00432970	wc2-insertion
src/hudmsg.c	00429120	00437FD3	00429DD0	004690FF	1	827	602				0045E060	DIBupdate	143			00432C60	wc2-insertion
src/hudmsg.c	00429120	00437FD3	00429DD0	004690FF	1	827	603				0045E276	GetDIBPixelBuffer	12			00432DE0	wc2-insertion
src/hudmsg.c	00429120	00437FD3	00429DD0	004690FF	1	827	604				0045E28B	FUN_0045E28B	11				wc2-insertion
src/hudmsg.c	00429120	00437FD3	00429DD0	004690FF	1	827	605				0045E29B	FUN_0045E29B	12				wc2-insertion
src/hudmsg.c	00429120	00437FD3	00429DD0	004690FF	1	827	606				0045E2B0	FUN_0045E2B0	12				wc2-insertion
src/hudmsg.c	00429120	00437FD3	00429DD0	004690FF	1	827	607				0045E2C5	GetDIBWindowHandle	12			00432E00	wc2-insertion
src/hudmsg.c	00429120	00437FD3	00429DD0	004690FF	1	827	608				0045E2DA	CachePaletteEntryFromWords	40			00432E30	wc2-insertion
src/hudmsg.c	00429120	00437FD3	00429DD0	004690FF	1	827	609				0045E37C	DIBramPalette	52			00432EA0	wc2-insertion
src/hudmsg.c	00429120	00437FD3	00429DD0	004690FF	1	827	610				0045E46C	DIBsetPalette	112			00432F10	wc2-insertion
src/hudmsg.c	00429120	00437FD3	00429DD0	004690FF	1	827	611				0045E61C	GetPaletteEntryAsWords	23			00433020	wc2-insertion
src/hudmsg.c	00429120	00437FD3	00429DD0	004690FF	1	827	612				0045E667	DIBwholePaletteFromTriplets	95			00433060	wc2-insertion
src/hudmsg.c	00429120	00437FD3	00429DD0	004690FF	1	827	613				0045E816	DIBwholePaletteFromWords	95			00433120	wc2-insertion
src/hudmsg.c	00429120	00437FD3	00429DD0	004690FF	1	827	614				0045E9C5	DIBwaitForVerticalBlank	18			004331E0	wc2-insertion
src/hudmsg.c	00429120	00437FD3	00429DD0	004690FF	1	827	615				0045E9F0	FUN_0045E9F0	413				wc2-insertion
src/hudmsg.c	00429120	00437FD3	00429DD0	004690FF	1	827	616				0045F200	HandleFleetOverviewInput	127			00428D10	wc2-insertion
src/hudmsg.c	00429120	00437FD3	00429DD0	004690FF	1	827	617				0045F439	FUN_0045F439	245				wc2-insertion
src/hudmsg.c	00429120	00437FD3	00429DD0	004690FF	1	827	618				0045F7EC	FUN_0045F7EC	679				wc2-insertion
src/hudmsg.c	00429120	00437FD3	00429DD0	004690FF	1	827	619				004601F1	FUN_004601F1	21				wc2-insertion
src/hudmsg.c	00429120	00437FD3	00429DD0	004690FF	1	827	620				00460242	FUN_00460242	37				wc2-insertion
src/hudmsg.c	00429120	00437FD3	00429DD0	004690FF	1	827	621				004602BE	FUN_004602BE	57				wc2-insertion
src/hudmsg.c	00429120	00437FD3	00429DD0	004690FF	1	827	622				004603C5	FUN_004603C5	47				wc2-insertion
src/hudmsg.c	00429120	00437FD3	00429DD0	004690FF	1	827	623				00460498	FUN_00460498	100				wc2-insertion
src/hudmsg.c	00429120	00437FD3	00429DD0	004690FF	1	827	624				00460650	PlayScrambleHangarScene	163			004079C0	wc2-insertion
src/hudmsg.c	00429120	00437FD3	00429DD0	004690FF	1	827	625				004608E8	FUN_004608E8	155				wc2-insertion
src/hudmsg.c	00429120	00437FD3	00429DD0	004690FF	1	827	626				00460BAF	FUN_00460BAF	12				wc2-insertion
src/hudmsg.c	00429120	00437FD3	00429DD0	004690FF	1	827	627				00460BCC	FUN_00460BCC	87				wc2-insertion
src/hudmsg.c	00429120	00437FD3	00429DD0	004690FF	1	827	628				00460D3E	FUN_00460D3E	52				wc2-insertion
src/hudmsg.c	00429120	00437FD3	00429DD0	004690FF	1	827	629				00460DFE	FUN_00460DFE	199				wc2-insertion
src/hudmsg.c	00429120	00437FD3	00429DD0	004690FF	1	827	630				004610BC	FUN_004610BC	173				wc2-insertion
src/hudmsg.c	00429120	00437FD3	00429DD0	004690FF	1	827	631				004612C1	FUN_004612C1	61				wc2-insertion
src/hudmsg.c	00429120	00437FD3	00429DD0	004690FF	1	827	632				0046138D	DrawBarracksBunks	56			0041BBD0	wc2-insertion
src/hudmsg.c	00429120	00437FD3	00429DD0	004690FF	1	827	633				00461456	FUN_00461456	11				wc2-insertion
src/hudmsg.c	00429120	00437FD3	00429DD0	004690FF	1	827	634				00461466	FUN_00461466	11				wc2-insertion
src/hudmsg.c	00429120	00437FD3	00429DD0	004690FF	1	827	635				00461480	FUN_00461480	81				wc2-insertion
src/hudmsg.c	00429120	00437FD3	00429DD0	004690FF	1	827	636				004615A2	FUN_004615A2	56				wc2-insertion
src/hudmsg.c	00429120	00437FD3	00429DD0	004690FF	1	827	637				0046166D	select_new_gun	28			0042AE10	wc2-insertion
src/hudmsg.c	00429120	00437FD3	00429DD0	004690FF	1	827	638				004616B8	select_new_release_weapon	129			0042AE50	wc2-insertion
src/hudmsg.c	00429120	00437FD3	00429DD0	004690FF	1	827	639				004618E0	RandomBelow	16			00434CD0	wc2-insertion
src/hudmsg.c	00429120	00437FD3	00429DD0	004690FF	1	827	640				004618FF	SeedRandomFromClock	17			00434CF0	wc2-insertion
src/hudmsg.c	00429120	00437FD3	00429DD0	004690FF	1	827	641				00461922	GetRandomWord	15				wc2-insertion
src/hudmsg.c	00429120	00437FD3	00429DD0	004690FF	1	827	642				00461942	RandomInRange	33			00434D20	wc2-insertion
src/hudmsg.c	00429120	00437FD3	00429DD0	004690FF	1	827	643				004619A1	RandomBelowOrEqual	25			00434D50	wc2-insertion
src/hudmsg.c	00429120	00437FD3	00429DD0	004690FF	1	827	644				004619E2	MultiplyFixed	27			00434D80	wc2-insertion
src/hudmsg.c	00429120	00437FD3	00429DD0	004690FF	1	827	645				00461A2D	DivideFixed	32			00434DB0	wc2-insertion
src/hudmsg.c	00429120	00437FD3	00429DD0	004690FF	1	827	646				00461A91	SinFixed	25			00434E00	wc2-insertion
src/hudmsg.c	00429120	00437FD3	00429DD0	004690FF	1	827	647				00461AD6	CosFixed	25			00434E30	wc2-insertion
src/hudmsg.c	00429120	00437FD3	00429DD0	004690FF	1	827	648				00461B1B	ArcSin	28			00434E60	wc2-insertion
src/hudmsg.c	00429120	00437FD3	00429DD0	004690FF	1	827	649				00461B6B	ArcCos	28			00434E90	wc2-insertion
src/hudmsg.c	00429120	00437FD3	00429DD0	004690FF	1	827	650				00461BBB	Magnitude	28			00434EC0	wc2-insertion
src/hudmsg.c	00429120	00437FD3	00429DD0	004690FF	1	827	651				00461C06	PlanarMagnitude	37			00434EE0	wc2-insertion
src/hudmsg.c	00429120	00437FD3	00429DD0	004690FF	1	827	652				00461C71	Vector_magnitude	49			00434F20	wc2-insertion
src/hudmsg.c	00429120	00437FD3	00429DD0	004690FF	1	827	653				00461D02	SetTextCursor	16			00434F70	wc2-insertion
src/hudmsg.c	00429120	00437FD3	00429DD0	004690FF	1	827	654				00461D29	SetTextContext	21			00434FA0	wc2-insertion
src/hudmsg.c	00429120	00437FD3	00429DD0	004690FF	1	827	655				00461D68	WaitForVerticalBlankThunk	12			00434FB0	wc2-insertion
src/hudmsg.c	00429120	00437FD3	00429DD0	004690FF	1	827	656				00461D7D	IdentityHandle	12			00434FC0	wc2-insertion
src/hudmsg.c	00429120	00437FD3	00429DD0	004690FF	1	827	657				00461D90	SetWholePaletteFromTriplets	14			00434FD0	wc2-insertion
src/hudmsg.c	00429120	00437FD3	00429DD0	004690FF	1	827	658				00461DA7	ReadWord	13			00434FE0	wc2-insertion
src/hudmsg.c	00429120	00437FD3	00429DD0	004690FF	1	827	659				00461DBD	GetFontCharWidth	15			00434FF0	wc2-insertion
src/hudmsg.c	00429120	00437FD3	00429DD0	004690FF	1	827	660				00461DE0	FUN_00461DE0	11				wc2-insertion
src/hudmsg.c	00429120	00437FD3	00429DD0	004690FF	1	827	661				00461DF0	GetShapeFrameBounds	57			00435020	wc2-insertion
src/hudmsg.c	00429120	00437FD3	00429DD0	004690FF	1	827	662				00461E97	IsPointInRect	34			00435090	wc2-insertion
src/hudmsg.c	00429120	00437FD3	00429DD0	004690FF	1	827	663				00461EFE	SplitPackedPoint	19			004350D0	wc2-insertion
src/hudmsg.c	00429120	00437FD3	00429DD0	004690FF	1	827	664				00461F22	DrawTextString	186			004350F0	wc2-insertion
src/hudmsg.c	00429120	00437FD3	00429DD0	004690FF	1	827	665				004621D5	DrawTextCharacter	67			00435290	wc2-insertion
src/hudmsg.c	00429120	00437FD3	00429DD0	004690FF	1	827	666				004622BD	FUN_004622BD	20				wc2-insertion
src/hudmsg.c	00429120	00437FD3	00429DD0	004690FF	1	827	667				004622EE	FUN_004622EE	98				wc2-insertion
src/hudmsg.c	00429120	00437FD3	00429DD0	004690FF	1	827	668				0046243F	FUN_0046243F	12				wc2-insertion
src/hudmsg.c	00429120	00437FD3	00429DD0	004690FF	1	827	669				00462452	DosNearPtrToFar	12			00435420	wc2-insertion
src/hudmsg.c	00429120	00437FD3	00429DD0	004690FF	1	827	670				00462465	DosStrrchr	17			00435430	wc2-insertion
src/hudmsg.c	00429120	00437FD3	00429DD0	004690FF	1	827	671				00462486	DosStrchr	17			00435450	wc2-insertion
src/hudmsg.c	00429120	00437FD3	00429DD0	004690FF	1	827	672				004624A7	ix_system_configure	17			00447426	wc2-insertion
src/hudmsg.c	00429120	00437FD3	00429DD0	004690FF	1	827	673				004624C7	FUN_004624C7	23			00461AB0	wc2-insertion
src/hudmsg.c	00429120	00437FD3	00429DD0	004690FF	1	827	674				0046250B	DosStrlen	15			004354D0	wc2-insertion
src/hudmsg.c	00429120	00437FD3	00429DD0	004690FF	1	827	675				00462527	FUN_00462527	20				wc2-insertion
src/hudmsg.c	00429120	00437FD3	00429DD0	004690FF	1	827	676				00462550	FUN_00462550	20				wc2-insertion
src/hudmsg.c	00429120	00437FD3	00429DD0	004690FF	1	827	677				0046257A	FUN_0046257A	12				wc2-insertion
src/hudmsg.c	00429120	00437FD3	00429DD0	004690FF	1	827	678				0046258D	FUN_0046258D	11				wc2-insertion
src/hudmsg.c	00429120	00437FD3	00429DD0	004690FF	1	827	679				0046259D	FUN_0046259D	18				wc2-insertion
src/hudmsg.c	00429120	00437FD3	00429DD0	004690FF	1	827	680				004625CB	FUN_004625CB	16				wc2-insertion
src/hudmsg.c	00429120	00437FD3	00429DD0	004690FF	1	827	681				004625F2	FUN_004625F2	12				wc2-insertion
src/hudmsg.c	00429120	00437FD3	00429DD0	004690FF	1	827	682				00462605	FUN_00462605	11				wc2-insertion
src/hudmsg.c	00429120	00437FD3	00429DD0	004690FF	1	827	683				00462615	FUN_00462615	11				wc2-insertion
src/hudmsg.c	00429120	00437FD3	00429DD0	004690FF	1	827	684				00462625	TranslatePolledInputEvent	142			004355F0	wc2-insertion
src/hudmsg.c	00429120	00437FD3	00429DD0	004690FF	1	827	685				00462849	QueueInputEventAtCursor	30			004356A0	wc2-insertion
src/hudmsg.c	00429120	00437FD3	00429DD0	004690FF	1	827	686				00462890	AllocateInputEvent	45			004356E0	wc2-insertion
src/hudmsg.c	00429120	00437FD3	00429DD0	004690FF	1	827	687				0046294F	ReleaseInputEvent	25			00435760	wc2-insertion
src/hudmsg.c	00429120	00437FD3	00429DD0	004690FF	1	827	688				004629A7	QueueInputEvent	145			00435790	wc2-insertion
src/hudmsg.c	00429120	00437FD3	00429DD0	004690FF	1	827	689				00462C43	ReleaseInputEventQueue	29			004358B0	wc2-insertion
src/hudmsg.c	00429120	00437FD3	00429DD0	004690FF	1	827	690				00462C9C	RetainInputEventsOfType	54			004358E0	wc2-insertion
src/hudmsg.c	00429120	00437FD3	00429DD0	004690FF	1	827	691				00462D48	RemoveInputEvent	51			00435940	wc2-insertion
src/hudmsg.c	00429120	00437FD3	00429DD0	004690FF	1	827	692				00462DFC	GetNextInputEvent	265			004359C0	wc2-insertion
src/hudmsg.c	00429120	00437FD3	00429DD0	004690FF	1	827	693				0046327F	PollInputEvent	18			00435CC0	wc2-insertion
src/hudmsg.c	00429120	00437FD3	00429DD0	004690FF	1	827	694				004632A5	PeekInputEvent	94			00435CE0	wc2-insertion
src/hudmsg.c	00429120	00437FD3	00429DD0	004690FF	1	827	695				004633E7	FindQueuedInputEvent	94			00435D80	wc2-insertion
src/hudmsg.c	00429120	00437FD3	00429DD0	004690FF	1	827	696				0046354F	FlushInputEvents	15			00435DB0	wc2-insertion
src/hudmsg.c	00429120	00437FD3	00429DD0	004690FF	1	827	697				00463571	InitializeMouseCursorDepth	13			00435DC0	wc2-insertion
src/hudmsg.c	00429120	00437FD3	00429DD0	004690FF	1	827	698				0046358F	FUN_0046358F	12				wc2-insertion
src/hudmsg.c	00429120	00437FD3	00429DD0	004690FF	1	827	699				004635A3	FUN_004635A3	11				wc2-insertion
src/hudmsg.c	00429120	00437FD3	00429DD0	004690FF	1	827	700				004635B3	FUN_004635B3	11				wc2-insertion
src/hudmsg.c	00429120	00437FD3	00429DD0	004690FF	1	827	701				004635C3	FUN_004635C3	11				wc2-insertion
src/hudmsg.c	00429120	00437FD3	00429DD0	004690FF	1	827	702				004635D3	CheckCursor	11			00435DE0	wc2-insertion
src/hudmsg.c	00429120	00437FD3	00429DD0	004690FF	1	827	703				004635E3	CaptureMouseCursorBackground	63			00435E20	wc2-insertion
src/hudmsg.c	00429120	00437FD3	00429DD0	004690FF	1	827	704				004636F7	DrawMouseCursor	57			00435EF0	wc2-insertion
src/hudmsg.c	00429120	00437FD3	00429DD0	004690FF	1	827	705				004637F4	RestoreMouseCursorBackground	60			00435FA0	wc2-insertion
src/hudmsg.c	00429120	00437FD3	00429DD0	004690FF	1	827	706				004638F1	RefreshMouseCursorDisplay	30			00436060	wc2-insertion
src/hudmsg.c	00429120	00437FD3	00429DD0	004690FF	1	827	707				0046396C	ResumeMouseCursor	13			004360D0	wc2-insertion
src/hudmsg.c	00429120	00437FD3	00429DD0	004690FF	1	827	708				00463BA1	FUN_00463BA1	14				wc2-insertion
src/hudmsg.c	00429120	00437FD3	00429DD0	004690FF	1	827	709				00463E19	SuspendMouseCursor	13			004360E0	wc2-insertion
src/hudmsg.c	00429120	00437FD3	00429DD0	004690FF	1	827	710				00463EEE	SetMouseCursorShape	36			004360F0	wc2-insertion
src/hudmsg.c	00429120	00437FD3	00429DD0	004690FF	1	827	711				00463F74	SetMouseHomePosition	21			00436160	wc2-insertion
src/hudmsg.c	00429120	00437FD3	00429DD0	004690FF	1	827	712				00463FAA	ApplyPackedMousePosition	21			00436190	wc2-insertion
src/hudmsg.c	00429120	00437FD3	00429DD0	004690FF	1	827	713				00463FE0	FUN_00463FE0	17				wc2-insertion
src/hudmsg.c	00429120	00437FD3	00429DD0	004690FF	1	827	714				00464009	SetFrameTimerPeriod	14			004361E0	wc2-insertion
src/hudmsg.c	00429120	00437FD3	00429DD0	004690FF	1	827	715				00464021	SetFrameTimerAndWait	15			004361F0	wc2-insertion
src/hudmsg.c	00429120	00437FD3	00429DD0	004690FF	1	827	716				0046403D	SetFrameTimerPeriodDirect	14			00436210	wc2-insertion
src/hudmsg.c	00429120	00437FD3	00429DD0	004690FF	1	827	717				00464055	WaitForFrameTick	13			00436230	wc2-insertion
src/hudmsg.c	00429120	00437FD3	00429DD0	004690FF	1	827	718				00464072	IsFrameTickElapsed	16			00436240	wc2-insertion
src/hudmsg.c	00429120	00437FD3	00429DD0	004690FF	1	827	719				0046409B	FUN_0046409B	30				wc2-insertion
src/hudmsg.c	00429120	00437FD3	00429DD0	004690FF	1	827	720				004640E4	FUN_004640E4	11				wc2-insertion
src/hudmsg.c	00429120	00437FD3	00429DD0	004690FF	1	827	721				004640F4	FUN_004640F4	15				wc2-insertion
src/hudmsg.c	00429120	00437FD3	00429DD0	004690FF	1	827	722				00464123	FUN_00464123	16				wc2-insertion
src/hudmsg.c	00429120	00437FD3	00429DD0	004690FF	1	827	723				00464141	GetSoundHardwareFlag	12			00436260	wc2-insertion
src/hudmsg.c	00429120	00437FD3	00429DD0	004690FF	1	827	724				00464153	FUN_00464153	14				wc2-insertion
src/hudmsg.c	00429120	00437FD3	00429DD0	004690FF	1	827	725				0046416A	TimerResetHook	11			004362A0	wc2-insertion
src/hudmsg.c	00429120	00437FD3	00429DD0	004690FF	1	827	726				0046417A	GetVideoReleaseResult	12			004362B0	wc2-insertion
src/hudmsg.c	00429120	00437FD3	00429DD0	004690FF	1	827	727				0046418D	IdentityWord	12			004362C0	wc2-insertion
src/hudmsg.c	00429120	00437FD3	00429DD0	004690FF	1	827	728				004641A0	TimerStopHook	11			004362D0	wc2-insertion
src/hudmsg.c	00429120	00437FD3	00429DD0	004690FF	1	827	729				004641B0	GetAvailableFarMemory	12			004362E0	wc2-insertion
src/hudmsg.c	00429120	00437FD3	00429DD0	004690FF	1	827	730				004641C5	GetLargestFreeMemoryBlock	12			004362F0	wc2-insertion
src/hudmsg.c	00429120	00437FD3	00429DD0	004690FF	1	827	731				004641DA	FUN_004641DA	12				wc2-insertion
src/hudmsg.c	00429120	00437FD3	00429DD0	004690FF	1	827	732				004641EC	FUN_004641EC	11				wc2-insertion
src/hudmsg.c	00429120	00437FD3	00429DD0	004690FF	1	827	733				004641FC	FUN_004641FC	12				wc2-insertion
src/hudmsg.c	00429120	00437FD3	00429DD0	004690FF	1	827	734				0046420E	FUN_0046420E	12				wc2-insertion
src/hudmsg.c	00429120	00437FD3	00429DD0	004690FF	1	827	735				00464220	FUN_00464220	12				wc2-insertion
src/hudmsg.c	00429120	00437FD3	00429DD0	004690FF	1	827	736				00464233	FUN_00464233	11				wc2-insertion
src/hudmsg.c	00429120	00437FD3	00429DD0	004690FF	1	827	737				00464243	FUN_00464243	12				wc2-insertion
src/hudmsg.c	00429120	00437FD3	00429DD0	004690FF	1	827	738				00464255	FUN_00464255	12				wc2-insertion
src/hudmsg.c	00429120	00437FD3	00429DD0	004690FF	1	827	739				00464268	FUN_00464268	12				wc2-insertion
src/hudmsg.c	00429120	00437FD3	00429DD0	004690FF	1	827	740				0046427B	FUN_0046427B	11				wc2-insertion
src/hudmsg.c	00429120	00437FD3	00429DD0	004690FF	1	827	741				0046428B	ClearInputKeyStatePreservingModifiers	27			004363A0	wc2-insertion
src/hudmsg.c	00429120	00437FD3	00429DD0	004690FF	1	827	742				004642D6	ClearInputKeyState	16			004363E0	wc2-insertion
src/hudmsg.c	00429120	00437FD3	00429DD0	004690FF	1	827	743				004642FA	FUN_004642FA	11				wc2-insertion
src/hudmsg.c	00429120	00437FD3	00429DD0	004690FF	1	827	744				0046430A	FUN_0046430A	11				wc2-insertion
src/hudmsg.c	00429120	00437FD3	00429DD0	004690FF	1	827	745				0046431A	SetInputKeyState	26			00436420	wc2-insertion
src/hudmsg.c	00429120	00437FD3	00429DD0	004690FF	1	827	746				0046436E	BuildObjectDepthOrder	87			00436460	wc2-insertion
src/hudmsg.c	00429120	00437FD3	00429DD0	004690FF	1	827	747				004644DA	draw_sorted_objects_to_buffer	133			00436520	wc2-insertion
src/hudmsg.c	00429120	00437FD3	00429DD0	004690FF	1	827	748				0046470E	intro_drawbackgroundships	109			00436650	wc2-insertion
src/hudmsg.c	00429120	00437FD3	00429DD0	004690FF	1	827	749				004648C5	set_up_screen_viewport	92			00436740	wc2-insertion
src/hudmsg.c	00429120	00437FD3	00429DD0	004690FF	1	827	750				00464A5E	FUN_00464A5E	12				wc2-insertion
src/hudmsg.c	00429120	00437FD3	00429DD0	004690FF	1	827	751				00464A70	FUN_00464A70	11				wc2-insertion
src/hudmsg.c	00429120	00437FD3	00429DD0	004690FF	1	827	752				00464A80	FUN_00464A80	11				wc2-insertion
src/hudmsg.c	00429120	00437FD3	00429DD0	004690FF	1	827	753				00464A90	FUN_00464A90	11				wc2-insertion
src/hudmsg.c	00429120	00437FD3	00429DD0	004690FF	1	827	754				00464AA0	MouseIdleHook	11			004368C0	wc2-insertion
src/hudmsg.c	00429120	00437FD3	00429DD0	004690FF	1	827	755				00464AB0	GetNavRangeSentinel	12			004368E0	wc2-insertion
src/hudmsg.c	00429120	00437FD3	00429DD0	004690FF	1	827	756				00464AC4	GetOriginalFreeMemory	12			004368F0	wc2-insertion
src/hudmsg.c	00429120	00437FD3	00429DD0	004690FF	1	827	757				00464AD8	FUN_00464AD8	11				wc2-insertion
src/hudmsg.c	00429120	00437FD3	00429DD0	004690FF	1	827	758				00464AE8	StartupHook	11			00436900	wc2-insertion
src/hudmsg.c	00429120	00437FD3	00429DD0	004690FF	1	827	759				00464AF8	FUN_00464AF8	12				wc2-insertion
src/hudmsg.c	00429120	00437FD3	00429DD0	004690FF	1	827	760				00464B0B	JoystickEdgeHook	11			00436910	wc2-insertion
src/hudmsg.c	00429120	00437FD3	00429DD0	004690FF	1	827	761				00464B1B	FUN_00464B1B	16				wc2-insertion
src/hudmsg.c	00429120	00437FD3	00429DD0	004690FF	1	827	762				00464B3A	FreeIfNotNull	17			00436950	wc2-insertion
src/hudmsg.c	00429120	00437FD3	00429DD0	004690FF	1	827	763				00464B60	FUN_00464B60	12				wc2-insertion
src/hudmsg.c	00429120	00437FD3	00429DD0	004690FF	1	827	764				00464B72	FUN_00464B72	11				wc2-insertion
src/hudmsg.c	00429120	00437FD3	00429DD0	004690FF	1	827	765				00464B82	FUN_00464B82	11				wc2-insertion
src/hudmsg.c	00429120	00437FD3	00429DD0	004690FF	1	827	766				00464B92	FUN_00464B92	12				wc2-insertion
src/hudmsg.c	00429120	00437FD3	00429DD0	004690FF	1	827	767				00464BA5	FUN_00464BA5	12				wc2-insertion
src/hudmsg.c	00429120	00437FD3	00429DD0	004690FF	1	827	768				00464BB8	FUN_00464BB8	12				wc2-insertion
src/hudmsg.c	00429120	00437FD3	00429DD0	004690FF	1	827	769				00464BCB	FUN_00464BCB	11				wc2-insertion
src/hudmsg.c	00429120	00437FD3	00429DD0	004690FF	1	827	770				00464BDB	FUN_00464BDB	11				wc2-insertion
src/hudmsg.c	00429120	00437FD3	00429DD0	004690FF	1	827	771				00464BEB	FUN_00464BEB	12				wc2-insertion
src/hudmsg.c	00429120	00437FD3	00429DD0	004690FF	1	827	772				00464BFE	IsVectorWithinRange	29			00436A00	wc2-insertion
src/hudmsg.c	00429120	00437FD3	00429DD0	004690FF	1	827	773				00464C4B	FUN_00464C4B	33				wc2-insertion
src/hudmsg.c	00429120	00437FD3	00429DD0	004690FF	1	827	774				00464CA4	FUN_00464CA4	53				wc2-insertion
src/hudmsg.c	00429120	00437FD3	00429DD0	004690FF	1	827	775				00464D5F	ServiceInputDevices	45				wc2-insertion
src/hudmsg.c	00429120	00437FD3	00429DD0	004690FF	1	827	776				00464E06	SetInputViewport	13				wc2-insertion
src/hudmsg.c	00429120	00437FD3	00429DD0	004690FF	1	827	777				00464E1E	ClearInputPump	14				wc2-insertion
src/hudmsg.c	00429120	00437FD3	00429DD0	004690FF	1	827	778				00464E35	SetMenuInputPump	14				wc2-insertion
src/hudmsg.c	00429120	00437FD3	00429DD0	004690FF	1	827	779				00464E4F	ConfigureInputPump	16				wc2-insertion
src/hudmsg.c	00429120	00437FD3	00429DD0	004690FF	1	827	780				00464E73	FUN_00464E73	38				wc2-insertion
src/hudmsg.c	00429120	00437FD3	00429DD0	004690FF	1	827	781				00464EE0	FUN_00464EE0	11				wc2-insertion
src/hudmsg.c	00429120	00437FD3	00429DD0	004690FF	1	827	782				00464EF0	FUN_00464EF0	11				wc2-insertion
src/hudmsg.c	00429120	00437FD3	00429DD0	004690FF	1	827	783				00464F00	FUN_00464F00	11				wc2-insertion
src/hudmsg.c	00429120	00437FD3	00429DD0	004690FF	1	827	784				00464F10	FUN_00464F10	12				wc2-insertion
src/hudmsg.c	00429120	00437FD3	00429DD0	004690FF	1	827	785				00464F25	GetNamedPacketSize	17				wc2-insertion
src/hudmsg.c	00429120	00437FD3	00429DD0	004690FF	1	827	786				00464F45	LoadNamedPacket	25				wc2-insertion
src/hudmsg.c	00429120	00437FD3	00429DD0	004690FF	1	827	787				00464F75	FUN_00464F75	36				wc2-insertion
src/hudmsg.c	00429120	00437FD3	00429DD0	004690FF	1	827	788				00464FD7	FUN_00464FD7	11				wc2-insertion
src/hudmsg.c	00429120	00437FD3	00429DD0	004690FF	1	827	789				00464FE7	FUN_00464FE7	27				wc2-insertion
src/hudmsg.c	00429120	00437FD3	00429DD0	004690FF	1	827	790				0046502E	FUN_0046502E	11				wc2-insertion
src/hudmsg.c	00429120	00437FD3	00429DD0	004690FF	1	827	791				0046503E	FUN_0046503E	11				wc2-insertion
src/hudmsg.c	00429120	00437FD3	00429DD0	004690FF	1	827	792				0046504E	FUN_0046504E	11				wc2-insertion
src/hudmsg.c	00429120	00437FD3	00429DD0	004690FF	1	827	793				0046505E	AlignSpriteFrameToRectCorner	101			0042E1D0	wc2-insertion
src/hudmsg.c	00429120	00437FD3	00429DD0	004690FF	1	827	794				004651B7	GetViewportIntersection	291				wc2-insertion
src/hudmsg.c	00429120	00437FD3	00429DD0	004690FF	1	827	795				00465644	FUN_00465644	53				wc2-insertion
src/hudmsg.c	00429120	00437FD3	00429DD0	004690FF	1	827	796				004656CC	FUN_004656CC	15				wc2-insertion
src/hudmsg.c	00429120	00437FD3	00429DD0	004690FF	1	827	797				004656EB	FUN_004656EB	15				wc2-insertion
src/hudmsg.c	00429120	00437FD3	00429DD0	004690FF	1	827	798				0046570E	FUN_0046570E	12				wc2-insertion
src/hudmsg.c	00429120	00437FD3	00429DD0	004690FF	1	827	799				00465730	FUN_00465730	24				wc2-insertion
src/hudmsg.c	00429120	00437FD3	00429DD0	004690FF	1	827	800				00465780	FUN_00465780	14				wc2-insertion
src/hudmsg.c	00429120	00437FD3	00429DD0	004690FF	1	827	801				0046579D	LogMemoryUsage	69			004272F0	wc2-insertion
src/hudmsg.c	00429120	00437FD3	00429DD0	004690FF	1	827	802				0046589D	FUN_0046589D	29				wc2-insertion
src/hudmsg.c	00429120	00437FD3	00429DD0	004690FF	1	827	803				004658E9	FUN_004658E9	14				wc2-insertion
src/hudmsg.c	00429120	00437FD3	00429DD0	004690FF	1	827	804				00465906	FUN_00465906	12				wc2-insertion
src/hudmsg.c	00429120	00437FD3	00429DD0	004690FF	1	827	805				0046591A	GameFlow	204			0040F4B0	wc2-insertion
src/hudmsg.c	00429120	00437FD3	00429DD0	004690FF	1	827	806				00465CBC	free_view_buffer	20			004279D0	wc2-insertion
src/hudmsg.c	00429120	00437FD3	00429DD0	004690FF	1	827	807				00465CF6	initialize_view_buffer	29			00427A00	wc2-insertion
src/hudmsg.c	00429120	00437FD3	00429DD0	004690FF	1	827	808				00465D55	dump_buffer_to_screen	50			00427A40	wc2-insertion
src/hudmsg.c	00429120	00437FD3	00429DD0	004690FF	1	827	809				00465E25	SelectNextExternalViewObject	29			00428C90	wc2-insertion
src/hudmsg.c	00429120	00437FD3	00429DD0	004690FF	1	827	810				00465E88	clear_view_buffer	15			00427B00	wc2-insertion
src/hudmsg.c	00429120	00437FD3	00429DD0	004690FF	1	827	811				00465EA9	RefreshMemoryStatusOverlay	21			00427C30	wc2-insertion
src/hudmsg.c	00429120	00437FD3	00429DD0	004690FF	1	827	812				00465EE9	Update_3Space	23			00427C50	wc2-insertion
src/hudmsg.c	00429120	00437FD3	00429DD0	004690FF	1	827	813				00465F3A	TriggerPlayerHitPaletteFlash	13			00427C80	wc2-insertion
src/hudmsg.c	00429120	00437FD3	00429DD0	004690FF	1	827	814				00465F5B	FadeFlightPaletteEntry	26			00427CA0	wc2-insertion
src/hudmsg.c	00429120	00437FD3	00429DD0	004690FF	1	827	815				00465FA3	UpdateSpacePaletteFade	42			00427CD0	wc2-insertion
src/hudmsg.c	00429120	00437FD3	00429DD0	004690FF	1	827	816				0046604F	house_keep	88			00427D40	wc2-insertion
src/hudmsg.c	00429120	00437FD3	00429DD0	004690FF	1	827	817				004661C2	get_player_input	109			00427E40	wc2-insertion
src/hudmsg.c	00429120	00437FD3	00429DD0	004690FF	1	827	818				004663A2	process_player_input	249			00427F20	wc2-insertion
src/hudmsg.c	00429120	00437FD3	00429DD0	004690FF	1	827	819				00466908	fire_players_lasers	32			00428480	wc2-insertion
src/hudmsg.c	00429120	00437FD3	00429DD0	004690FF	1	827	820				0046696E	players_flight_dynamics	83			004284D0	wc2-insertion
src/hudmsg.c	00429120	00437FD3	00429DD0	004690FF	1	827	821				00466AD2	FUN_00466AD2	20				wc2-insertion
src/hudmsg.c	00429120	00437FD3	00429DD0	004690FF	1	827	822				00466B02	player_input	432			004285D0	wc2-insertion
src/hudmsg.c	00429120	00437FD3	00429DD0	004690FF	1	827	823				004672C5	MeasureMessageWidth	25			00428E70	wc2-insertion
src/hudmsg.c	00429120	00437FD3	00429DD0	004690FF	1	827	824				00467300	FUN_00467300	23				wc2-insertion
src/hudmsg.c	00429120	00437FD3	00429DD0	004690FF	1	827	825				0046733D	HandleSpaceFlightControls	1500			00429160	wc2-insertion
src/hudmsg.c	00429120	00437FD3	00429DD0	004690FF	1	827	826				00468E7A	DrawSpaceSceneFrame	90				wc2-insertion
src/hudmsg.c	00429120	00437FD3	00429DD0	004690FF	1	827	827				0046903F	RenderSpaceViewFrame	45			00429FC0	wc2-insertion
src/hudmsg.c	00429FC0	0046903F	0042A0E0	00469143	1	1	1	0042A0C0	RefreshCockpitStatus	5	004690FF	Draw_3Space_Frame	21	00401A10	50.00	00429DD0	source-and-target-conflict
src/ix/dspv.cpp	00446EBF	0048A92F	00446F74	0048BFF8	0	14	1				0048A9F0	FUN_0048A9F0	12				wc2-insertion
src/ix/dspv.cpp	00446EBF	0048A92F	00446F74	0048BFF8	0	14	2				0048AA05	FUN_0048AA05	11				wc2-insertion
src/ix/dspv.cpp	00446EBF	0048A92F	00446F74	0048BFF8	0	14	3				0048AA15	ix_dsps_alloc	195			004451B5	wc2-insertion
src/ix/dspv.cpp	00446EBF	0048A92F	00446F74	0048BFF8	0	14	4				0048ACCB	ix_dsps_free	81			0044546B	wc2-insertion
src/ix/dspv.cpp	00446EBF	0048A92F	00446F74	0048BFF8	0	14	5				0048ADE2	ix_dsps_prepare	95			00445582	wc2-insertion
src/ix/dspv.cpp	00446EBF	0048A92F	00446F74	0048BFF8	0	14	6				0048AF38	ix_dsps_play	86			004456D8	wc2-insertion
src/ix/dspv.cpp	00446EBF	0048A92F	00446F74	0048BFF8	0	14	7				0048B068	ix_dsps_stop	70			00445808	wc2-insertion
src/ix/dspv.cpp	00446EBF	0048A92F	00446F74	0048BFF8	0	14	8				0048B166	ix_dsps_set_volume	78			00445906	wc2-insertion
src/ix/dspv.cpp	00446EBF	0048A92F	00446F74	0048BFF8	0	14	9				0048B26B	ix_dsps_get_flags	32			00445A0B	wc2-insertion
src/ix/dspv.cpp	00446EBF	0048A92F	00446F74	0048BFF8	0	14	10				0048B2CF	ix_dsps_get_buffer_free	175			00445A6F	wc2-insertion
src/ix/dspv.cpp	00446EBF	0048A92F	00446F74	0048BFF8	0	14	11				0048B53B	ix_dsps_lock	101			00445CDB	wc2-insertion
src/ix/dspv.cpp	00446EBF	0048A92F	00446F74	0048BFF8	0	14	12				0048B69C	ix_dsps_unlock	83			00445E3C	wc2-insertion
src/ix/dspv.cpp	00446EBF	0048A92F	00446F74	0048BFF8	0	14	13				0048B7C0	ix_mixer_thread_proc	296			00445F60	wc2-insertion
src/ix/dspv.cpp	00446EBF	0048A92F	00446F74	0048BFF8	0	14	14				0048BC5C	ix_mixer_service	262			004463FC	wc2-insertion
src/ix/lzo1x.cpp	004614C0	0048C290	00461650	0048C420	2	2	1	00461630	FUN_00461630	12	0048C400	FUN_0048C400	11				untracked-export
src/ix/lzo1x.cpp	004614C0	0048C290	00461650	0048C420	2	2	2	00461640	FUN_00461640	12	0048C410	FUN_0048C410	11				untracked-export
src/ix/lzo1x.cpp	00461718	0048C4E8	00461764	0048C534	1	1	1	0046173E	operator_newDup46173E	21	0048C50E	FUN_0048C50E	20				untracked-export
src/ix/streamer.cpp	0044291E	00469EA6	0044293E	0046BF3E	0	38	1				00469EC6	ix_system_get_master_volume	12			00447446	wc2-insertion
src/ix/streamer.cpp	0044291E	00469EA6	0044293E	0046BF3E	0	38	2				00469EDB	ix_system_set_master_volume	15			0044745B	wc2-insertion
src/ix/streamer.cpp	0044291E	00469EA6	0044293E	0046BF3E	0	38	3				00469EF7	ix_system_get_voice_count	12			00447477	wc2-insertion
src/ix/streamer.cpp	0044291E	00469EA6	0044293E	0046BF3E	0	38	4				00469F0C	ix_system_set_voice_count	27			0044748C	wc2-insertion
src/ix/streamer.cpp	0044291E	00469EA6	0044293E	0046BF3E	0	38	5				00469F63	ix_system_new_sample	21			004474E3	wc2-insertion
src/ix/streamer.cpp	0044291E	00469EA6	0044293E	0046BF3E	0	38	6				00469F99	ix_system_delete_sample	19			00447519	wc2-insertion
src/ix/streamer.cpp	0044291E	00469EA6	0044293E	0046BF3E	0	38	7				00469FC8	ix_system_delete_all_samples	26			00447548	wc2-insertion
src/ix/streamer.cpp	0044291E	00469EA6	0044293E	0046BF3E	0	38	8				0046A00D	ix_system_new_sound	23			0044758D	wc2-insertion
src/ix/streamer.cpp	0044291E	00469EA6	0044293E	0046BF3E	0	38	9				0046A047	ix_system_delete_sound	26			004475C7	wc2-insertion
src/ix/streamer.cpp	0044291E	00469EA6	0044293E	0046BF3E	0	38	10				0046A090	ix_system_delete_all_sounds	54			00447610	wc2-insertion
src/ix/streamer.cpp	0044291E	00469EA6	0044293E	0046BF3E	0	38	11				0046A139	ix_system_release_voice	25			004476B9	wc2-insertion
src/ix/streamer.cpp	0044291E	00469EA6	0044293E	0046BF3E	0	38	12				0046A17A	ix_system_assign_voice	186			004476FA	wc2-insertion
src/ix/streamer.cpp	0044291E	00469EA6	0044293E	0046BF3E	0	38	13				0046A3A1	ix_system_find_highest_waiting	29			00447921	wc2-insertion
src/ix/streamer.cpp	0044291E	00469EA6	0044293E	0046BF3E	0	38	14				0046A3F4	ix_system_find_lowest_playing	29			00447974	wc2-insertion
src/ix/streamer.cpp	0044291E	00469EA6	0044293E	0046BF3E	0	38	15				0046A447	ix_system_find_free_voice	27			004479C7	wc2-insertion
src/ix/streamer.cpp	0044291E	00469EA6	0044293E	0046BF3E	0	38	16				0046A4A0	IxSound::ix_system_sound_init	77			00447A20	wc2-insertion
src/ix/streamer.cpp	0044291E	00469EA6	0044293E	0046BF3E	0	38	17				0046A597	IxSound::ix_system_sound_construct	22			00447B17	wc2-insertion
src/ix/streamer.cpp	0044291E	00469EA6	0044293E	0046BF3E	0	38	18				0046A5C8	IxSound::ix_system_sound_construct_centred	21			00447B48	wc2-insertion
src/ix/streamer.cpp	0044291E	00469EA6	0044293E	0046BF3E	0	38	19				0046A5FA	ix_sound_unlink_from_free_list	37			00447B7A	wc2-insertion
src/ix/streamer.cpp	0044291E	00469EA6	0044293E	0046BF3E	0	38	20				0046A667	IxSound::ix_system_sound_set_volume	20			00447BE7	wc2-insertion
src/ix/streamer.cpp	0044291E	00469EA6	0044293E	0046BF3E	0	38	21				0046A698	IxSound::ix_system_sound_set_pan	18			00447C18	wc2-insertion
src/ix/streamer.cpp	0044291E	00469EA6	0044293E	0046BF3E	0	38	22				0046A6C4	IxSound::ix_system_sound_set_frequency	38			00447C44	wc2-insertion
src/ix/streamer.cpp	0044291E	00469EA6	0044293E	0046BF3E	0	38	23				0046A72F	IxSound::ix_system_sound_set_priority	18			00447CAF	wc2-insertion
src/ix/streamer.cpp	0044291E	00469EA6	0044293E	0046BF3E	0	38	24				0046A758	ix_sound_start	228			00447CD8	wc2-insertion
src/ix/streamer.cpp	0044291E	00469EA6	0044293E	0046BF3E	0	38	25				0046AA9E	ix_sound_release	50			0044801E	wc2-insertion
src/ix/streamer.cpp	0044291E	00469EA6	0044293E	0046BF3E	0	38	26				0046AB4F	ix_sound_stop	159			004480CF	wc2-insertion
src/ix/streamer.cpp	0044291E	00469EA6	0044293E	0046BF3E	0	38	27				0046AD9A	IxSound::ix_sound_reprioritise	228			0044831A	wc2-insertion
src/ix/streamer.cpp	0044291E	00469EA6	0044293E	0046BF3E	0	38	28				0046B0C5	IxSound::ix_sound_set_delete_on_stop	20			00448645	wc2-insertion
src/ix/streamer.cpp	0044291E	00469EA6	0044293E	0046BF3E	0	38	29				0046B0F8	ix_sound_is_playing	19			00448678	wc2-insertion
src/ix/streamer.cpp	0044291E	00469EA6	0044293E	0046BF3E	0	38	30				0046B130	IxSample::ix_sample_construct	29			004486B0	wc2-insertion
src/ix/streamer.cpp	0044291E	00469EA6	0044293E	0046BF3E	0	38	31				0046B18F	IxSample::ix_sample_destruct	45			0044870F	wc2-insertion
src/ix/streamer.cpp	0044291E	00469EA6	0044293E	0046BF3E	0	38	32				0046B21C	IxSample::ix_sample_load_aiff	352			0044879C	wc2-insertion
src/ix/streamer.cpp	0044291E	00469EA6	0044293E	0046BF3E	0	38	33				0046B70B	IxSample::ix_sample_load_wav	253			00448C8B	wc2-insertion
src/ix/streamer.cpp	0044291E	00469EA6	0044293E	0046BF3E	0	38	34				0046BAC4	IxSample::ix_sample_load_raw	85			00449044	wc2-insertion
src/ix/streamer.cpp	0044291E	00469EA6	0044293E	0046BF3E	0	38	35				0046BBCC	IxSample::ix_sample_convert_from_ieee_extended	117			0044914C	wc2-insertion
src/ix/streamer.cpp	0044291E	00469EA6	0044293E	0046BF3E	0	38	36				0046BD50	ix_streamer_init	72			00442750	wc2-insertion
src/ix/streamer.cpp	0044291E	00469EA6	0044293E	0046BF3E	0	38	37				0046BE6F	ix_streamer_destroy	42			0044286F	wc2-insertion
src/ix/streamer.cpp	0044291E	00469EA6	0044293E	0046BF3E	0	38	38				0046BF1E	FUN_0046BF1E	17				wc2-insertion
src/ix/system.cpp	00447426	004624A7	00447446	00469EC6	0	169	1				004624C7	FUN_004624C7	23			00461AB0	wc2-insertion
src/ix/system.cpp	00447426	004624A7	00447446	00469EC6	0	169	2				0046250B	DosStrlen	15			004354D0	wc2-insertion
src/ix/system.cpp	00447426	004624A7	00447446	00469EC6	0	169	3				00462527	FUN_00462527	20				wc2-insertion
src/ix/system.cpp	00447426	004624A7	00447446	00469EC6	0	169	4				00462550	FUN_00462550	20				wc2-insertion
src/ix/system.cpp	00447426	004624A7	00447446	00469EC6	0	169	5				0046257A	FUN_0046257A	12				wc2-insertion
src/ix/system.cpp	00447426	004624A7	00447446	00469EC6	0	169	6				0046258D	FUN_0046258D	11				wc2-insertion
src/ix/system.cpp	00447426	004624A7	00447446	00469EC6	0	169	7				0046259D	FUN_0046259D	18				wc2-insertion
src/ix/system.cpp	00447426	004624A7	00447446	00469EC6	0	169	8				004625CB	FUN_004625CB	16				wc2-insertion
src/ix/system.cpp	00447426	004624A7	00447446	00469EC6	0	169	9				004625F2	FUN_004625F2	12				wc2-insertion
src/ix/system.cpp	00447426	004624A7	00447446	00469EC6	0	169	10				00462605	FUN_00462605	11				wc2-insertion
src/ix/system.cpp	00447426	004624A7	00447446	00469EC6	0	169	11				00462615	FUN_00462615	11				wc2-insertion
src/ix/system.cpp	00447426	004624A7	00447446	00469EC6	0	169	12				00462625	TranslatePolledInputEvent	142			004355F0	wc2-insertion
src/ix/system.cpp	00447426	004624A7	00447446	00469EC6	0	169	13				00462849	QueueInputEventAtCursor	30			004356A0	wc2-insertion
src/ix/system.cpp	00447426	004624A7	00447446	00469EC6	0	169	14				00462890	AllocateInputEvent	45			004356E0	wc2-insertion
src/ix/system.cpp	00447426	004624A7	00447446	00469EC6	0	169	15				0046294F	ReleaseInputEvent	25			00435760	wc2-insertion
src/ix/system.cpp	00447426	004624A7	00447446	00469EC6	0	169	16				004629A7	QueueInputEvent	145			00435790	wc2-insertion
src/ix/system.cpp	00447426	004624A7	00447446	00469EC6	0	169	17				00462C43	ReleaseInputEventQueue	29			004358B0	wc2-insertion
src/ix/system.cpp	00447426	004624A7	00447446	00469EC6	0	169	18				00462C9C	RetainInputEventsOfType	54			004358E0	wc2-insertion
src/ix/system.cpp	00447426	004624A7	00447446	00469EC6	0	169	19				00462D48	RemoveInputEvent	51			00435940	wc2-insertion
src/ix/system.cpp	00447426	004624A7	00447446	00469EC6	0	169	20				00462DFC	GetNextInputEvent	265			004359C0	wc2-insertion
src/ix/system.cpp	00447426	004624A7	00447446	00469EC6	0	169	21				0046327F	PollInputEvent	18			00435CC0	wc2-insertion
src/ix/system.cpp	00447426	004624A7	00447446	00469EC6	0	169	22				004632A5	PeekInputEvent	94			00435CE0	wc2-insertion
src/ix/system.cpp	00447426	004624A7	00447446	00469EC6	0	169	23				004633E7	FindQueuedInputEvent	94			00435D80	wc2-insertion
src/ix/system.cpp	00447426	004624A7	00447446	00469EC6	0	169	24				0046354F	FlushInputEvents	15			00435DB0	wc2-insertion
src/ix/system.cpp	00447426	004624A7	00447446	00469EC6	0	169	25				00463571	InitializeMouseCursorDepth	13			00435DC0	wc2-insertion
src/ix/system.cpp	00447426	004624A7	00447446	00469EC6	0	169	26				0046358F	FUN_0046358F	12				wc2-insertion
src/ix/system.cpp	00447426	004624A7	00447446	00469EC6	0	169	27				004635A3	FUN_004635A3	11				wc2-insertion
src/ix/system.cpp	00447426	004624A7	00447446	00469EC6	0	169	28				004635B3	FUN_004635B3	11				wc2-insertion
src/ix/system.cpp	00447426	004624A7	00447446	00469EC6	0	169	29				004635C3	FUN_004635C3	11				wc2-insertion
src/ix/system.cpp	00447426	004624A7	00447446	00469EC6	0	169	30				004635D3	CheckCursor	11			00435DE0	wc2-insertion
src/ix/system.cpp	00447426	004624A7	00447446	00469EC6	0	169	31				004635E3	CaptureMouseCursorBackground	63			00435E20	wc2-insertion
src/ix/system.cpp	00447426	004624A7	00447446	00469EC6	0	169	32				004636F7	DrawMouseCursor	57			00435EF0	wc2-insertion
src/ix/system.cpp	00447426	004624A7	00447446	00469EC6	0	169	33				004637F4	RestoreMouseCursorBackground	60			00435FA0	wc2-insertion
src/ix/system.cpp	00447426	004624A7	00447446	00469EC6	0	169	34				004638F1	RefreshMouseCursorDisplay	30			00436060	wc2-insertion
src/ix/system.cpp	00447426	004624A7	00447446	00469EC6	0	169	35				0046396C	ResumeMouseCursor	13			004360D0	wc2-insertion
src/ix/system.cpp	00447426	004624A7	00447446	00469EC6	0	169	36				00463BA1	FUN_00463BA1	14				wc2-insertion
src/ix/system.cpp	00447426	004624A7	00447446	00469EC6	0	169	37				00463E19	SuspendMouseCursor	13			004360E0	wc2-insertion
src/ix/system.cpp	00447426	004624A7	00447446	00469EC6	0	169	38				00463EEE	SetMouseCursorShape	36			004360F0	wc2-insertion
src/ix/system.cpp	00447426	004624A7	00447446	00469EC6	0	169	39				00463F74	SetMouseHomePosition	21			00436160	wc2-insertion
src/ix/system.cpp	00447426	004624A7	00447446	00469EC6	0	169	40				00463FAA	ApplyPackedMousePosition	21			00436190	wc2-insertion
src/ix/system.cpp	00447426	004624A7	00447446	00469EC6	0	169	41				00463FE0	FUN_00463FE0	17				wc2-insertion
src/ix/system.cpp	00447426	004624A7	00447446	00469EC6	0	169	42				00464009	SetFrameTimerPeriod	14			004361E0	wc2-insertion
src/ix/system.cpp	00447426	004624A7	00447446	00469EC6	0	169	43				00464021	SetFrameTimerAndWait	15			004361F0	wc2-insertion
src/ix/system.cpp	00447426	004624A7	00447446	00469EC6	0	169	44				0046403D	SetFrameTimerPeriodDirect	14			00436210	wc2-insertion
src/ix/system.cpp	00447426	004624A7	00447446	00469EC6	0	169	45				00464055	WaitForFrameTick	13			00436230	wc2-insertion
src/ix/system.cpp	00447426	004624A7	00447446	00469EC6	0	169	46				00464072	IsFrameTickElapsed	16			00436240	wc2-insertion
src/ix/system.cpp	00447426	004624A7	00447446	00469EC6	0	169	47				0046409B	FUN_0046409B	30				wc2-insertion
src/ix/system.cpp	00447426	004624A7	00447446	00469EC6	0	169	48				004640E4	FUN_004640E4	11				wc2-insertion
src/ix/system.cpp	00447426	004624A7	00447446	00469EC6	0	169	49				004640F4	FUN_004640F4	15				wc2-insertion
src/ix/system.cpp	00447426	004624A7	00447446	00469EC6	0	169	50				00464123	FUN_00464123	16				wc2-insertion
src/ix/system.cpp	00447426	004624A7	00447446	00469EC6	0	169	51				00464141	GetSoundHardwareFlag	12			00436260	wc2-insertion
src/ix/system.cpp	00447426	004624A7	00447446	00469EC6	0	169	52				00464153	FUN_00464153	14				wc2-insertion
src/ix/system.cpp	00447426	004624A7	00447446	00469EC6	0	169	53				0046416A	TimerResetHook	11			004362A0	wc2-insertion
src/ix/system.cpp	00447426	004624A7	00447446	00469EC6	0	169	54				0046417A	GetVideoReleaseResult	12			004362B0	wc2-insertion
src/ix/system.cpp	00447426	004624A7	00447446	00469EC6	0	169	55				0046418D	IdentityWord	12			004362C0	wc2-insertion
src/ix/system.cpp	00447426	004624A7	00447446	00469EC6	0	169	56				004641A0	TimerStopHook	11			004362D0	wc2-insertion
src/ix/system.cpp	00447426	004624A7	00447446	00469EC6	0	169	57				004641B0	GetAvailableFarMemory	12			004362E0	wc2-insertion
src/ix/system.cpp	00447426	004624A7	00447446	00469EC6	0	169	58				004641C5	GetLargestFreeMemoryBlock	12			004362F0	wc2-insertion
src/ix/system.cpp	00447426	004624A7	00447446	00469EC6	0	169	59				004641DA	FUN_004641DA	12				wc2-insertion
src/ix/system.cpp	00447426	004624A7	00447446	00469EC6	0	169	60				004641EC	FUN_004641EC	11				wc2-insertion
src/ix/system.cpp	00447426	004624A7	00447446	00469EC6	0	169	61				004641FC	FUN_004641FC	12				wc2-insertion
src/ix/system.cpp	00447426	004624A7	00447446	00469EC6	0	169	62				0046420E	FUN_0046420E	12				wc2-insertion
src/ix/system.cpp	00447426	004624A7	00447446	00469EC6	0	169	63				00464220	FUN_00464220	12				wc2-insertion
src/ix/system.cpp	00447426	004624A7	00447446	00469EC6	0	169	64				00464233	FUN_00464233	11				wc2-insertion
src/ix/system.cpp	00447426	004624A7	00447446	00469EC6	0	169	65				00464243	FUN_00464243	12				wc2-insertion
src/ix/system.cpp	00447426	004624A7	00447446	00469EC6	0	169	66				00464255	FUN_00464255	12				wc2-insertion
src/ix/system.cpp	00447426	004624A7	00447446	00469EC6	0	169	67				00464268	FUN_00464268	12				wc2-insertion
src/ix/system.cpp	00447426	004624A7	00447446	00469EC6	0	169	68				0046427B	FUN_0046427B	11				wc2-insertion
src/ix/system.cpp	00447426	004624A7	00447446	00469EC6	0	169	69				0046428B	ClearInputKeyStatePreservingModifiers	27			004363A0	wc2-insertion
src/ix/system.cpp	00447426	004624A7	00447446	00469EC6	0	169	70				004642D6	ClearInputKeyState	16			004363E0	wc2-insertion
src/ix/system.cpp	00447426	004624A7	00447446	00469EC6	0	169	71				004642FA	FUN_004642FA	11				wc2-insertion
src/ix/system.cpp	00447426	004624A7	00447446	00469EC6	0	169	72				0046430A	FUN_0046430A	11				wc2-insertion
src/ix/system.cpp	00447426	004624A7	00447446	00469EC6	0	169	73				0046431A	SetInputKeyState	26			00436420	wc2-insertion
src/ix/system.cpp	00447426	004624A7	00447446	00469EC6	0	169	74				0046436E	BuildObjectDepthOrder	87			00436460	wc2-insertion
src/ix/system.cpp	00447426	004624A7	00447446	00469EC6	0	169	75				004644DA	draw_sorted_objects_to_buffer	133			00436520	wc2-insertion
src/ix/system.cpp	00447426	004624A7	00447446	00469EC6	0	169	76				0046470E	intro_drawbackgroundships	109			00436650	wc2-insertion
src/ix/system.cpp	00447426	004624A7	00447446	00469EC6	0	169	77				004648C5	set_up_screen_viewport	92			00436740	wc2-insertion
src/ix/system.cpp	00447426	004624A7	00447446	00469EC6	0	169	78				00464A5E	FUN_00464A5E	12				wc2-insertion
src/ix/system.cpp	00447426	004624A7	00447446	00469EC6	0	169	79				00464A70	FUN_00464A70	11				wc2-insertion
src/ix/system.cpp	00447426	004624A7	00447446	00469EC6	0	169	80				00464A80	FUN_00464A80	11				wc2-insertion
src/ix/system.cpp	00447426	004624A7	00447446	00469EC6	0	169	81				00464A90	FUN_00464A90	11				wc2-insertion
src/ix/system.cpp	00447426	004624A7	00447446	00469EC6	0	169	82				00464AA0	MouseIdleHook	11			004368C0	wc2-insertion
src/ix/system.cpp	00447426	004624A7	00447446	00469EC6	0	169	83				00464AB0	GetNavRangeSentinel	12			004368E0	wc2-insertion
src/ix/system.cpp	00447426	004624A7	00447446	00469EC6	0	169	84				00464AC4	GetOriginalFreeMemory	12			004368F0	wc2-insertion
src/ix/system.cpp	00447426	004624A7	00447446	00469EC6	0	169	85				00464AD8	FUN_00464AD8	11				wc2-insertion
src/ix/system.cpp	00447426	004624A7	00447446	00469EC6	0	169	86				00464AE8	StartupHook	11			00436900	wc2-insertion
src/ix/system.cpp	00447426	004624A7	00447446	00469EC6	0	169	87				00464AF8	FUN_00464AF8	12				wc2-insertion
src/ix/system.cpp	00447426	004624A7	00447446	00469EC6	0	169	88				00464B0B	JoystickEdgeHook	11			00436910	wc2-insertion
src/ix/system.cpp	00447426	004624A7	00447446	00469EC6	0	169	89				00464B1B	FUN_00464B1B	16				wc2-insertion
src/ix/system.cpp	00447426	004624A7	00447446	00469EC6	0	169	90				00464B3A	FreeIfNotNull	17			00436950	wc2-insertion
src/ix/system.cpp	00447426	004624A7	00447446	00469EC6	0	169	91				00464B60	FUN_00464B60	12				wc2-insertion
src/ix/system.cpp	00447426	004624A7	00447446	00469EC6	0	169	92				00464B72	FUN_00464B72	11				wc2-insertion
src/ix/system.cpp	00447426	004624A7	00447446	00469EC6	0	169	93				00464B82	FUN_00464B82	11				wc2-insertion
src/ix/system.cpp	00447426	004624A7	00447446	00469EC6	0	169	94				00464B92	FUN_00464B92	12				wc2-insertion
src/ix/system.cpp	00447426	004624A7	00447446	00469EC6	0	169	95				00464BA5	FUN_00464BA5	12				wc2-insertion
src/ix/system.cpp	00447426	004624A7	00447446	00469EC6	0	169	96				00464BB8	FUN_00464BB8	12				wc2-insertion
src/ix/system.cpp	00447426	004624A7	00447446	00469EC6	0	169	97				00464BCB	FUN_00464BCB	11				wc2-insertion
src/ix/system.cpp	00447426	004624A7	00447446	00469EC6	0	169	98				00464BDB	FUN_00464BDB	11				wc2-insertion
src/ix/system.cpp	00447426	004624A7	00447446	00469EC6	0	169	99				00464BEB	FUN_00464BEB	12				wc2-insertion
src/ix/system.cpp	00447426	004624A7	00447446	00469EC6	0	169	100				00464BFE	IsVectorWithinRange	29			00436A00	wc2-insertion
src/ix/system.cpp	00447426	004624A7	00447446	00469EC6	0	169	101				00464C4B	FUN_00464C4B	33				wc2-insertion
src/ix/system.cpp	00447426	004624A7	00447446	00469EC6	0	169	102				00464CA4	FUN_00464CA4	53				wc2-insertion
src/ix/system.cpp	00447426	004624A7	00447446	00469EC6	0	169	103				00464D5F	ServiceInputDevices	45				wc2-insertion
src/ix/system.cpp	00447426	004624A7	00447446	00469EC6	0	169	104				00464E06	SetInputViewport	13				wc2-insertion
src/ix/system.cpp	00447426	004624A7	00447446	00469EC6	0	169	105				00464E1E	ClearInputPump	14				wc2-insertion
src/ix/system.cpp	00447426	004624A7	00447446	00469EC6	0	169	106				00464E35	SetMenuInputPump	14				wc2-insertion
src/ix/system.cpp	00447426	004624A7	00447446	00469EC6	0	169	107				00464E4F	ConfigureInputPump	16				wc2-insertion
src/ix/system.cpp	00447426	004624A7	00447446	00469EC6	0	169	108				00464E73	FUN_00464E73	38				wc2-insertion
src/ix/system.cpp	00447426	004624A7	00447446	00469EC6	0	169	109				00464EE0	FUN_00464EE0	11				wc2-insertion
src/ix/system.cpp	00447426	004624A7	00447446	00469EC6	0	169	110				00464EF0	FUN_00464EF0	11				wc2-insertion
src/ix/system.cpp	00447426	004624A7	00447446	00469EC6	0	169	111				00464F00	FUN_00464F00	11				wc2-insertion
src/ix/system.cpp	00447426	004624A7	00447446	00469EC6	0	169	112				00464F10	FUN_00464F10	12				wc2-insertion
src/ix/system.cpp	00447426	004624A7	00447446	00469EC6	0	169	113				00464F25	GetNamedPacketSize	17				wc2-insertion
src/ix/system.cpp	00447426	004624A7	00447446	00469EC6	0	169	114				00464F45	LoadNamedPacket	25				wc2-insertion
src/ix/system.cpp	00447426	004624A7	00447446	00469EC6	0	169	115				00464F75	FUN_00464F75	36				wc2-insertion
src/ix/system.cpp	00447426	004624A7	00447446	00469EC6	0	169	116				00464FD7	FUN_00464FD7	11				wc2-insertion
src/ix/system.cpp	00447426	004624A7	00447446	00469EC6	0	169	117				00464FE7	FUN_00464FE7	27				wc2-insertion
src/ix/system.cpp	00447426	004624A7	00447446	00469EC6	0	169	118				0046502E	FUN_0046502E	11				wc2-insertion
src/ix/system.cpp	00447426	004624A7	00447446	00469EC6	0	169	119				0046503E	FUN_0046503E	11				wc2-insertion
src/ix/system.cpp	00447426	004624A7	00447446	00469EC6	0	169	120				0046504E	FUN_0046504E	11				wc2-insertion
src/ix/system.cpp	00447426	004624A7	00447446	00469EC6	0	169	121				0046505E	AlignSpriteFrameToRectCorner	101			0042E1D0	wc2-insertion
src/ix/system.cpp	00447426	004624A7	00447446	00469EC6	0	169	122				004651B7	GetViewportIntersection	291				wc2-insertion
src/ix/system.cpp	00447426	004624A7	00447446	00469EC6	0	169	123				00465644	FUN_00465644	53				wc2-insertion
src/ix/system.cpp	00447426	004624A7	00447446	00469EC6	0	169	124				004656CC	FUN_004656CC	15				wc2-insertion
src/ix/system.cpp	00447426	004624A7	00447446	00469EC6	0	169	125				004656EB	FUN_004656EB	15				wc2-insertion
src/ix/system.cpp	00447426	004624A7	00447446	00469EC6	0	169	126				0046570E	FUN_0046570E	12				wc2-insertion
src/ix/system.cpp	00447426	004624A7	00447446	00469EC6	0	169	127				00465730	FUN_00465730	24				wc2-insertion
src/ix/system.cpp	00447426	004624A7	00447446	00469EC6	0	169	128				00465780	FUN_00465780	14				wc2-insertion
src/ix/system.cpp	00447426	004624A7	00447446	00469EC6	0	169	129				0046579D	LogMemoryUsage	69			004272F0	wc2-insertion
src/ix/system.cpp	00447426	004624A7	00447446	00469EC6	0	169	130				0046589D	FUN_0046589D	29				wc2-insertion
src/ix/system.cpp	00447426	004624A7	00447446	00469EC6	0	169	131				004658E9	FUN_004658E9	14				wc2-insertion
src/ix/system.cpp	00447426	004624A7	00447446	00469EC6	0	169	132				00465906	FUN_00465906	12				wc2-insertion
src/ix/system.cpp	00447426	004624A7	00447446	00469EC6	0	169	133				0046591A	GameFlow	204			0040F4B0	wc2-insertion
src/ix/system.cpp	00447426	004624A7	00447446	00469EC6	0	169	134				00465CBC	free_view_buffer	20			004279D0	wc2-insertion
src/ix/system.cpp	00447426	004624A7	00447446	00469EC6	0	169	135				00465CF6	initialize_view_buffer	29			00427A00	wc2-insertion
src/ix/system.cpp	00447426	004624A7	00447446	00469EC6	0	169	136				00465D55	dump_buffer_to_screen	50			00427A40	wc2-insertion
src/ix/system.cpp	00447426	004624A7	00447446	00469EC6	0	169	137				00465E25	SelectNextExternalViewObject	29			00428C90	wc2-insertion
src/ix/system.cpp	00447426	004624A7	00447446	00469EC6	0	169	138				00465E88	clear_view_buffer	15			00427B00	wc2-insertion
src/ix/system.cpp	00447426	004624A7	00447446	00469EC6	0	169	139				00465EA9	RefreshMemoryStatusOverlay	21			00427C30	wc2-insertion
src/ix/system.cpp	00447426	004624A7	00447446	00469EC6	0	169	140				00465EE9	Update_3Space	23			00427C50	wc2-insertion
src/ix/system.cpp	00447426	004624A7	00447446	00469EC6	0	169	141				00465F3A	TriggerPlayerHitPaletteFlash	13			00427C80	wc2-insertion
src/ix/system.cpp	00447426	004624A7	00447446	00469EC6	0	169	142				00465F5B	FadeFlightPaletteEntry	26			00427CA0	wc2-insertion
src/ix/system.cpp	00447426	004624A7	00447446	00469EC6	0	169	143				00465FA3	UpdateSpacePaletteFade	42			00427CD0	wc2-insertion
src/ix/system.cpp	00447426	004624A7	00447446	00469EC6	0	169	144				0046604F	house_keep	88			00427D40	wc2-insertion
src/ix/system.cpp	00447426	004624A7	00447446	00469EC6	0	169	145				004661C2	get_player_input	109			00427E40	wc2-insertion
src/ix/system.cpp	00447426	004624A7	00447446	00469EC6	0	169	146				004663A2	process_player_input	249			00427F20	wc2-insertion
src/ix/system.cpp	00447426	004624A7	00447446	00469EC6	0	169	147				00466908	fire_players_lasers	32			00428480	wc2-insertion
src/ix/system.cpp	00447426	004624A7	00447446	00469EC6	0	169	148				0046696E	players_flight_dynamics	83			004284D0	wc2-insertion
src/ix/system.cpp	00447426	004624A7	00447446	00469EC6	0	169	149				00466AD2	FUN_00466AD2	20				wc2-insertion
src/ix/system.cpp	00447426	004624A7	00447446	00469EC6	0	169	150				00466B02	player_input	432			004285D0	wc2-insertion
src/ix/system.cpp	00447426	004624A7	00447446	00469EC6	0	169	151				004672C5	MeasureMessageWidth	25			00428E70	wc2-insertion
src/ix/system.cpp	00447426	004624A7	00447446	00469EC6	0	169	152				00467300	FUN_00467300	23				wc2-insertion
src/ix/system.cpp	00447426	004624A7	00447446	00469EC6	0	169	153				0046733D	HandleSpaceFlightControls	1500			00429160	wc2-insertion
src/ix/system.cpp	00447426	004624A7	00447446	00469EC6	0	169	154				00468E7A	DrawSpaceSceneFrame	90				wc2-insertion
src/ix/system.cpp	00447426	004624A7	00447446	00469EC6	0	169	155				0046903F	RenderSpaceViewFrame	45			00429FC0	wc2-insertion
src/ix/system.cpp	00447426	004624A7	00447446	00469EC6	0	169	156				004690FF	Draw_3Space_Frame	21			00429DD0	wc2-insertion
src/ix/system.cpp	00447426	004624A7	00447446	00469EC6	0	169	157				00469143	GetShipDistanceToNavPoint	30			0042A0E0	wc2-insertion
src/ix/system.cpp	00447426	004624A7	00447446	00469EC6	0	169	158				0046918D	FindNearestNavPoint	44			0042A120	wc2-insertion
src/ix/system.cpp	00447426	004624A7	00447446	00469EC6	0	169	159				00469223	ReleaseStaleNavTarget	23			0042A170	wc2-insertion
src/ix/system.cpp	00447426	004624A7	00447446	00469EC6	0	169	160				0046925E	RunSpaceFlight	209			0042A190	wc2-insertion
src/ix/system.cpp	00447426	004624A7	00447446	00469EC6	0	169	161				004695FD	calculate_damage_level	111			0042A520	wc2-insertion
src/ix/system.cpp	00447426	004624A7	00447446	00469EC6	0	169	162				004697A0	death_sequence	194			00439660	wc2-insertion
src/ix/system.cpp	00447426	004624A7	00447446	00469EC6	0	169	163				00469AD0	PreloadMusicTrackHook	14			00424CE0	wc2-insertion
src/ix/system.cpp	00447426	004624A7	00447446	00469EC6	0	169	164				00469B49	ReleaseMusicTrackHook	14			00424CF0	wc2-insertion
src/ix/system.cpp	00447426	004624A7	00447446	00469EC6	0	169	165				00469BE0	ReadPacketSectionData	54			00440840	wc2-insertion
src/ix/system.cpp	00447426	004624A7	00447446	00469EC6	0	169	166				00469C80	ix_system_init	40			00447200	wc2-insertion
src/ix/system.cpp	00447426	004624A7	00447446	00469EC6	0	169	167				00469D27	ix_system_service_sounds	97			004472A7	wc2-insertion
src/ix/system.cpp	00447426	004624A7	00447446	00469EC6	0	169	168				00469E73	ix_system_shutdown	17			004473F3	wc2-insertion
src/ix/system.cpp	00447426	004624A7	00447446	00469EC6	0	169	169				00469EA6	ix_streamer_configure	17			0044291E	wc2-insertion
src/killbrd.c	004408A0	004254C0	004408C0	0042553A	0	1	1				0042550E	HasValidShapeAllocationSignature	17				wc2-insertion
src/killbrd.c	004408D0	00425550	00440BE0	004259E2	2	2	1	004408F0	GetShapeFrameExtents	33	0042557C	GetShapeFrameExtents	56	0042557C	87.72	004408F0	confirmed-order
src/killbrd.c	004408D0	00425550	00440BE0	004259E2	2	2	2	00440960	DecodeShapeFrame	196	00425618	DecodeShapeFrame	279	00425618	52.69	00440960	confirmed-order
src/logic.c	00421220	0041687F	00421350	0041693A	1	0	1	004212A0	drop_mine	63							wc1-elimination
src/logic.c	00421350	0041693A	004213D0	004169F3	1	1	1	004213B0	fire_super_brake	9	004169CC	fire_super_brake	17	004169CC	89.47	004213B0	confirmed-order
src/logic.c	004213D0	004169F3	00421760	004170F9	2	2	1	00421430	place_exhaust_on_ships	110	00416A87	place_exhaust_on_ships	198	00416A87	65.15	00421430	confirmed-order
src/logic.c	004213D0	004169F3	00421760	004170F9	2	2	2	004215E0	reposition_fixed_child_objects	95	00416DC3	reposition_fixed_child_objects	179	00416DC3	61.02	004215E0	confirmed-order
src/logic.c	00421780	00417124	004218D0	0041740F	1	1	1	00421830	replenish_weapon_energy_bank	49	0041724A	replenish_weapon_energy_bank	115	0041724A	55.65	00421830	confirmed-order
src/logic.c	004218D0	0041740F	00421D80	0045C088	6	973	1	00421920	your_afterburner	44	00417471	your_afterburner	57	00417471	80.00	00421920	unequal-gap-position
src/logic.c	004218D0	0041740F	00421D80	0045C088	6	973	2	004219C0	LoadGamePaletteFile	36	00417550	SaveGamePalette	30	0045B810	53.23	00401000	unequal-gap-position
src/logic.c	004218D0	0041740F	00421D80	0045C088	6	973	3	00421A40	EMShutDown	5	004175AD	FUN_004175AD	30	0045B905	87.50		unequal-gap-position
src/logic.c	004218D0	0041740F	00421D80	0045C088	6	973	4	00421A60	InitializeEventManagerResources	15	00417610	FUN_00417610	53				unequal-gap-position
src/logic.c	004218D0	0041740F	00421D80	0045C088	6	973	5	00421AB0	EMStartUp	22	004176D2	make_shard	114	0045B924	56.52	004010C0	unequal-gap-position
src/logic.c	004218D0	0041740F	00421D80	0045C088	6	973	6	00421B10	LoadOriginFxDrivers	145	00417838	remove_hazard	26	0045B9D3	45.18	004011D0	unequal-gap-position
src/logic.c	004218D0	0041740F	00421D80	0045C088	6	973	7				0041787A	remove_all_hazards	30			00401210	wc2-insertion
src/logic.c	004218D0	0041740F	00421D80	0045C088	6	973	8				004178E5	difficulty	19			00401250	wc2-insertion
src/logic.c	004218D0	0041740F	00421D80	0045C088	6	973	9				00417916	asteroid_velocity	20			00401270	wc2-insertion
src/logic.c	004218D0	0041740F	00421D80	0045C088	6	973	10				00417941	skew_randomly	121			00401290	wc2-insertion
src/logic.c	004218D0	0041740F	00421D80	0045C088	6	973	11				00417AD7	align	20			00401390	wc2-insertion
src/logic.c	004218D0	0041740F	00421D80	0045C088	6	973	12				00417AF9	init_hazard	273			004013B0	wc2-insertion
src/logic.c	004218D0	0041740F	00421D80	0045C088	6	973	13				00417EA4	near_field	22			00401680	wc2-insertion
src/logic.c	004218D0	0041740F	00421D80	0045C088	6	973	14				00417ED4	within_field	21			004016A0	wc2-insertion
src/logic.c	004218D0	0041740F	00421D80	0045C088	6	973	15				00417EFF	try_far_spot	176			004016C0	wc2-insertion
src/logic.c	004218D0	0041740F	00421D80	0045C088	6	973	16				00418175	rear_sphere	19			00401870	wc2-insertion
src/logic.c	004218D0	0041740F	00421D80	0045C088	6	973	17				004181A2	ok_hazard_spot	32			00401890	wc2-insertion
src/logic.c	004218D0	0041740F	00421D80	0045C088	6	973	18				0041820B	make_hazard	46			004018D0	wc2-insertion
src/logic.c	004218D0	0041740F	00421D80	0045C088	6	973	19				00418288	extra_hazard	16			00401930	wc2-insertion
src/logic.c	004218D0	0041740F	00421D80	0045C088	6	973	20				004182B6	approach	63			00401950	wc2-insertion
src/logic.c	004218D0	0041740F	00421D80	0045C088	6	973	21				0041836E	manage_hazard	53			004019E0	wc2-insertion
src/logic.c	004218D0	0041740F	00421D80	0045C088	6	973	22				00418426	match_ship_to_eye	64			00401A60	wc2-insertion
src/logic.c	004218D0	0041740F	00421D80	0045C088	6	973	23				004184F6	update_hazards	56			00401B30	wc2-insertion
src/logic.c	004218D0	0041740F	00421D80	0045C088	6	973	24				004185CC	start_hazard_field	28			00401BC0	wc2-insertion
src/logic.c	004218D0	0041740F	00421D80	0045C088	6	973	25				00418626	add_hazard_field	41			00401C00	wc2-insertion
src/logic.c	004218D0	0041740F	00421D80	0045C088	6	973	26				004186A4	check_hazards	53			00401C60	wc2-insertion
src/logic.c	004218D0	0041740F	00421D80	0045C088	6	973	27				00418770	CalibrateJoystickInteractive	336			004102B0	wc2-insertion
src/logic.c	004218D0	0041740F	00421D80	0045C088	6	973	28				00418D14	WaitForJoystickButtonRelease	24			004106C0	wc2-insertion
src/logic.c	004218D0	0041740F	00421D80	0045C088	6	973	29				00418D5F	WaitForJoystickButtonPress	24			00410700	wc2-insertion
src/logic.c	004218D0	0041740F	00421D80	0045C088	6	973	30				00418DAA	HandleBarracksBunkSelection	83			0041C090	wc2-insertion
src/logic.c	004218D0	0041740F	00421D80	0045C088	6	973	31				00418ECD	WaitForKeyAcknowledge	94			00428EA0	wc2-insertion
src/logic.c	004218D0	0041740F	00421D80	0045C088	6	973	32				00418FFC	RecRoom	559			0043F940	wc2-insertion
src/logic.c	004218D0	0041740F	00421D80	0045C088	6	973	33				00419831	BarracksScreen	123			0041C170	wc2-insertion
src/logic.c	004218D0	0041740F	00421D80	0045C088	6	973	34				004199F0	WarpMouseTo	24			00401CE0	wc2-insertion
src/logic.c	004218D0	0041740F	00421D80	0045C088	6	973	35				00419A40	UpdateTrainSimMenuCursor	143			0042A610	wc2-insertion
src/logic.c	004218D0	0041740F	00421D80	0045C088	6	973	36				00419C10	rotate_eye_to_goal	63			00410A30	wc2-insertion
src/logic.c	004218D0	0041740F	00421D80	0045C088	6	973	37				00419CDC	GetVectorMagnitude	18			00410AD0	wc2-insertion
src/logic.c	004218D0	0041740F	00421D80	0045C088	6	973	38				00419D01	set_eye_direction_and_position	1125			00410AF0	wc2-insertion
src/logic.c	004218D0	0041740F	00421D80	0045C088	6	973	39				0041AD51	force_view	22			004117B0	wc2-insertion
src/logic.c	004218D0	0041740F	00421D80	0045C088	6	973	40				0041AD8B	FUN_0041AD8B	42				wc2-insertion
src/logic.c	004218D0	0041740F	00421D80	0045C088	6	973	41				0041AE40	new_view	494			004117D0	wc2-insertion
src/logic.c	004218D0	0041740F	00421D80	0045C088	6	973	42				0041B62E	start_dust	109			00411EC0	wc2-insertion
src/logic.c	004218D0	0041740F	00421D80	0045C088	6	973	43				0041B762	generate_stars	108			00411FE0	wc2-insertion
src/logic.c	004218D0	0041740F	00421D80	0045C088	6	973	44				0041B8D6	update_star_field	293			00412100	wc2-insertion
src/logic.c	004218D0	0041740F	00421D80	0045C088	6	973	45				0041BD44	count_down	19			00412410	wc2-insertion
src/logic.c	004218D0	0041740F	00421D80	0045C088	6	973	46				0041BD81	house_keep_objects	596			00412430	wc2-insertion
src/logic.c	004218D0	0041740F	00421D80	0045C088	6	973	47				0041C7ED	update_objects_in_space	202			00412820	wc2-insertion
src/logic.c	004218D0	0041740F	00421D80	0045C088	6	973	48				0041CB3C	rotate_object	58			00412920	wc2-insertion
src/logic.c	004218D0	0041740F	00421D80	0045C088	6	973	49				0041CC0A	accelerate_and_move_object	300			004129A0	wc2-insertion
src/logic.c	004218D0	0041740F	00421D80	0045C088	6	973	50				0041D07B	animate_shape	138			00412CD0	wc2-insertion
src/logic.c	004218D0	0041740F	00421D80	0045C088	6	973	51				0041D2DA	animate_object	132			00412E30	wc2-insertion
src/logic.c	004218D0	0041740F	00421D80	0045C088	6	973	52				0041D4C7	hit_asteroid	68			00413030	wc2-insertion
src/logic.c	004218D0	0041740F	00421D80	0045C088	6	973	53				0041D591	object_collision	820			004130D0	wc2-insertion
src/logic.c	004218D0	0041740F	00421D80	0045C088	6	973	54				0041E276	object_intelligence	148			00413880	wc2-insertion
src/logic.c	004218D0	0041740F	00421D80	0045C088	6	973	55				0041E4E0	steer_away_from_object	71			00433AC0	wc2-insertion
src/logic.c	004218D0	0041740F	00421D80	0045C088	6	973	56				0041E5C8	steer_away_from_predicted_object	80			00433B90	wc2-insertion
src/logic.c	004218D0	0041740F	00421D80	0045C088	6	973	57				0041E6C8	prevent_collision	119			00433C80	wc2-insertion
src/logic.c	004218D0	0041740F	00421D80	0045C088	6	973	58				0041E860	handle_collisions	43			00433D90	wc2-insertion
src/logic.c	004218D0	0041740F	00421D80	0045C088	6	973	59				0041E8D3	FUN_0041E8D3	31				wc2-insertion
src/logic.c	004218D0	0041740F	00421D80	0045C088	6	973	60				0041E945	FUN_0041E945	76				wc2-insertion
src/logic.c	004218D0	0041740F	00421D80	0045C088	6	973	61				0041EA86	select_target	45			00433E50	wc2-insertion
src/logic.c	004218D0	0041740F	00421D80	0045C088	6	973	62				0041EB1D	veer_random	41			00433EC0	wc2-insertion
src/logic.c	004218D0	0041740F	00421D80	0045C088	6	973	63				0041EBC1	offset_location	68			00433F50	wc2-insertion
src/logic.c	004218D0	0041740F	00421D80	0045C088	6	973	64				0041EC73	compute_formation_destination	48			00433FF0	wc2-insertion
src/logic.c	004218D0	0041740F	00421D80	0045C088	6	973	65				0041ECEF	control_speed	72			00434040	wc2-insertion
src/logic.c	004218D0	0041740F	00421D80	0045C088	6	973	66				0041EDCC	chase_location	161			004340F0	wc2-insertion
src/logic.c	004218D0	0041740F	00421D80	0045C088	6	973	67				0041EFFE	goto_location	64			004342C0	wc2-insertion
src/logic.c	004218D0	0041740F	00421D80	0045C088	6	973	68				0041F0C5	goto_formation	147			00434360	wc2-insertion
src/logic.c	004218D0	0041740F	00421D80	0045C088	6	973	69				0041F2C5	maintain_formation	42			004344E0	wc2-insertion
src/logic.c	004218D0	0041740F	00421D80	0045C088	6	973	70				0041F337	reset_stress	56			00434550	wc2-insertion
src/logic.c	004218D0	0041740F	00421D80	0045C088	6	973	71				0041F3EF	stress_morale	26			004345D0	wc2-insertion
src/logic.c	004218D0	0041740F	00421D80	0045C088	6	973	72				0041F446	select_weighted_value	38			00422A30	wc2-insertion
src/logic.c	004218D0	0041740F	00421D80	0045C088	6	973	73				0041F4C6	pick_regular_maneuver	140			00434630	wc2-insertion
src/logic.c	004218D0	0041740F	00421D80	0045C088	6	973	74				0041F714	pick_from_list	80			00434800	wc2-insertion
src/logic.c	004218D0	0041740F	00421D80	0045C088	6	973	75				0041F83F	pick_kilrathi_maneuver	59			004348A0	wc2-insertion
src/logic.c	004218D0	0041740F	00421D80	0045C088	6	973	76				0041F902	FUN_0041F902	43				wc2-insertion
src/logic.c	004218D0	0041740F	00421D80	0045C088	6	973	77				0041F9AF	FUN_0041F9AF	209				wc2-insertion
src/logic.c	004218D0	0041740F	00421D80	0045C088	6	973	78				0041FD2B	handle_stress	116			00434980	wc2-insertion
src/logic.c	004218D0	0041740F	00421D80	0045C088	6	973	79				0041FF37	intelligence_events	241			00434A80	wc2-insertion
src/logic.c	004218D0	0041740F	00421D80	0045C088	6	973	80				00420340	EmitTextString	23			00413A10	wc2-insertion
src/logic.c	004218D0	0041740F	00421D80	0045C088	6	973	81				00420378	FUN_00420378	197			00413A40	wc2-insertion
src/logic.c	004218D0	0041740F	00421D80	0045C088	6	973	82				0042067F	InitializeTextContextFromFont	38			0041D510	wc2-insertion
src/logic.c	004218D0	0041740F	00421D80	0045C088	6	973	83				004206F2	AppendFormattedText	34			00413CB0	wc2-insertion
src/logic.c	004218D0	0041740F	00421D80	0045C088	6	973	84				0042075F	FUN_0042075F	27			004265A0	wc2-insertion
src/logic.c	004218D0	0041740F	00421D80	0045C088	6	973	85				004207B0	advance_canned_sequence	62			00403A80	wc2-insertion
src/logic.c	004218D0	0041740F	00421D80	0045C088	6	973	86				00420874	ReleaseNearHeapBlock	45			0040E900	wc2-insertion
src/logic.c	004218D0	0041740F	00421D80	0045C088	6	973	87				004208FC	PurgeNearHeapBlocks	58			0040E950	wc2-insertion
src/logic.c	004218D0	0041740F	00421D80	0045C088	6	973	88				004209C2	InitializeNearHeap	81			0040E9E0	wc2-insertion
src/logic.c	004218D0	0041740F	00421D80	0045C088	6	973	89				00420B12	LoadSpaceflightResources	36			00421F50	wc2-insertion
src/logic.c	004218D0	0041740F	00421D80	0045C088	6	973	90				00420B88	AllocateNearHeapBlockFromEnd	177			0040EB70	wc2-insertion
src/logic.c	004218D0	0041740F	00421D80	0045C088	6	973	91				00420E16	AllocateNearHeapBlockByFlags	184			0040ED30	wc2-insertion
src/logic.c	004218D0	0041740F	00421D80	0045C088	6	973	92				004210B8	FUN_004210B8	46				wc2-insertion
src/logic.c	004218D0	0041740F	00421D80	0045C088	6	973	93				00421144	GetFreeNearHeapBytes	58			0042F890	wc2-insertion
src/logic.c	004218D0	0041740F	00421D80	0045C088	6	973	94				00421210	FUN_00421210	111				wc2-insertion
src/logic.c	004218D0	0041740F	00421D80	0045C088	6	973	95				004213FE	FUN_004213FE	10				wc2-insertion
src/logic.c	004218D0	0041740F	00421D80	0045C088	6	973	96				00421409	PollJoystickButtonEvents	72			00430840	wc2-insertion
src/logic.c	004218D0	0041740F	00421D80	0045C088	6	973	97				00421530	PollMenuInputDevices	206			00430920	wc2-insertion
src/logic.c	004218D0	0041740F	00421D80	0045C088	6	973	98				00421910	cleanup_objectives	186			0042EFC0	wc2-insertion
src/logic.c	004218D0	0041740F	00421D80	0045C088	6	973	99				00421BC6	IsShipRouting	19			0042F1F0	wc2-insertion
src/logic.c	004218D0	0041740F	00421D80	0045C088	6	973	100				00421BFC	SendWingmanCommandAcknowledgement	24			0042F210	wc2-insertion
src/logic.c	004218D0	0041740F	00421D80	0045C088	6	973	101				00421C35	disobey_formation	51			0042F240	wc2-insertion
src/logic.c	004218D0	0041740F	00421D80	0045C088	6	973	102				00421CF6	IsEngagementTargetDisallowed	31			0042F270	wc2-insertion
src/logic.c	004218D0	0041740F	00421D80	0045C088	6	973	103				00421D59	CanPlayerLand	70			0042F2B0	wc2-insertion
src/logic.c	004218D0	0041740F	00421D80	0045C088	6	973	104				00421E6D	ShouldWingmanAcceptRoutCommand	70			0042F350	wc2-insertion
src/logic.c	004218D0	0041740F	00421D80	0045C088	6	973	105				00421F86	request	392			0042F3F0	wc2-insertion
src/logic.c	004218D0	0041740F	00421D80	0045C088	6	973	106				004225A0	StepPaletteTransition	186			0041C510	wc2-insertion
src/logic.c	004218D0	0041740F	00421D80	0045C088	6	973	107				004228B0	visit_the_cinema	43			00403E50	wc2-insertion
src/logic.c	004218D0	0041740F	00421D80	0045C088	6	973	108				00422953	player_wingman	21			00403EE0	wc2-insertion
src/logic.c	004218D0	0041740F	00421D80	0045C088	6	973	109				00422990	set_speed	18			00403F10	wc2-insertion
src/logic.c	004218D0	0041740F	00421D80	0045C088	6	973	110				004229B9	auto_position	100			00403F40	wc2-insertion
src/logic.c	004218D0	0041740F	00421D80	0045C088	6	973	111				00422B1C	auto_pilot_sequence	582			00404050	wc2-insertion
src/logic.c	004218D0	0041740F	00421D80	0045C088	6	973	112				00423480	LoadJoystickCalibrationFile	276			00431A10	wc2-insertion
src/logic.c	004218D0	0041740F	00421D80	0045C088	6	973	113				004238E9	ReadCalibratedJoystick	193			00431D20	wc2-insertion
src/logic.c	004218D0	0041740F	00421D80	0045C088	6	973	114				00423C60	FUN_00423C60	22				wc2-insertion
src/logic.c	004218D0	0041740F	00421D80	0045C088	6	973	115				00423CA0	InitializeAudioSystem	30			0042B160	wc2-insertion
src/logic.c	004218D0	0041740F	00421D80	0045C088	6	973	116				00423D02	ServiceAudioStream	21			0042B1B0	wc2-insertion
src/logic.c	004218D0	0041740F	00421D80	0045C088	6	973	117				00423D4F	AllocateWaveTableEntry	31			0042B1F0	wc2-insertion
src/logic.c	004218D0	0041740F	00421D80	0045C088	6	973	118				00423DBB	FindWaveTableEntryByName	32			0042B240	wc2-insertion
src/logic.c	004218D0	0041740F	00421D80	0045C088	6	973	119				00423E12	RemoveWaveTableEntry	56			0042B290	wc2-insertion
src/logic.c	004218D0	0041740F	00421D80	0045C088	6	973	120				00423ED1	FreeWaveTable	35			0042B300	wc2-insertion
src/logic.c	004218D0	0041740F	00421D80	0045C088	6	973	121				00423F3F	AllocateActiveSoundEntry	31			0042B340	wc2-insertion
src/logic.c	004218D0	0041740F	00421D80	0045C088	6	973	122				00423FAB	RemoveActiveSoundEntry	51			0042B390	wc2-insertion
src/logic.c	004218D0	0041740F	00421D80	0045C088	6	973	123				0042405E	FUN_0042405E	28				wc2-insertion
src/logic.c	004218D0	0041740F	00421D80	0045C088	6	973	124				004240AE	ReleaseFinishedSoundEntries	36			0042B410	wc2-insertion
src/logic.c	004218D0	0041740F	00421D80	0045C088	6	973	125				00424113	StopSoundsUsingWave	40			0042B450	wc2-insertion
src/logic.c	004218D0	0041740F	00421D80	0045C088	6	973	126				0042418C	playWAVE	203			0042B4A0	wc2-insertion
src/logic.c	004218D0	0041740F	00421D80	0045C088	6	973	127				00424417	FUN_00424417	100				wc2-insertion
src/logic.c	004218D0	0041740F	00421D80	0045C088	6	973	128				004245A2	stop_all_sounds	22			0042B640	wc2-insertion
src/logic.c	004218D0	0041740F	00421D80	0045C088	6	973	129				004245F8	PlaySnowStaticSound	104			0042B680	wc2-insertion
src/logic.c	004218D0	0041740F	00421D80	0045C088	6	973	130				0042476B	ServiceSoundSystem	39			0042B7D0	wc2-insertion
src/logic.c	004218D0	0041740F	00421D80	0045C088	6	973	131				0042482E	SetSoundEffectsVolume	18			0042B7E0	wc2-insertion
src/logic.c	004218D0	0041740F	00421D80	0045C088	6	973	132				0042485C	RegistryQueryValue	23			0042B810	wc2-insertion
src/logic.c	004218D0	0041740F	00421D80	0045C088	6	973	133				00424888	RegistryStoreValue	23			0042B840	wc2-insertion
src/logic.c	004218D0	0041740F	00421D80	0045C088	6	973	134				004248B4	LoadVolumeSettingsFromRegistry	62			0042B870	wc2-insertion
src/logic.c	004218D0	0041740F	00421D80	0045C088	6	973	135				00424980	SaveVolumeSettingsToRegistry	40			0042B930	wc2-insertion
src/logic.c	004218D0	0041740F	00421D80	0045C088	6	973	136				00424A00	FUN_00424A00	20				wc2-insertion
src/logic.c	004218D0	0041740F	00421D80	0045C088	6	973	137				00424A40	FUN_00424A40	15				wc2-insertion
src/logic.c	004218D0	0041740F	00421D80	0045C088	6	973	138				00424A60	ReserveContiguousPaletteEntries	40			00431900	wc2-insertion
src/logic.c	004218D0	0041740F	00421D80	0045C088	6	973	139				00424AEE	arrive_from_warp	77			0042A950	wc2-insertion
src/logic.c	004218D0	0041740F	00421D80	0045C088	6	973	140				00424C05	unwarp	94			0042AA10	wc2-insertion
src/logic.c	004218D0	0041740F	00421D80	0045C088	6	973	141				00424D4D	DeBriefing	90			004056F0	wc2-insertion
src/logic.c	004218D0	0041740F	00421D80	0045C088	6	973	142				00424E8C	MarkPilotDead	13				wc2-insertion
src/logic.c	004218D0	0041740F	00421D80	0045C088	6	973	143				00424EA7	FUN_00424EA7	24				wc2-insertion
src/logic.c	004218D0	0041740F	00421D80	0045C088	6	973	144				00424EFF	FUN_00424EFF	163				wc2-insertion
src/logic.c	004218D0	0041740F	00421D80	0045C088	6	973	145				004251F2	stranded_sequence	160			00404BE0	wc2-insertion
src/logic.c	004218D0	0041740F	00421D80	0045C088	6	973	146				004254C0	CheckHeapBlockSignature	26			004408A0	wc2-insertion
src/logic.c	004218D0	0041740F	00421D80	0045C088	6	973	147				0042550E	HasValidShapeAllocationSignature	17				wc2-insertion
src/logic.c	004218D0	0041740F	00421D80	0045C088	6	973	148				0042553A	GetPreparedShapeData	13			004408C0	wc2-insertion
src/logic.c	004218D0	0041740F	00421D80	0045C088	6	973	149				00425550	GetShapeFrameCount	21			004408D0	wc2-insertion
src/logic.c	004218D0	0041740F	00421D80	0045C088	6	973	150				0042557C	GetShapeFrameExtents	56			004408F0	wc2-insertion
src/logic.c	004218D0	0041740F	00421D80	0045C088	6	973	151				00425618	DecodeShapeFrame	279			00440960	wc2-insertion
src/logic.c	004218D0	0041740F	00421D80	0045C088	6	973	152				004259E2	SignExtendClipCoord	19			00440BE0	wc2-insertion
src/logic.c	004218D0	0041740F	00421D80	0045C088	6	973	153				00425A16	ValidateViewportBounds	114			00440C00	wc2-insertion
src/logic.c	004218D0	0041740F	00421D80	0045C088	6	973	154				00425B9E	ClipViewportToScreen	16			00440CF0	wc2-insertion
src/logic.c	004218D0	0041740F	00421D80	0045C088	6	973	155				00425BBF	SetSolidColourTranslation	21			00440D10	wc2-insertion
src/logic.c	004218D0	0041740F	00421D80	0045C088	6	973	156				00425BF6	PrepareShapeRLEData	308			00440D50	wc2-insertion
src/logic.c	004218D0	0041740F	00421D80	0045C088	6	973	157				00425FB4	DrawSpriteTransformed	169			00440FE0	wc2-insertion
src/logic.c	004218D0	0041740F	00421D80	0045C088	6	973	158				004261D5	RasterLineHook	11			00441140	wc2-insertion
src/logic.c	004218D0	0041740F	00421D80	0045C088	6	973	159				004261E5	DrawFontGlyph	253			00441150	wc2-insertion
src/logic.c	004218D0	0041740F	00421D80	0045C088	6	973	160				0042665A	FUN_0042665A	14				wc2-insertion
src/logic.c	004218D0	0041740F	00421D80	0045C088	6	973	161				00426677	FUN_00426677	14				wc2-insertion
src/logic.c	004218D0	0041740F	00421D80	0045C088	6	973	162				00426694	MarkActivePaletteEntries	14			00441370	wc2-insertion
src/logic.c	004218D0	0041740F	00421D80	0045C088	6	973	163				004266B1	GetPaletteEntry	16			004413C0	wc2-insertion
src/logic.c	004218D0	0041740F	00421D80	0045C088	6	973	164				004266CC	SetPaletteEntry	16			004413E0	wc2-insertion
src/logic.c	004218D0	0041740F	00421D80	0045C088	6	973	165				004266E7	DrawSpriteDefault	45			00441400	wc2-insertion
src/logic.c	004218D0	0041740F	00421D80	0045C088	6	973	166				00426769	CaptureSpriteBackground	305			00441450	wc2-insertion
src/logic.c	004218D0	0041740F	00421D80	0045C088	6	973	167				00426B96	RestoreSpriteBackground	310			00441740	wc2-insertion
src/logic.c	004218D0	0041740F	00421D80	0045C088	6	973	168				00426FD9	DrawSolidColourSprite	42			00441A40	wc2-insertion
src/logic.c	004218D0	0041740F	00421D80	0045C088	6	973	169				00427047	CopyViewportContents	69			00441A90	wc2-insertion
src/logic.c	004218D0	0041740F	00421D80	0045C088	6	973	170				00427123	ClearViewport	30			00441AE0	wc2-insertion
src/logic.c	004218D0	0041740F	00421D80	0045C088	6	973	171				00427179	DrawViewportPixel	34			00441B20	wc2-insertion
src/logic.c	004218D0	0041740F	00421D80	0045C088	6	973	172				004271D2	GetViewportPixel	34			00441B60	wc2-insertion
src/logic.c	004218D0	0041740F	00421D80	0045C088	6	973	173				0042722E	DrawViewportLine	45			00441BA0	wc2-insertion
src/logic.c	004218D0	0041740F	00421D80	0045C088	6	973	174				004272A5	TriangleRasterizerHook	13			00441BF0	wc2-insertion
src/logic.c	004218D0	0041740F	00421D80	0045C088	6	973	175				00427D9F	FUN_00427D9F	28				wc2-insertion
src/logic.c	004218D0	0041740F	00421D80	0045C088	6	973	176				00427DE8	snow_viewport	19			00442300	wc2-insertion
src/logic.c	004218D0	0041740F	00421D80	0045C088	6	973	177				00427E1B	DrawFilledViewportRect	59			00441C70	wc2-insertion
src/logic.c	004218D0	0041740F	00421D80	0045C088	6	973	178				00427EC8	DrawViewportBorder	123			00441CF0	wc2-insertion
src/logic.c	004218D0	0041740F	00421D80	0045C088	6	973	179				00428023	DrawViewportEllipse	38			00441DD0	wc2-insertion
src/logic.c	004218D0	0041740F	00421D80	0045C088	6	973	180				0042808F	FillViewportEllipse	38			00441E20	wc2-insertion
src/logic.c	004218D0	0041740F	00421D80	0045C088	6	973	181				004280FB	DrawViewportEllipseShadow	38			00441E70	wc2-insertion
src/logic.c	004218D0	0041740F	00421D80	0045C088	6	973	182				00428167	FUN_00428167	24				wc2-insertion
src/logic.c	004218D0	0041740F	00421D80	0045C088	6	973	183				004281AE	FUN_004281AE	41				wc2-insertion
src/logic.c	004218D0	0041740F	00421D80	0045C088	6	973	184				00428217	FUN_00428217	72				wc2-insertion
src/logic.c	004218D0	0041740F	00421D80	0045C088	6	973	185				004282F0	FUN_004282F0	37				wc2-insertion
src/logic.c	004218D0	0041740F	00421D80	0045C088	6	973	186				00428344	DrawSolidColourSpriteScaled	41			00442000	wc2-insertion
src/logic.c	004218D0	0041740F	00421D80	0045C088	6	973	187				004283A4	GetTransformedShapeBounds	205			00442050	wc2-insertion
src/logic.c	004218D0	0041740F	00421D80	0045C088	6	973	188				00428690	fizzle_fade	86			00442200	wc2-insertion
src/logic.c	004218D0	0041740F	00421D80	0045C088	6	973	189				004287A4	FUN_004287A4	24				wc2-insertion
src/logic.c	004218D0	0041740F	00421D80	0045C088	6	973	190				004287EB	FUN_004287EB	83				wc2-insertion
src/logic.c	004218D0	0041740F	00421D80	0045C088	6	973	191				00428900	InitializeAudioStreamer	27			00442370	wc2-insertion
src/logic.c	004218D0	0041740F	00421D80	0045C088	6	973	192				0042894B	SignalAudioMixerWakeEvent	18			00442350	wc2-insertion
src/logic.c	004218D0	0041740F	00421D80	0045C088	6	973	193				00428979	UpdateStreamerStoppedFlag	20			00442330	wc2-insertion
src/logic.c	004218D0	0041740F	00421D80	0045C088	6	973	194				004289BF	Streamer_open	33			004423B0	wc2-insertion
src/logic.c	004218D0	0041740F	00421D80	0045C088	6	973	195				00428A2F	Streamer_play	18			00442430	wc2-insertion
src/logic.c	004218D0	0041740F	00421D80	0045C088	6	973	196				00428A6D	Streamer_stop	18			00442460	wc2-insertion
src/logic.c	004218D0	0041740F	00421D80	0045C088	6	973	197				00428AAB	SetStreamerIntensity	21			00442520	wc2-insertion
src/logic.c	004218D0	0041740F	00421D80	0045C088	6	973	198				00428AEB	SetStreamerTrigger	26			004424D0	wc2-insertion
src/logic.c	004218D0	0041740F	00421D80	0045C088	6	973	199				00428B3C	ForceStreamerTrigger	23			00442550	wc2-insertion
src/logic.c	004218D0	0041740F	00421D80	0045C088	6	973	200				00428B86	Streamer_close	15			004425D0	wc2-insertion
src/logic.c	004218D0	0041740F	00421D80	0045C088	6	973	201				00428BAD	DestroyAudioStreamer	15				wc2-insertion
src/logic.c	004218D0	0041740F	00421D80	0045C088	6	973	202				00428BD4	ix_log_printf	31			004426A0	wc2-insertion
src/logic.c	004218D0	0041740F	00421D80	0045C088	6	973	203				00428C35	FUN_00428C35	62				wc2-insertion
src/logic.c	004218D0	0041740F	00421D80	0045C088	6	973	204				00428D09	ReadCheaterFlagFromRegistry	46			00442600	wc2-insertion
src/logic.c	004218D0	0041740F	00421D80	0045C088	6	973	205				00428DA3	SetMusicStreamVolume	15			00442590	wc2-insertion
src/logic.c	004218D0	0041740F	00421D80	0045C088	6	973	206				00428DBF	GetMusicStreamVolume	13				wc2-insertion
src/logic.c	004218D0	0041740F	00421D80	0045C088	6	973	207				00428DE0	GetStreamerState	12				wc2-insertion
src/logic.c	004218D0	0041740F	00421D80	0045C088	6	973	208				00428E00	FUN_00428E00	28				wc2-insertion
src/logic.c	004218D0	0041740F	00421D80	0045C088	6	973	209				00428E5C	FUN_00428E5C	21				wc2-insertion
src/logic.c	004218D0	0041740F	00421D80	0045C088	6	973	210				00428E98	FUN_00428E98	24				wc2-insertion
src/logic.c	004218D0	0041740F	00421D80	0045C088	6	973	211				00428EDC	FUN_00428EDC	172				wc2-insertion
src/logic.c	004218D0	0041740F	00421D80	0045C088	6	973	212				0042917D	FUN_0042917D	59				wc2-insertion
src/logic.c	004218D0	0041740F	00421D80	0045C088	6	973	213				00429261	ShowTheEndScreen	105			004304F0	wc2-insertion
src/logic.c	004218D0	0041740F	00421D80	0045C088	6	973	214				004293F9	LoadTemporaryCampaignGlobals	17				wc2-insertion
src/logic.c	004218D0	0041740F	00421D80	0045C088	6	973	215				00429423	SaveAndFreeTemporaryCampaignGlobals	40				wc2-insertion
src/logic.c	004218D0	0041740F	00421D80	0045C088	6	973	216				0042949F	LoadWholeDataFile	56				wc2-insertion
src/logic.c	004218D0	0041740F	00421D80	0045C088	6	973	217				00429550	SendKilrathiAceGreetingOnce	19			00422090	wc2-insertion
src/logic.c	004218D0	0041740F	00421D80	0045C088	6	973	218				00429581	signed_random	19			004220F0	wc2-insertion
src/logic.c	004218D0	0041740F	00421D80	0045C088	6	973	219				004295A9	alert_flag	18			00422110	wc2-insertion
src/logic.c	004218D0	0041740F	00421D80	0045C088	6	973	220				004295D9	set_alert	13			00422140	wc2-insertion
src/logic.c	004218D0	0041740F	00421D80	0045C088	6	973	221				004295F2	clear_alert	16			00422160	wc2-insertion
src/logic.c	004218D0	0041740F	00421D80	0045C088	6	973	222				00429625	start_collision_alert	36			00422180	wc2-insertion
src/logic.c	004218D0	0041740F	00421D80	0045C088	6	973	223				00429698	try2end_collision_alert	26			004221E0	wc2-insertion
src/logic.c	004218D0	0041740F	00421D80	0045C088	6	973	224				004296E2	normal_speed	27			00422220	wc2-insertion
src/logic.c	004218D0	0041740F	00421D80	0045C088	6	973	225				00429736	real_crash_time	166			00422260	wc2-insertion
src/logic.c	004218D0	0041740F	00421D80	0045C088	6	973	226				00429958	crash_time	32			00422460	wc2-insertion
src/logic.c	004218D0	0041740F	00421D80	0045C088	6	973	227				004299C9	detect_collisions	97			004224F0	wc2-insertion
src/logic.c	004218D0	0041740F	00421D80	0045C088	6	973	228				00429B55	unactive	25			00422560	wc2-insertion
src/logic.c	004218D0	0041740F	00421D80	0045C088	6	973	229				00429BA8	are_alive	25			00422590	wc2-insertion
src/logic.c	004218D0	0041740F	00421D80	0045C088	6	973	230				00429BF0	trim_goals	48			004225C0	wc2-insertion
src/logic.c	004218D0	0041740F	00421D80	0045C088	6	973	231				00429CAD	report_kilrathi_rout	86			00422640	wc2-insertion
src/logic.c	004218D0	0041740F	00421D80	0045C088	6	973	232				00429E24	find_ship_index	45			00422710	wc2-insertion
src/logic.c	004218D0	0041740F	00421D80	0045C088	6	973	233				00429EE0	try2rout	76			00422780	wc2-insertion
src/logic.c	004218D0	0041740F	00421D80	0045C088	6	973	234				0042A003	CanSetNewShipTurnGoal	29				wc2-insertion
src/logic.c	004218D0	0041740F	00421D80	0045C088	6	973	235				0042A062	no_goal	23			00422830	wc2-insertion
src/logic.c	004218D0	0041740F	00421D80	0045C088	6	973	236				0042A0A9	being_tailed	29			00422860	wc2-insertion
src/logic.c	004218D0	0041740F	00421D80	0045C088	6	973	237				0042A108	detect_enemy_tail	50			00422930	wc2-insertion
src/logic.c	004218D0	0041740F	00421D80	0045C088	6	973	238				0042A1C5	is_ship_tailing_player_target	33			004229B0	wc2-insertion
src/logic.c	004218D0	0041740F	00421D80	0045C088	6	973	239				0042A222	FindMissileTargetingObject	31			004229F0	wc2-insertion
src/logic.c	004218D0	0041740F	00421D80	0045C088	6	973	240				0042A28E	build_squad_list	36			00422A70	wc2-insertion
src/logic.c	004218D0	0041740F	00421D80	0045C088	6	973	241				0042A313	find_squad_center	45			00422AC0	wc2-insertion
src/logic.c	004218D0	0041740F	00421D80	0045C088	6	973	242				0042A39A	init_formation_burst	74			00422B30	wc2-insertion
src/logic.c	004218D0	0041740F	00421D80	0045C088	6	973	243				0042A490	reset_mission_type	28			00422BE0	wc2-insertion
src/logic.c	004218D0	0041740F	00421D80	0045C088	6	973	244				0042A4E5	change_mission_type	24			00422C30	wc2-insertion
src/logic.c	004218D0	0041740F	00421D80	0045C088	6	973	245				0042A52A	reset_objective	22			00422C70	wc2-insertion
src/logic.c	004218D0	0041740F	00421D80	0045C088	6	973	246				0042A55F	alter_objective	22			00422CA0	wc2-insertion
src/logic.c	004218D0	0041740F	00421D80	0045C088	6	973	247				0042A594	reset_tactic	20			00422CD0	wc2-insertion
src/logic.c	004218D0	0041740F	00421D80	0045C088	6	973	248				0042A5C8	alter_tactic	18			00422D00	wc2-insertion
src/logic.c	004218D0	0041740F	00421D80	0045C088	6	973	249				0042A5F1	reset_maneuver	17			00422D30	wc2-insertion
src/logic.c	004218D0	0041740F	00421D80	0045C088	6	973	250				0042A625	try2reset_maneuver	25			00422D60	wc2-insertion
src/logic.c	004218D0	0041740F	00421D80	0045C088	6	973	251				0042A664	set_special	36			00422D90	wc2-insertion
src/logic.c	004218D0	0041740F	00421D80	0045C088	6	973	252				0042A6E8	approach_zero_speed	15			00422DD0	wc2-insertion
src/logic.c	004218D0	0041740F	00421D80	0045C088	6	973	253				0042A701	approach_min_speed	15			00422DF0	wc2-insertion
src/logic.c	004218D0	0041740F	00421D80	0045C088	6	973	254				0042A71D	approach_half_speed	22			00422E10	wc2-insertion
src/logic.c	004218D0	0041740F	00421D80	0045C088	6	973	255				0042A754	approach_cruise_speed	21			00422E50	wc2-insertion
src/logic.c	004218D0	0041740F	00421D80	0045C088	6	973	256				0042A788	approach_full_speed	18			00422E80	wc2-insertion
src/logic.c	004218D0	0041740F	00421D80	0045C088	6	973	257				0042A7AF	approach_ship_speed	17			00422EA0	wc2-insertion
src/logic.c	004218D0	0041740F	00421D80	0045C088	6	973	258				0042A7D2	ComputePointAheadOfObject	32			00422EC0	wc2-insertion
src/logic.c	004218D0	0041740F	00421D80	0045C088	6	973	259				0042A823	ComputePointBehindObject	33			00422F10	wc2-insertion
src/logic.c	004218D0	0041740F	00421D80	0045C088	6	973	260				0042A876	close_behind	21			00422F60	wc2-insertion
src/logic.c	004218D0	0041740F	00421D80	0045C088	6	973	261				0042A8B5	scan_for_enemy	86			00422F80	wc2-insertion
src/logic.c	004218D0	0041740F	00421D80	0045C088	6	973	262				0042AA0D	any_enemy	50			00423070	wc2-insertion
src/logic.c	004218D0	0041740F	00421D80	0045C088	6	973	263				0042AAD3	FUN_0042AAD3	47				wc2-insertion
src/logic.c	004218D0	0041740F	00421D80	0045C088	6	973	264				0042AB81	ships_within_range	30			00423260	wc2-insertion
src/logic.c	004218D0	0041740F	00421D80	0045C088	6	973	265				0042ABCE	attacker_in_range	56			004232B0	wc2-insertion
src/logic.c	004218D0	0041740F	00421D80	0045C088	6	973	266				0042ACAF	in_danger	64			00423350	wc2-insertion
src/logic.c	004218D0	0041740F	00421D80	0045C088	6	973	267				0042ADB8	target_within_range	42			00423400	wc2-insertion
src/logic.c	004218D0	0041740F	00421D80	0045C088	6	973	268				0042AE32	build_target_list	72			00423440	wc2-insertion
src/logic.c	004218D0	0041740F	00421D80	0045C088	6	973	269				0042AF60	inherit_leader_mission	43			00423530	wc2-insertion
src/logic.c	004218D0	0041740F	00421D80	0045C088	6	973	270				0042B00A	inherit_leader	44			004235B0	wc2-insertion
src/logic.c	004218D0	0041740F	00421D80	0045C088	6	973	271				0042B0B7	dead_ship	23			00423610	wc2-insertion
src/logic.c	004218D0	0041740F	00421D80	0045C088	6	973	272				0042B0FB	gone_ship	29			00423640	wc2-insertion
src/logic.c	004218D0	0041740F	00421D80	0045C088	6	973	273				0042B15A	skill_check	27			004236B0	wc2-insertion
src/logic.c	004218D0	0041740F	00421D80	0045C088	6	973	274				0042B1AE	find_ships_sphere	64			004236F0	wc2-insertion
src/logic.c	004218D0	0041740F	00421D80	0045C088	6	973	275				0042B2A7	locate_ship	75			00423780	wc2-insertion
src/logic.c	004218D0	0041740F	00421D80	0045C088	6	973	276				0042B38F	get_follow_point	113			00423820	wc2-insertion
src/logic.c	004218D0	0041740F	00421D80	0045C088	6	973	277				0042B524	get_first_follow_point	24			00423930	wc2-insertion
src/logic.c	004218D0	0041740F	00421D80	0045C088	6	973	278				0042B565	hostile_sphere	41			00423970	wc2-insertion
src/logic.c	004218D0	0041740F	00421D80	0045C088	6	973	279				0042B5F7	abandoned	63			004239D0	wc2-insertion
src/logic.c	004218D0	0041740F	00421D80	0045C088	6	973	280				0042B6C5	engage	36			00423A50	wc2-insertion
src/logic.c	004218D0	0041740F	00421D80	0045C088	6	973	281				0042B73B	target_valid	59			00423AC0	wc2-insertion
src/logic.c	004218D0	0041740F	00421D80	0045C088	6	973	282				0042B80C	FUN_0042B80C	62				wc2-insertion
src/logic.c	004218D0	0041740F	00421D80	0045C088	6	973	283				0042B916	FUN_0042B916	38				wc2-insertion
src/logic.c	004218D0	0041740F	00421D80	0045C088	6	973	284				0042B985	evaluate_damage	88			00423C00	wc2-insertion
src/logic.c	004218D0	0041740F	00421D80	0045C088	6	973	285				0042BAC0	FillGraphicSuffix	35			00436C70	wc2-insertion
src/logic.c	004218D0	0041740F	00421D80	0045C088	6	973	286				0042BB17	ConvertChar_Int	32			00436CB0	wc2-insertion
src/logic.c	004218D0	0041740F	00421D80	0045C088	6	973	287				0042BB70	PostMission	143			0040F010	wc2-insertion
src/logic.c	004218D0	0041740F	00421D80	0045C088	6	973	288				0042BDDB	FUN_0042BDDB	16				wc2-insertion
src/logic.c	004218D0	0041740F	00421D80	0045C088	6	973	289				0042BDFE	FUN_0042BDFE	10				wc2-insertion
src/logic.c	004218D0	0041740F	00421D80	0045C088	6	973	290				0042BE09	FUN_0042BE09	23				wc2-insertion
src/logic.c	004218D0	0041740F	00421D80	0045C088	6	973	291				0042BE4B	FUN_0042BE4B	60				wc2-insertion
src/logic.c	004218D0	0041740F	00421D80	0045C088	6	973	292				0042BF0C	FUN_0042BF0C	55				wc2-insertion
src/logic.c	004218D0	0041740F	00421D80	0045C088	6	973	293				0042BFB8	FUN_0042BFB8	39				wc2-insertion
src/logic.c	004218D0	0041740F	00421D80	0045C088	6	973	294				0042C04B	FUN_0042C04B	25				wc2-insertion
src/logic.c	004218D0	0041740F	00421D80	0045C088	6	973	295				0042C0A2	FUN_0042C0A2	25				wc2-insertion
src/logic.c	004218D0	0041740F	00421D80	0045C088	6	973	296				0042C0F1	print_subtitle	155			00403920	wc2-insertion
src/logic.c	004218D0	0041740F	00421D80	0045C088	6	973	297				0042C373	FUN_0042C373	21				wc2-insertion
src/logic.c	004218D0	0041740F	00421D80	0045C088	6	973	298				0042C3A7	FUN_0042C3A7	43				wc2-insertion
src/logic.c	004218D0	0041740F	00421D80	0045C088	6	973	299				0042C43D	DisplayTrainSimHighScoreTable	100			00425C60	wc2-insertion
src/logic.c	004218D0	0041740F	00421D80	0045C088	6	973	300				0042C5A2	FUN_0042C5A2	34				wc2-insertion
src/logic.c	004218D0	0041740F	00421D80	0045C088	6	973	301				0042C607	FUN_0042C607	27				wc2-insertion
src/logic.c	004218D0	0041740F	00421D80	0045C088	6	973	302				0042C659	FUN_0042C659	27				wc2-insertion
src/logic.c	004218D0	0041740F	00421D80	0045C088	6	973	303				0042C6AC	FUN_0042C6AC	42				wc2-insertion
src/logic.c	004218D0	0041740F	00421D80	0045C088	6	973	304				0042C725	FUN_0042C725	25				wc2-insertion
src/logic.c	004218D0	0041740F	00421D80	0045C088	6	973	305				0042C75D	FUN_0042C75D	27				wc2-insertion
src/logic.c	004218D0	0041740F	00421D80	0045C088	6	973	306				0042C7BC	FUN_0042C7BC	78				wc2-insertion
src/logic.c	004218D0	0041740F	00421D80	0045C088	6	973	307				0042C8E1	FUN_0042C8E1	57				wc2-insertion
src/logic.c	004218D0	0041740F	00421D80	0045C088	6	973	308				0042C9B0	FUN_0042C9B0	39				wc2-insertion
src/logic.c	004218D0	0041740F	00421D80	0045C088	6	973	309				0042CA28	FUN_0042CA28	65				wc2-insertion
src/logic.c	004218D0	0041740F	00421D80	0045C088	6	973	310				0042CB08	FUN_0042CB08	90				wc2-insertion
src/logic.c	004218D0	0041740F	00421D80	0045C088	6	973	311				0042CC42	FUN_0042CC42	91				wc2-insertion
src/logic.c	004218D0	0041740F	00421D80	0045C088	6	973	312				0042CDB5	FUN_0042CDB5	165				wc2-insertion
src/logic.c	004218D0	0041740F	00421D80	0045C088	6	973	313				0042CFDB	FUN_0042CFDB	127				wc2-insertion
src/logic.c	004218D0	0041740F	00421D80	0045C088	6	973	314				0042D181	FUN_0042D181	56				wc2-insertion
src/logic.c	004218D0	0041740F	00421D80	0045C088	6	973	315				0042D227	FUN_0042D227	124				wc2-insertion
src/logic.c	004218D0	0041740F	00421D80	0045C088	6	973	316				0042D444	FUN_0042D444	30				wc2-insertion
src/logic.c	004218D0	0041740F	00421D80	0045C088	6	973	317				0042D4C1	FUN_0042D4C1	20				wc2-insertion
src/logic.c	004218D0	0041740F	00421D80	0045C088	6	973	318				0042D4FA	FUN_0042D4FA	29				wc2-insertion
src/logic.c	004218D0	0041740F	00421D80	0045C088	6	973	319				0042D568	ViewMedals	159			00436E30	wc2-insertion
src/logic.c	004218D0	0041740F	00421D80	0045C088	6	973	320				0042D81C	FUN_0042D81C	54				wc2-insertion
src/logic.c	004218D0	0041740F	00421D80	0045C088	6	973	321				0042D8E2	FUN_0042D8E2	57				wc2-insertion
src/logic.c	004218D0	0041740F	00421D80	0045C088	6	973	322				0042D98C	FUN_0042D98C	52				wc2-insertion
src/logic.c	004218D0	0041740F	00421D80	0045C088	6	973	323				0042DA25	FUN_0042DA25	250				wc2-insertion
src/logic.c	004218D0	0041740F	00421D80	0045C088	6	973	324				0042DD9F	FUN_0042DD9F	55				wc2-insertion
src/logic.c	004218D0	0041740F	00421D80	0045C088	6	973	325				0042DE62	FUN_0042DE62	23				wc2-insertion
src/logic.c	004218D0	0041740F	00421D80	0045C088	6	973	326				0042DE9D	FUN_0042DE9D	46				wc2-insertion
src/logic.c	004218D0	0041740F	00421D80	0045C088	6	973	327				0042DF32	FUN_0042DF32	28				wc2-insertion
src/logic.c	004218D0	0041740F	00421D80	0045C088	6	973	328				0042DF80	FUN_0042DF80	128				wc2-insertion
src/logic.c	004218D0	0041740F	00421D80	0045C088	6	973	329				0042E12A	FUN_0042E12A	172				wc2-insertion
src/logic.c	004218D0	0041740F	00421D80	0045C088	6	973	330				0042E3CF	PromptForTextInput	106			0041B420	wc2-insertion
src/logic.c	004218D0	0041740F	00421D80	0045C088	6	973	331				0042E553	FUN_0042E553	93				wc2-insertion
src/logic.c	004218D0	0041740F	00421D80	0045C088	6	973	332				0042E692	FUN_0042E692	29				wc2-insertion
src/logic.c	004218D0	0041740F	00421D80	0045C088	6	973	333				0042E6EB	FUN_0042E6EB	40				wc2-insertion
src/logic.c	004218D0	0041740F	00421D80	0045C088	6	973	334				0042E762	FUN_0042E762	66				wc2-insertion
src/logic.c	004218D0	0041740F	00421D80	0045C088	6	973	335				0042E868	DrawFuneralLongShot	219			00439220	wc2-insertion
src/logic.c	004218D0	0041740F	00421D80	0045C088	6	973	336				0042EBD0	FUN_0042EBD0	55			00426700	wc2-insertion
src/logic.c	004218D0	0041740F	00421D80	0045C088	6	973	337				0042EC7F	FUN_0042EC7F	24				wc2-insertion
src/logic.c	004218D0	0041740F	00421D80	0045C088	6	973	338				0042ECCB	UpdateMap	100			00405CC0	wc2-insertion
src/logic.c	004218D0	0041740F	00421D80	0045C088	6	973	339				0042EE4F	FUN_0042EE4F	24				wc2-insertion
src/logic.c	004218D0	0041740F	00421D80	0045C088	6	973	340				0042EE86	FUN_0042EE86	41				wc2-insertion
src/logic.c	004218D0	0041740F	00421D80	0045C088	6	973	341				0042EF12	FUN_0042EF12	105				wc2-insertion
src/logic.c	004218D0	0041740F	00421D80	0045C088	6	973	342				0042F0B3	FUN_0042F0B3	26				wc2-insertion
src/logic.c	004218D0	0041740F	00421D80	0045C088	6	973	343				0042F100	FUN_0042F100	22				wc2-insertion
src/logic.c	004218D0	0041740F	00421D80	0045C088	6	973	344				0042F135	FUN_0042F135	37				wc2-insertion
src/logic.c	004218D0	0041740F	00421D80	0045C088	6	973	345				0042F19A	FUN_0042F19A	37				wc2-insertion
src/logic.c	004218D0	0041740F	00421D80	0045C088	6	973	346				0042F1FD	FUN_0042F1FD	3599				wc2-insertion
src/logic.c	004218D0	0041740F	00421D80	0045C088	6	973	347				00432DCC	FUN_00432DCC	31				wc2-insertion
src/logic.c	004218D0	0041740F	00421D80	0045C088	6	973	348				00432E23	RewriteDiskFileGraphicsExtensions	34			0042C510	wc2-insertion
src/logic.c	004218D0	0041740F	00421D80	0045C088	6	973	349				00432E83	FUN_00432E83	34				wc2-insertion
src/logic.c	004218D0	0041740F	00421D80	0045C088	6	973	350				00432EE4	FUN_00432EE4	28				wc2-insertion
src/logic.c	004218D0	0041740F	00421D80	0045C088	6	973	351				00432F2A	FUN_00432F2A	205				wc2-insertion
src/logic.c	004218D0	0041740F	00421D80	0045C088	6	973	352				00433269	FUN_00433269	52				wc2-insertion
src/logic.c	004218D0	0041740F	00421D80	0045C088	6	973	353				00433328	FUN_00433328	59				wc2-insertion
src/logic.c	004218D0	0041740F	00421D80	0045C088	6	973	354				004333F8	SceneEnterHook	13			00425AF0	wc2-insertion
src/logic.c	004218D0	0041740F	00421D80	0045C088	6	973	355				00433410	PanToScreen	201			00439430	wc2-insertion
src/logic.c	004218D0	0041740F	00421D80	0045C088	6	973	356				00433690	FUN_00433690	63				wc2-insertion
src/logic.c	004218D0	0041740F	00421D80	0045C088	6	973	357				0043374E	FUN_0043374E	17				wc2-insertion
src/logic.c	004218D0	0041740F	00421D80	0045C088	6	973	358				00433777	FUN_00433777	181				wc2-insertion
src/logic.c	004218D0	0041740F	00421D80	0045C088	6	973	359				00433A14	FUN_00433A14	37				wc2-insertion
src/logic.c	004218D0	0041740F	00421D80	0045C088	6	973	360				00433A75	FUN_00433A75	26				wc2-insertion
src/logic.c	004218D0	0041740F	00421D80	0045C088	6	973	361				00433AB0	FUN_00433AB0	12				wc2-insertion
src/logic.c	004218D0	0041740F	00421D80	0045C088	6	973	362				00433AD0	FUN_00433AD0	92				wc2-insertion
src/logic.c	004218D0	0041740F	00421D80	0045C088	6	973	363				00433C84	FUN_00433C84	136				wc2-insertion
src/logic.c	004218D0	0041740F	00421D80	0045C088	6	973	364				00433E8C	FUN_00433E8C	25				wc2-insertion
src/logic.c	004218D0	0041740F	00421D80	0045C088	6	973	365				00433ED7	GetBunkInfo	60			0041BB20	wc2-insertion
src/logic.c	004218D0	0041740F	00421D80	0045C088	6	973	366				00433F94	Dismissed	57			00437B80	wc2-insertion
src/logic.c	004218D0	0041740F	00421D80	0045C088	6	973	367				00434043	get_pilot_talk	98			0040C1C0	wc2-insertion
src/logic.c	004218D0	0041740F	00421D80	0045C088	6	973	368				00434177	DrawMedalLongShot	93			00437250	wc2-insertion
src/logic.c	004218D0	0041740F	00421D80	0045C088	6	973	369				004342E8	OpenDiskDataFile	170			0041D6C0	wc2-insertion
src/logic.c	004218D0	0041740F	00421D80	0045C088	6	973	370				0043456E	FUN_0043456E	24				wc2-insertion
src/logic.c	004218D0	0041740F	00421D80	0045C088	6	973	371				004345A1	EraseLastTextInputCharacter	94			0041DDF0	wc2-insertion
src/logic.c	004218D0	0041740F	00421D80	0045C088	6	973	372				004346E9	WarnLoadGameFirst	69			0041B550	wc2-insertion
src/logic.c	004218D0	0041740F	00421D80	0045C088	6	973	373				004347D6	FUN_004347D6	69			00426660	wc2-insertion
src/logic.c	004218D0	0041740F	00421D80	0045C088	6	973	374				004348C3	FUN_004348C3	148			00426600	wc2-insertion
src/logic.c	004218D0	0041740F	00421D80	0045C088	6	973	375				00434ACE	FUN_00434ACE	64				wc2-insertion
src/logic.c	004218D0	0041740F	00421D80	0045C088	6	973	376				00434BB5	FUN_00434BB5	178				wc2-insertion
src/logic.c	004218D0	0041740F	00421D80	0045C088	6	973	377				00434EBC	DrawArcadeScorePanel	64			00429E90	wc2-insertion
src/logic.c	004218D0	0041740F	00421D80	0045C088	6	973	378				00434F7D	ConfirmQuitWingCommander	64			0041BF10	wc2-insertion
src/logic.c	004218D0	0041740F	00421D80	0045C088	6	973	379				00435064	FUN_00435064	207				wc2-insertion
src/logic.c	004218D0	0041740F	00421D80	0045C088	6	973	380				004353D4	FUN_004353D4	991			00426C70	wc2-insertion
src/logic.c	004218D0	0041740F	00421D80	0045C088	6	973	381				0043641C	ConfirmReplaceFaultyData	182			0041BFE0	wc2-insertion
src/logic.c	004218D0	0041740F	00421D80	0045C088	6	973	382				00436722	ConfirmAwakenAfterBadData	182			0041BF60	wc2-insertion
src/logic.c	004218D0	0041740F	00421D80	0045C088	6	973	383				00436A4D	FUN_00436A4D	23				wc2-insertion
src/logic.c	004218D0	0041740F	00421D80	0045C088	6	973	384				00436A8F	FUN_00436A8F	789				wc2-insertion
src/logic.c	004218D0	0041740F	00421D80	0045C088	6	973	385				00437760	SplitGameClockTicks	52			00403C40	wc2-insertion
src/logic.c	004218D0	0041740F	00421D80	0045C088	6	973	386				004377F0	MonoDebug_install	69			00403C90	wc2-insertion
src/logic.c	004218D0	0041740F	00421D80	0045C088	6	973	387				004378D9	MonoDebug_remove	16			00403D60	wc2-insertion
src/logic.c	004218D0	0041740F	00421D80	0045C088	6	973	388				00437907	FUN_00437907	25				wc2-insertion
src/logic.c	004218D0	0041740F	00421D80	0045C088	6	973	389				00437946	SoundDebugPrintf	24			00403DB0	wc2-insertion
src/logic.c	004218D0	0041740F	00421D80	0045C088	6	973	390				00437983	MonoDebug_print	29			00403DE0	wc2-insertion
src/logic.c	004218D0	0041740F	00421D80	0045C088	6	973	391				004379D4	ReadPerformanceCounter	13			00403E30	wc2-insertion
src/logic.c	004218D0	0041740F	00421D80	0045C088	6	973	392				004379F0	FUN_004379F0	24				wc2-insertion
src/logic.c	004218D0	0041740F	00421D80	0045C088	6	973	393				00437A44	FUN_00437A44	37				wc2-insertion
src/logic.c	004218D0	0041740F	00421D80	0045C088	6	973	394				00437AB4	exit_squadron	21			00427370	wc2-insertion
src/logic.c	004218D0	0041740F	00421D80	0045C088	6	973	395				00437AEC	ShowMemoryStatusDebug	103			004273C0	wc2-insertion
src/logic.c	004218D0	0041740F	00421D80	0045C088	6	973	396				00437C2E	ShowModalMessage	38			00428F20	wc2-insertion
src/logic.c	004218D0	0041740F	00421D80	0045C088	6	973	397				00437C96	ReportOutOfMemoryAndExit	18			00428F80	wc2-insertion
src/logic.c	004218D0	0041740F	00421D80	0045C088	6	973	398				00437CBF	InitializeConversationViewport	42			00427B20	wc2-insertion
src/logic.c	004218D0	0041740F	00421D80	0045C088	6	973	399				00437D68	ResetScreenClipToFullHeight	15			00427BA0	wc2-insertion
src/logic.c	004218D0	0041740F	00421D80	0045C088	6	973	400				00437D92	InitializeConversationText	29			00427BC0	wc2-insertion
src/logic.c	004218D0	0041740F	00421D80	0045C088	6	973	401				00437DFA	ShowOnScreenMessage	86			00428FA0	wc2-insertion
src/logic.c	004218D0	0041740F	00421D80	0045C088	6	973	402				00437F2F	ShowGamePausedBanner	24			004290A0	wc2-insertion
src/logic.c	004218D0	0041740F	00421D80	0045C088	6	973	403				00437F77	ShowVersionBanner	16			004290D0	wc2-insertion
src/logic.c	004218D0	0041740F	00421D80	0045C088	6	973	404				00437F9A	SetMessageDisplaySpeed	23			004290F0	wc2-insertion
src/logic.c	004218D0	0041740F	00421D80	0045C088	6	973	405				00437FD3	ReportFramesSkipped	29			00429120	wc2-insertion
src/logic.c	004218D0	0041740F	00421D80	0045C088	6	973	406				00438020	FUN_00438020	32				wc2-insertion
src/logic.c	004218D0	0041740F	00421D80	0045C088	6	973	407				00438080	FUN_00438080	16				wc2-insertion
src/logic.c	004218D0	0041740F	00421D80	0045C088	6	973	408				004380B0	FatalErrorAndExit	26			00413CE0	wc2-insertion
src/logic.c	004218D0	0041740F	00421D80	0045C088	6	973	409				004380FD	IsCockpitExplosionActive	17			00413D20	wc2-insertion
src/logic.c	004218D0	0041740F	00421D80	0045C088	6	973	410				00438129	EraseCockpitReadoutRegion	37			00413D40	wc2-insertion
src/logic.c	004218D0	0041740F	00421D80	0045C088	6	973	411				00438194	vdu_polygon	189			00413DA0	wc2-insertion
src/logic.c	004218D0	0041740F	00421D80	0045C088	6	973	412				00438454	InitializeCockpitReadout	27			00413F70	wc2-insertion
src/logic.c	004218D0	0041740F	00421D80	0045C088	6	973	413				004384AD	DrawCockpitReadout	73			00413FB0	wc2-insertion
src/logic.c	004218D0	0041740F	00421D80	0045C088	6	973	414				004385B3	DrawHudMessageSlot	105			004140A0	wc2-insertion
src/logic.c	004218D0	0041740F	00421D80	0045C088	6	973	415				00438711	ClearHudMessageSlot	43			00414180	wc2-insertion
src/logic.c	004218D0	0041740F	00421D80	0045C088	6	973	416				004387A7	ClearHudMessageIfMatching	18			004141B0	wc2-insertion
src/logic.c	004218D0	0041740F	00421D80	0045C088	6	973	417				004387CD	ClearHudGunReadouts	14			004141D0	wc2-insertion
src/logic.c	004218D0	0041740F	00421D80	0045C088	6	973	418				004387FA	SetHudMessageSlot	38			004141F0	wc2-insertion
src/logic.c	004218D0	0041740F	00421D80	0045C088	6	973	419				00438864	UpdateMessage	30			00414240	wc2-insertion
src/logic.c	004218D0	0041740F	00421D80	0045C088	6	973	420				004388B6	set_global_message	27			00414270	wc2-insertion
src/logic.c	004218D0	0041740F	00421D80	0045C088	6	973	421				004388F5	CockpitMessage	21			004142B0	wc2-insertion
src/logic.c	004218D0	0041740F	00421D80	0045C088	6	973	422				00438923	FUN_00438923	15				wc2-insertion
src/logic.c	004218D0	0041740F	00421D80	0045C088	6	973	423				0043893F	remove_message	17			004142E0	wc2-insertion
src/logic.c	004218D0	0041740F	00421D80	0045C088	6	973	424				0043895F	kilrathi_near	45			00414300	wc2-insertion
src/logic.c	004218D0	0041740F	00421D80	0045C088	6	973	425				004389FE	IsMissionObjectiveOutOfSystem	56				wc2-insertion
src/logic.c	004218D0	0041740F	00421D80	0045C088	6	973	426				00438ADD	auto_pilot_valid	129			00414380	wc2-insertion
src/logic.c	004218D0	0041740F	00421D80	0045C088	6	973	427				00438CEB	reset_cockpit	22			00414410	wc2-insertion
src/logic.c	004218D0	0041740F	00421D80	0045C088	6	973	428				00438D30	SetCockpitLightBlink	36			00414440	wc2-insertion
src/logic.c	004218D0	0041740F	00421D80	0045C088	6	973	429				00438DAD	draw_cockpit_lights	108			00414490	wc2-insertion
src/logic.c	004218D0	0041740F	00421D80	0045C088	6	973	430				00438F62	update_lights	77			004145B0	wc2-insertion
src/logic.c	004218D0	0041740F	00421D80	0045C088	6	973	431				00439076	update_bars	151			00414690	wc2-insertion
src/logic.c	004218D0	0041740F	00421D80	0045C088	6	973	432				00439264	get_mode	16			004147E0	wc2-insertion
src/logic.c	004218D0	0041740F	00421D80	0045C088	6	973	433				0043928E	set_mode	33			00414800	wc2-insertion
src/logic.c	004218D0	0041740F	00421D80	0045C088	6	973	434				004392F1	SetVduModeIfChanged	32			00414850	wc2-insertion
src/logic.c	004218D0	0041740F	00421D80	0045C088	6	973	435				0043934D	GetVduModeStackDepth	13			00414890	wc2-insertion
src/logic.c	004218D0	0041740F	00421D80	0045C088	6	973	436				00439369	push_mode	26			004148A0	wc2-insertion
src/logic.c	004218D0	0041740F	00421D80	0045C088	6	973	437				004393B3	pop_mode	20			004148E0	wc2-insertion
src/logic.c	004218D0	0041740F	00421D80	0045C088	6	973	438				004393E1	set_new_vdu	56			00414910	wc2-insertion
src/logic.c	004218D0	0041740F	00421D80	0045C088	6	973	439				004394A0	update_vid_disp	31			00414980	wc2-insertion
src/logic.c	004218D0	0041740F	00421D80	0045C088	6	973	440				00439500	InvalidateVduMode	12			004149C0	wc2-insertion
src/logic.c	004218D0	0041740F	00421D80	0045C088	6	973	441				0043951A	clear_message_time	11			004149E0	wc2-insertion
src/logic.c	004218D0	0041740F	00421D80	0045C088	6	973	442				0043952E	message_showing	17			004149F0	wc2-insertion
src/logic.c	004218D0	0041740F	00421D80	0045C088	6	973	443				00439559	set_message_time	16			00414A10	wc2-insertion
src/logic.c	004218D0	0041740F	00421D80	0045C088	6	973	444				00439588	check_message	69			00414A20	wc2-insertion
src/logic.c	004218D0	0041740F	00421D80	0045C088	6	973	445				004396BF	update_digital_readouts	50			00414A50	wc2-insertion
src/logic.c	004218D0	0041740F	00421D80	0045C088	6	973	446				00439753	malf_sound	25			00414AE0	wc2-insertion
src/logic.c	004218D0	0041740F	00421D80	0045C088	6	973	447				00439789	malf	26			00414AF0	wc2-insertion
src/logic.c	004218D0	0041740F	00421D80	0045C088	6	973	448				004397D5	vdu_malf	39			00414B20	wc2-insertion
src/logic.c	004218D0	0041740F	00421D80	0045C088	6	973	449				0043984F	ShowComponentHitHudMessage	40			00414B70	wc2-insertion
src/logic.c	004218D0	0041740F	00421D80	0045C088	6	973	450				004398CB	damage_your_component	75			00414BF0	wc2-insertion
src/logic.c	004218D0	0041740F	00421D80	0045C088	6	973	451				004399C6	RemovePlayerReleaseWeapon	36			00414CB0	wc2-insertion
src/logic.c	004218D0	0041740F	00421D80	0045C088	6	973	452				00439A5A	fire_computer_graphic_missile	87			00414D50	wc2-insertion
src/logic.c	004218D0	0041740F	00421D80	0045C088	6	973	453				00439BB7	show_weapon_disp	239			00414EA0	wc2-insertion
src/logic.c	004218D0	0041740F	00421D80	0045C088	6	973	454				00439F5F	update_status_text	166			00415040	wc2-insertion
src/logic.c	004218D0	0041740F	00421D80	0045C088	6	973	455				0043A1EB	sighted	19			00415050	wc2-insertion
src/logic.c	004218D0	0041740F	00421D80	0045C088	6	973	456				0043A21E	visited	19			00415070	wc2-insertion
src/logic.c	004218D0	0041740F	00421D80	0045C088	6	973	457				0043A251	achieved	25			00415090	wc2-insertion
src/logic.c	004218D0	0041740F	00421D80	0045C088	6	973	458				0043A29E	flag_objective	19			004150B0	wc2-insertion
src/logic.c	004218D0	0041740F	00421D80	0045C088	6	973	459				0043A2CD	DrawCalculatingLabel	49			004150D0	wc2-insertion
src/logic.c	004218D0	0041740F	00421D80	0045C088	6	973	460				0043A374	objective_name	39			00415130	wc2-insertion
src/logic.c	004218D0	0041740F	00421D80	0045C088	6	973	461				0043A3F8	show_navigation_disp	38			00415180	wc2-insertion
src/logic.c	004218D0	0041740F	00421D80	0045C088	6	973	462				0043A474	hidden_objective	184			004151F0	wc2-insertion
src/logic.c	004218D0	0041740F	00421D80	0045C088	6	973	463				0043A75E	set_new_objective	60			004152C0	wc2-insertion
src/logic.c	004218D0	0041740F	00421D80	0045C088	6	973	464				0043A851	cycle_next_objective	42			00415370	wc2-insertion
src/logic.c	004218D0	0041740F	00421D80	0045C088	6	973	465				0043A8EA	set_next_destination	60			004153D0	wc2-insertion
src/logic.c	004218D0	0041740F	00421D80	0045C088	6	973	466				0043A9D7	LocateMobileObjective	36			00415470	wc2-insertion
src/logic.c	004218D0	0041740F	00421D80	0045C088	6	973	467				0043AA3F	is_any_ship_returning_to_current_nav_point	35			004154C0	wc2-insertion
src/logic.c	004218D0	0041740F	00421D80	0045C088	6	973	468				0043AAC3	escorting_a_ship	21			00415510	wc2-insertion
src/logic.c	004218D0	0041740F	00421D80	0045C088	6	973	469				0043AAFF	flag_reached	153			00415530	wc2-insertion
src/logic.c	004218D0	0041740F	00421D80	0045C088	6	973	470				0043AD61	check_sighting	32			004156D0	wc2-insertion
src/logic.c	004218D0	0041740F	00421D80	0045C088	6	973	471				0043ADC4	check_visit	33			00415720	wc2-insertion
src/logic.c	004218D0	0041740F	00421D80	0045C088	6	973	472				0043AE2F	update_objective_location	124			00415770	wc2-insertion
src/logic.c	004218D0	0041740F	00421D80	0045C088	6	973	473				0043AFD3	objective_lost	49			00415850	wc2-insertion
src/logic.c	004218D0	0041740F	00421D80	0045C088	6	973	474				0043B089	check_objectives	30			004158A0	wc2-insertion
src/logic.c	004218D0	0041740F	00421D80	0045C088	6	973	475				0043B0EB	rotational_pos_to_scanner_pos	78			004158F0	wc2-insertion
src/logic.c	004218D0	0041740F	00421D80	0045C088	6	973	476				0043B1F0	mobile_objective	32			00415A30	wc2-insertion
src/logic.c	004218D0	0041740F	00421D80	0045C088	6	973	477				0043B258	ResetScannerContacts	21			00415A70	wc2-insertion
src/logic.c	004218D0	0041740F	00421D80	0045C088	6	973	478				0043B29D	clear_head_up_display	129			00415A90	wc2-insertion
src/logic.c	004218D0	0041740F	00421D80	0045C088	6	973	479				0043B4CF	set_objective_range	57			00415B70	wc2-insertion
src/logic.c	004218D0	0041740F	00421D80	0045C088	6	973	480				0043B570	FUN_0043B570	50				wc2-insertion
src/logic.c	004218D0	0041740F	00421D80	0045C088	6	973	481				0043B61F	get_color	95			00415C00	wc2-insertion
src/logic.c	004218D0	0041740F	00421D80	0045C088	6	973	482				0043B7C0	draw_3d_scanner	414			00415CE0	wc2-insertion
src/logic.c	004218D0	0041740F	00421D80	0045C088	6	973	483				0043BE1B	start_lock	18			00415FC0	wc2-insertion
src/logic.c	004218D0	0041740F	00421D80	0045C088	6	973	484				0043BE55	starting_lock	21			00415FF0	wc2-insertion
src/logic.c	004218D0	0041740F	00421D80	0045C088	6	973	485				0043BE8D	lock_off	29			00416010	wc2-insertion
src/logic.c	004218D0	0041740F	00421D80	0045C088	6	973	486				0043BEFF	CheckTargetLockMalfunction	35			00416040	wc2-insertion
src/logic.c	004218D0	0041740F	00421D80	0045C088	6	973	487				0043BF67	decrement_lock_time	60			00416090	wc2-insertion
src/logic.c	004218D0	0041740F	00421D80	0045C088	6	973	488				0043C048	target_locking	169			00416120	wc2-insertion
src/logic.c	004218D0	0041740F	00421D80	0045C088	6	973	489				0043C30D	SetRectBounds	22			00416220	wc2-insertion
src/logic.c	004218D0	0041740F	00421D80	0045C088	6	973	490				0043C344	GetRectHeight	16			00416250	wc2-insertion
src/logic.c	004218D0	0041740F	00421D80	0045C088	6	973	491				0043C364	print_message_text	153			00416260	wc2-insertion
src/logic.c	004218D0	0041740F	00421D80	0045C088	6	973	492				0043C570	ShowHudTextLine	24			00416460	wc2-insertion
src/logic.c	004218D0	0041740F	00421D80	0045C088	6	973	493				0043C5B0	RestoreHudMessageBackground	27				wc2-insertion
src/logic.c	004218D0	0041740F	00421D80	0045C088	6	973	494				0043C601	SetHudTextColour	25			00416480	wc2-insertion
src/logic.c	004218D0	0041740F	00421D80	0045C088	6	973	495				0043C64D	ClearHudMessageDisplay	37				wc2-insertion
src/logic.c	004218D0	0041740F	00421D80	0045C088	6	973	496				0043C6D8	draw_target_box	368			004164B0	wc2-insertion
src/logic.c	004218D0	0041740F	00421D80	0045C088	6	973	497				0043CBD3	remove_nav_pointer	17			004168A0	wc2-insertion
src/logic.c	004218D0	0041740F	00421D80	0045C088	6	973	498				0043CBFD	draw_nav_pointer	160			004168C0	wc2-insertion
src/logic.c	004218D0	0041740F	00421D80	0045C088	6	973	499				0043CE8F	sort_viable_target_list	52			0041E860	wc2-insertion
src/logic.c	004218D0	0041740F	00421D80	0045C088	6	973	500				0043CF5A	FUN_0043CF5A	258				wc2-insertion
src/logic.c	004218D0	0041740F	00421D80	0045C088	6	973	501				0043D323	FUN_0043D323	30				wc2-insertion
src/logic.c	004218D0	0041740F	00421D80	0045C088	6	973	502				0043D386	overlay_head_up_display	269			00416AC0	wc2-insertion
src/logic.c	004218D0	0041740F	00421D80	0045C088	6	973	503				0043D7F2	RestoreCockpitExplosionIfVisible	17			00416C90	wc2-insertion
src/logic.c	004218D0	0041740F	00421D80	0045C088	6	973	504				0043D81F	RestoreTransientCockpitGraphics	86			00416CB0	wc2-insertion
src/logic.c	004218D0	0041740F	00421D80	0045C088	6	973	505				0043D956	SetHudMessageText	28			00416DE0	wc2-insertion
src/logic.c	004218D0	0041740F	00421D80	0045C088	6	973	506				0043D9AB	FUN_0043D9AB	20				wc2-insertion
src/logic.c	004218D0	0041740F	00421D80	0045C088	6	973	507				0043D9DA	malf_noise	46			00416E20	wc2-insertion
src/logic.c	004218D0	0041740F	00421D80	0045C088	6	973	508				0043DA68	build_your_target_list	164			00416E90	wc2-insertion
src/logic.c	004218D0	0041740F	00421D80	0045C088	6	973	509				0043DD1B	cycle_onscreen_targets	56			00416F30	wc2-insertion
src/logic.c	004218D0	0041740F	00421D80	0045C088	6	973	510				0043DDFC	check_target	162			00416FD0	wc2-insertion
src/logic.c	004218D0	0041740F	00421D80	0045C088	6	973	511				0043E101	FUN_0043E101	52				wc2-insertion
src/logic.c	004218D0	0041740F	00421D80	0045C088	6	973	512				0043E1B2	update_missile_warning	60			00417190	wc2-insertion
src/logic.c	004218D0	0041740F	00421D80	0045C088	6	973	513				0043E297	determine_pilot_hand	67			004171D0	wc2-insertion
src/logic.c	004218D0	0041740F	00421D80	0045C088	6	973	514				0043E371	DrawPilotHandFrame	56			00417260	wc2-insertion
src/logic.c	004218D0	0041740F	00421D80	0045C088	6	973	515				0043E43A	animate_pilot	18			004173C0	wc2-insertion
src/logic.c	004218D0	0041740F	00421D80	0045C088	6	973	516				0043E472	ResetPilotHandAnimation	18			004173F0	wc2-insertion
src/logic.c	004218D0	0041740F	00421D80	0045C088	6	973	517				0043E4A8	send_message	69			00417420	wc2-insertion
src/logic.c	004218D0	0041740F	00421D80	0045C088	6	973	518				0043E5DA	npc_communication	153			004174F0	wc2-insertion
src/logic.c	004218D0	0041740F	00421D80	0045C088	6	973	519				0043E870	clear_cockpit_damage	22			00417610	wc2-insertion
src/logic.c	004218D0	0041740F	00421D80	0045C088	6	973	520				0043E8B2	explosion_draw	77			00417630	wc2-insertion
src/logic.c	004218D0	0041740F	00421D80	0045C088	6	973	521				0043E9E2	DrawPendingCockpitDamage	63			004176C0	wc2-insertion
src/logic.c	004218D0	0041740F	00421D80	0045C088	6	973	522				0043EAE3	RestoreCockpitExplosionBackground	31			00417760	wc2-insertion
src/logic.c	004218D0	0041740F	00421D80	0045C088	6	973	523				0043EB46	cockpit_explosion	69			004177B0	wc2-insertion
src/logic.c	004218D0	0041740F	00421D80	0045C088	6	973	524				0043EC50	place_damage_on_cockpit	34			004178A0	wc2-insertion
src/logic.c	004218D0	0041740F	00421D80	0045C088	6	973	525				0043ECD9	vid_transmit	210			00417910	wc2-insertion
src/logic.c	004218D0	0041740F	00421D80	0045C088	6	973	526				0043F042	vid_equiv	30			00417AC0	wc2-insertion
src/logic.c	004218D0	0041740F	00421D80	0045C088	6	973	527				0043F09D	update_dead_disp	19			00417B10	wc2-insertion
src/logic.c	004218D0	0041740F	00421D80	0045C088	6	973	528				0043F0C3	check_stranded	24			00417B30	wc2-insertion
src/logic.c	004218D0	0041740F	00421D80	0045C088	6	973	529				0043F110	CopyTrainSimPilotViewToVdus	117			00417320	wc2-insertion
src/logic.c	004218D0	0041740F	00421D80	0045C088	6	973	530				0043F2F5	update_VDUs	212			00417B70	wc2-insertion
src/logic.c	004218D0	0041740F	00421D80	0045C088	6	973	531				0043F6C9	update_cockpit	77			00417E70	wc2-insertion
src/logic.c	004218D0	0041740F	00421D80	0045C088	6	973	532				0043F81B	IsCockpitWeaponShapeLoaded	17				wc2-insertion
src/logic.c	004218D0	0041740F	00421D80	0045C088	6	973	533				0043F849	PlayCockpitSelectionSfx	15			00417F00	wc2-insertion
src/logic.c	004218D0	0041740F	00421D80	0045C088	6	973	534				0043F862	vdu_pop_all	36			00417F10	wc2-insertion
src/logic.c	004218D0	0041740F	00421D80	0045C088	6	973	535				0043F8CD	SelectCockpitVduMode	116			00417F60	wc2-insertion
src/logic.c	004218D0	0041740F	00421D80	0045C088	6	973	536				0043FAC0	show_target_disp	292			0042DB90	wc2-insertion
src/logic.c	004218D0	0041740F	00421D80	0045C088	6	973	537				0043FF40	DrawTargetRangeReadout	144			0042DEA0	wc2-insertion
src/logic.c	004218D0	0041740F	00421D80	0045C088	6	973	538				004401C0	LoadMissionData	238			004059B0	wc2-insertion
src/logic.c	004218D0	0041740F	00421D80	0045C088	6	973	539				00440490	HandleUnsupportedManeuver	24				wc2-insertion
src/logic.c	004218D0	0041740F	00421D80	0045C088	6	973	540				004404CC	FUN_004404CC	34				wc2-insertion
src/logic.c	004218D0	0041740F	00421D80	0045C088	6	973	541				00440549	ResetShipWeaponFireState	14				wc2-insertion
src/logic.c	004218D0	0041740F	00421D80	0045C088	6	973	542				00440571	chase_speed	46			00434C70	wc2-insertion
src/logic.c	004218D0	0041740F	00421D80	0045C088	6	973	543				00440606	SetShipAiScratchWord	12			004060A0	wc2-insertion
src/logic.c	004218D0	0041740F	00421D80	0045C088	6	973	544				0044061B	maneuver_complete	20			004060B0	wc2-insertion
src/logic.c	004218D0	0041740F	00421D80	0045C088	6	973	545				00440642	Mline_up_drop	39			004060D0	wc2-insertion
src/logic.c	004218D0	0041740F	00421D80	0045C088	6	973	546				004406BA	Mwabble	69			00406130	wc2-insertion
src/logic.c	004218D0	0041740F	00421D80	0045C088	6	973	547				004407B0	advance	16			004061E0	wc2-insertion
src/logic.c	004218D0	0041740F	00421D80	0045C088	6	973	548				004407DA	ShipAiState35	17			00406200	wc2-insertion
src/logic.c	004218D0	0041740F	00421D80	0045C088	6	973	549				004407F7	Mfull_ahead	17			00406310	wc2-insertion
src/logic.c	004218D0	0041740F	00421D80	0045C088	6	973	550				00440814	Mchill	17			00406350	wc2-insertion
src/logic.c	004218D0	0041740F	00421D80	0045C088	6	973	551				00440831	Mdrop_a_mine	17			004063B0	wc2-insertion
src/logic.c	004218D0	0041740F	00421D80	0045C088	6	973	552				0044084E	Mthink	17			00406400	wc2-insertion
src/logic.c	004218D0	0041740F	00421D80	0045C088	6	973	553				0044086B	Mtight_loop	71			00406440	wc2-insertion
src/logic.c	004218D0	0041740F	00421D80	0045C088	6	973	554				00440967	Mhard_break	72			004064F0	wc2-insertion
src/logic.c	004218D0	0041740F	00421D80	0045C088	6	973	555				00440A93	Msit_n_spin	163			004065A0	wc2-insertion
src/logic.c	004218D0	0041740F	00421D80	0045C088	6	973	556				00440D0B	Mturn_n_spin	83			004067A0	wc2-insertion
src/logic.c	004218D0	0041740F	00421D80	0045C088	6	973	557				00440E46	Mburnout	58			00406860	wc2-insertion
src/logic.c	004218D0	0041740F	00421D80	0045C088	6	973	558				00440F01	Mkickit	37			004068D0	wc2-insertion
src/logic.c	004218D0	0041740F	00421D80	0045C088	6	973	559				00440F76	Mturn_n_kick	91			00406910	wc2-insertion
src/logic.c	004218D0	0041740F	00421D80	0045C088	6	973	560				004410C0	Mroll_over	41			00406990	wc2-insertion
src/logic.c	004218D0	0041740F	00421D80	0045C088	6	973	561				00441146	Mhard_turn	48			004069F0	wc2-insertion
src/logic.c	004218D0	0041740F	00421D80	0045C088	6	973	562				004411E1	Mfish_hook	110			00406A50	wc2-insertion
src/logic.c	004218D0	0041740F	00421D80	0045C088	6	973	563				00441379	Mtry2tail	73			00406B60	wc2-insertion
src/logic.c	004218D0	0041740F	00421D80	0045C088	6	973	564				0044145A	Msplit_left	57			00406BD0	wc2-insertion
src/logic.c	004218D0	0041740F	00421D80	0045C088	6	973	565				0044151B	Msplit_right	57			00406C20	wc2-insertion
src/logic.c	004218D0	0041740F	00421D80	0045C088	6	973	566				004415DC	Mgloat	66			00406C70	wc2-insertion
src/logic.c	004218D0	0041740F	00421D80	0045C088	6	973	567				004416D5	Mtail_fire	40			00406D20	wc2-insertion
src/logic.c	004218D0	0041740F	00421D80	0045C088	6	973	568				00441742	Mzip_past	76			00406D80	wc2-insertion
src/logic.c	004218D0	0041740F	00421D80	0045C088	6	973	569				00441837	FUN_00441837	32				wc2-insertion
src/logic.c	004218D0	0041740F	00421D80	0045C088	6	973	570				00441895	FUN_00441895	17				wc2-insertion
src/logic.c	004218D0	0041740F	00421D80	0045C088	6	973	571				004418B2	FUN_004418B2	68				wc2-insertion
src/logic.c	004218D0	0041740F	00421D80	0045C088	6	973	572				0044199B	Mram_missile	41			00406EC0	wc2-insertion
src/logic.c	004218D0	0041740F	00421D80	0045C088	6	973	573				00441A13	Mbuzz_debris	70			00406F20	wc2-insertion
src/logic.c	004218D0	0041740F	00421D80	0045C088	6	973	574				00441AFC	Mstrafe_enemy	58			00406FB0	wc2-insertion
src/logic.c	004218D0	0041740F	00421D80	0045C088	6	973	575				00441BC1	Mbest_strafe	26			00407030	wc2-insertion
src/logic.c	004218D0	0041740F	00421D80	0045C088	6	973	576				00441C01	Mtarget_missile	76			00406E10	wc2-insertion
src/logic.c	004218D0	0041740F	00421D80	0045C088	6	973	577				00441D00	Msit_n_fire	41			00407060	wc2-insertion
src/logic.c	004218D0	0041740F	00421D80	0045C088	6	973	578				00441D71	Mstrafe_n_roll	23			004070D0	wc2-insertion
src/logic.c	004218D0	0041740F	00421D80	0045C088	6	973	579				00441DB3	Mkill_missile	74			00407100	wc2-insertion
src/logic.c	004218D0	0041740F	00421D80	0045C088	6	973	580				00441E9C	Msuicide_run	21			004071B0	wc2-insertion
src/logic.c	004218D0	0041740F	00421D80	0045C088	6	973	581				00441EC8	Mget_distance	60			004071E0	wc2-insertion
src/logic.c	004218D0	0041740F	00421D80	0045C088	6	973	582				00441F86	general_zig	93			00407270	wc2-insertion
src/logic.c	004218D0	0041740F	00421D80	0045C088	6	973	583				0044210C	Mzig_zag	17			00407350	wc2-insertion
src/logic.c	004218D0	0041740F	00421D80	0045C088	6	973	584				00442129	Mzig_zag_pitch	17			00407370	wc2-insertion
src/logic.c	004218D0	0041740F	00421D80	0045C088	6	973	585				00442146	Mcorkscrew	67			00407390	wc2-insertion
src/logic.c	004218D0	0041740F	00421D80	0045C088	6	973	586				00442252	Mveer_away	117			00407450	wc2-insertion
src/logic.c	004218D0	0041740F	00421D80	0045C088	6	973	587				004423E2	ShipAiState44	16			00407560	wc2-insertion
src/logic.c	004218D0	0041740F	00421D80	0045C088	6	973	588				00442404	Mtarget_laser	17			00407580	wc2-insertion
src/logic.c	004218D0	0041740F	00421D80	0045C088	6	973	589				00442421	Mrout_me	14			004075A0	wc2-insertion
src/logic.c	004218D0	0041740F	00421D80	0045C088	6	973	590				00442438	FUN_00442438	17				wc2-insertion
src/logic.c	004218D0	0041740F	00421D80	0045C088	6	973	591				00442455	FUN_00442455	40				wc2-insertion
src/logic.c	004218D0	0041740F	00421D80	0045C088	6	973	592				004424C2	Mnone	10			004075B0	wc2-insertion
src/logic.c	004218D0	0041740F	00421D80	0045C088	6	973	593				004424CD	Mreset	14			004075C0	wc2-insertion
src/logic.c	004218D0	0041740F	00421D80	0045C088	6	973	594				004424E4	perform_maneuver	164			004075D0	wc2-insertion
src/logic.c	004218D0	0041740F	00421D80	0045C088	6	973	595				00442770	cruise_home	155			00409760	wc2-insertion
src/logic.c	004218D0	0041740F	00421D80	0045C088	6	973	596				004429A7	FUN_004429A7	15				wc2-insertion
src/logic.c	004218D0	0041740F	00421D80	0045C088	6	973	597				004429C0	FUN_004429C0	124				wc2-insertion
src/logic.c	004218D0	0041740F	00421D80	0045C088	6	973	598				00442B78	run_away	99			004099C0	wc2-insertion
src/logic.c	004218D0	0041740F	00421D80	0045C088	6	973	599				00442CC3	check_engage_target	45			00409AC0	wc2-insertion
src/logic.c	004218D0	0041740F	00421D80	0045C088	6	973	600				00442D58	check_destroy_target	113			00409B10	wc2-insertion
src/logic.c	004218D0	0041740F	00421D80	0045C088	6	973	601				00442EFC	maneuvering	21			00409C20	wc2-insertion
src/logic.c	004218D0	0041740F	00421D80	0045C088	6	973	602				00442F2D	formation_burst	57			00409C50	wc2-insertion
src/logic.c	004218D0	0041740F	00421D80	0045C088	6	973	603				00442FE9	disallow_engage	11			00409CE0	wc2-insertion
src/logic.c	004218D0	0041740F	00421D80	0045C088	6	973	604				00442FFD	allow_engage	12			00409CF0	wc2-insertion
src/logic.c	004218D0	0041740F	00421D80	0045C088	6	973	605				0044301A	try2allow_engage	33			00409D10	wc2-insertion
src/logic.c	004218D0	0041740F	00421D80	0045C088	6	973	606				00443095	imperial_formation	157			00409D60	wc2-insertion
src/logic.c	004218D0	0041740F	00421D80	0045C088	6	973	607				004432EB	formation_break	52			00409F00	wc2-insertion
src/logic.c	004218D0	0041740F	00421D80	0045C088	6	973	608				004433B1	imperial_wingman	64			00409F80	wc2-insertion
src/logic.c	004218D0	0041740F	00421D80	0045C088	6	973	609				00443499	kilrathi_wingman	103			0040A030	wc2-insertion
src/logic.c	004218D0	0041740F	00421D80	0045C088	6	973	610				00443631	wingman_mission	23			0040A130	wc2-insertion
src/logic.c	004218D0	0041740F	00421D80	0045C088	6	973	611				0044366D	dist_from_home	19			0040A160	wc2-insertion
src/logic.c	004218D0	0041740F	00421D80	0045C088	6	973	612				00443698	scan_and_lock	32			0040A180	wc2-insertion
src/logic.c	004218D0	0041740F	00421D80	0045C088	6	973	613				00443707	patrol_area	158			0040A1C0	wc2-insertion
src/logic.c	004218D0	0041740F	00421D80	0045C088	6	973	614				00443930	kilrathi_patrol	53			0040A360	wc2-insertion
src/logic.c	004218D0	0041740F	00421D80	0045C088	6	973	615				00443A08	cruise_to_destination	159			0040A410	wc2-insertion
src/logic.c	004218D0	0041740F	00421D80	0045C088	6	973	616				00443C45	prepare_for_jump	81			0040A540	wc2-insertion
src/logic.c	004218D0	0041740F	00421D80	0045C088	6	973	617				00443D6E	accelerate_and_jump	27			0040A630	wc2-insertion
src/logic.c	004218D0	0041740F	00421D80	0045C088	6	973	618				00443DBD	reach_warp	57			0040A670	wc2-insertion
src/logic.c	004218D0	0041740F	00421D80	0045C088	6	973	619				00443E8C	FUN_00443E8C	26				wc2-insertion
src/logic.c	004218D0	0041740F	00421D80	0045C088	6	973	620				00443EE9	warp_arrival	24			0040A710	wc2-insertion
src/logic.c	004218D0	0041740F	00421D80	0045C088	6	973	621				00443F28	return_to_buddy	47			0040A740	wc2-insertion
src/logic.c	004218D0	0041740F	00421D80	0045C088	6	973	622				00443FA2	escort_buddy	29			0040A7A0	wc2-insertion
src/logic.c	004218D0	0041740F	00421D80	0045C088	6	973	623				00443FE4	escort_mission	121			0040A7D0	wc2-insertion
src/logic.c	004218D0	0041740F	00421D80	0045C088	6	973	624				00444199	check_goal	29			0040A900	wc2-insertion
src/logic.c	004218D0	0041740F	00421D80	0045C088	6	973	625				004441E5	streak_toward	59			0040A940	wc2-insertion
src/logic.c	004218D0	0041740F	00421D80	0045C088	6	973	626				00444291	approach_and_engage	116			0040A9B0	wc2-insertion
src/logic.c	004218D0	0041740F	00421D80	0045C088	6	973	627				00444420	strike_mission	172			0040AAC0	wc2-insertion
src/logic.c	004218D0	0041740F	00421D80	0045C088	6	973	628				004446C9	return_to_master	40			0040ABB0	wc2-insertion
src/logic.c	004218D0	0041740F	00421D80	0045C088	6	973	629				0044472C	defend_mission	155			0040AC00	wc2-insertion
src/logic.c	004218D0	0041740F	00421D80	0045C088	6	973	630				00444966	rendezvous_mission	116			0040AD80	wc2-insertion
src/logic.c	004218D0	0041740F	00421D80	0045C088	6	973	631				00444ADC	ship_intelligence	108			0040AE80	wc2-insertion
src/logic.c	004218D0	0041740F	00421D80	0045C088	6	973	632				00444C80	orbit_sphere	73			0040AF70	wc2-insertion
src/logic.c	004218D0	0041740F	00421D80	0045C088	6	973	633				00444D5C	tanker_intelligence	76			0040B010	wc2-insertion
src/logic.c	004218D0	0041740F	00421D80	0045C088	6	973	634				00444E51	destroyer_intelligence	32			0040B0C0	wc2-insertion
src/logic.c	004218D0	0041740F	00421D80	0045C088	6	973	635				00444EA7	stationary_intelligence	42			0040B110	wc2-insertion
src/logic.c	004218D0	0041740F	00421D80	0045C088	6	973	636				00444F53	FUN_00444F53	92				wc2-insertion
src/logic.c	004218D0	0041740F	00421D80	0045C088	6	973	637				00445087	FUN_00445087	723				wc2-insertion
src/logic.c	004218D0	0041740F	00421D80	0045C088	6	973	638				00445AAC	capital_ship_intelligence	184			0040B140	wc2-insertion
src/logic.c	004218D0	0041740F	00421D80	0045C088	6	973	639				00445D9A	futurion_intelligence	46			0040B320	wc2-insertion
src/logic.c	004218D0	0041740F	00421D80	0045C088	6	973	640				00445E68	heat_seeking_missile_intelligence	169			0040B430	wc2-insertion
src/logic.c	004218D0	0041740F	00421D80	0045C088	6	973	641				00446133	FF_missile_intelligence	143			0040B570	wc2-insertion
src/logic.c	004218D0	0041740F	00421D80	0045C088	6	973	642				00446395	FUN_00446395	59				wc2-insertion
src/logic.c	004218D0	0041740F	00421D80	0045C088	6	973	643				00446474	mine_intelligence	62			0040B3A0	wc2-insertion
src/logic.c	004218D0	0041740F	00421D80	0045C088	6	973	644				00446560	FUN_00446560	12				wc2-insertion
src/logic.c	004218D0	0041740F	00421D80	0045C088	6	973	645				00446580	FUN_00446580	17				wc2-insertion
src/logic.c	004218D0	0041740F	00421D80	0045C088	6	973	646				004465A0	PacketLoad	98			0042B050	wc2-insertion
src/logic.c	004218D0	0041740F	00421D80	0045C088	6	973	647				00446710	DrawPodiumShot	67			00439070	wc2-insertion
src/logic.c	004218D0	0041740F	00421D80	0045C088	6	973	648				00446823	FUN_00446823	61				wc2-insertion
src/logic.c	004218D0	0041740F	00421D80	0045C088	6	973	649				00446910	DosStrcat	25			0041C740	wc2-insertion
src/logic.c	004218D0	0041740F	00421D80	0045C088	6	973	650				00446950	FUN_00446950	11				wc2-insertion
src/logic.c	004218D0	0041740F	00421D80	0045C088	6	973	651				00446960	FUN_00446960	18				wc2-insertion
src/logic.c	004218D0	0041740F	00421D80	0045C088	6	973	652				0044698F	FUN_0044698F	42				wc2-insertion
src/logic.c	004218D0	0041740F	00421D80	0045C088	6	973	653				00446A1D	FUN_00446A1D	82				wc2-insertion
src/logic.c	004218D0	0041740F	00421D80	0045C088	6	973	654				00446B6A	FUN_00446B6A	94				wc2-insertion
src/logic.c	004218D0	0041740F	00421D80	0045C088	6	973	655				00446CC2	FUN_00446CC2	29				wc2-insertion
src/logic.c	004218D0	0041740F	00421D80	0045C088	6	973	656				00446D0D	FUN_00446D0D	30				wc2-insertion
src/logic.c	004218D0	0041740F	00421D80	0045C088	6	973	657				00446D55	FUN_00446D55	86				wc2-insertion
src/logic.c	004218D0	0041740F	00421D80	0045C088	6	973	658				00446E9D	FUN_00446E9D	38				wc2-insertion
src/logic.c	004218D0	0041740F	00421D80	0045C088	6	973	659				00446F14	FUN_00446F14	57				wc2-insertion
src/logic.c	004218D0	0041740F	00421D80	0045C088	6	973	660				00446FC8	FUN_00446FC8	95				wc2-insertion
src/logic.c	004218D0	0041740F	00421D80	0045C088	6	973	661				00447170	GetShapeFrameExtent	26			00407710	wc2-insertion
src/logic.c	004218D0	0041740F	00421D80	0045C088	6	973	662				004471B0	free_viewport	76			0040F940	wc2-insertion
src/logic.c	004218D0	0041740F	00421D80	0045C088	6	973	663				00447300	LoadCommPortraitResources	33			00431520	wc2-insertion
src/logic.c	004218D0	0041740F	00421D80	0045C088	6	973	664				00447369	FUN_00447369	28				wc2-insertion
src/logic.c	004218D0	0041740F	00421D80	0045C088	6	973	665				004473D1	IsCommMenuIdle	17			00430CA0	wc2-insertion
src/logic.c	004218D0	0041740F	00421D80	0045C088	6	973	666				004473FC	AppendCommMenuChoice	30			00430CB0	wc2-insertion
src/logic.c	004218D0	0041740F	00421D80	0045C088	6	973	667				00447479	SendCommMenuChoice	27			00430D30	wc2-insertion
src/logic.c	004218D0	0041740F	00421D80	0045C088	6	973	668				004474CA	OpenCommMenuForTarget	19			00430D50	wc2-insertion
src/logic.c	004218D0	0041740F	00421D80	0045C088	6	973	669				004474F4	IsCommChoiceMenuOpen	20			00430D80	wc2-insertion
src/logic.c	004218D0	0041740F	00421D80	0045C088	6	973	670				00447526	OpenCommRecipientMenu	15			00430DC0	wc2-insertion
src/logic.c	004218D0	0041740F	00421D80	0045C088	6	973	671				00447544	CloseCommChoiceMenu	19			00430DE0	wc2-insertion
src/logic.c	004218D0	0041740F	00421D80	0045C088	6	973	672				0044756F	wingman_dead	17			00430E10	wc2-insertion
src/logic.c	004218D0	0041740F	00421D80	0045C088	6	973	673				0044759B	have_target	21			00430E30	wc2-insertion
src/logic.c	004218D0	0041740F	00421D80	0045C088	6	973	674				004475D3	CanOpenCommMenu	22			00430E50	wc2-insertion
src/logic.c	004218D0	0041740F	00421D80	0045C088	6	973	675				0044760F	SelectCommRecipient	13			00430E70	wc2-insertion
src/logic.c	004218D0	0041740F	00421D80	0045C088	6	973	676				00447629	BuildCommunicationRecipientMenu	144			00430E90	wc2-insertion
src/logic.c	004218D0	0041740F	00421D80	0045C088	6	973	677				00447890	BuildCommunicationCommandMenu	275			00430FC0	wc2-insertion
src/logic.c	004218D0	0041740F	00421D80	0045C088	6	973	678				00447D85	RefreshCommunicationMenu	28			00431200	wc2-insertion
src/logic.c	004218D0	0041740F	00421D80	0045C088	6	973	679				00447DE3	HandleCommunicationMenuRequest	32			00431240	wc2-insertion
src/logic.c	004218D0	0041740F	00421D80	0045C088	6	973	680				00447E47	show_communications_disp	51			00431290	wc2-insertion
src/logic.c	004218D0	0041740F	00421D80	0045C088	6	973	681				00447EF5	Chosen_communicate_option	68			00431350	wc2-insertion
src/logic.c	004218D0	0041740F	00421D80	0045C088	6	973	682				00448008	IssueQuickCommCommand	24			00431400	wc2-insertion
src/logic.c	004218D0	0041740F	00421D80	0045C088	6	973	683				0044804A	FreeCommDisplayResources	13			00431410	wc2-insertion
src/logic.c	004218D0	0041740F	00421D80	0045C088	6	973	684				00448070	EndCommSessionWithWingman	30			00431470	wc2-insertion
src/logic.c	004218D0	0041740F	00421D80	0045C088	6	973	685				004480C6	EndCommMenu	20			004314C0	wc2-insertion
src/logic.c	004218D0	0041740F	00421D80	0045C088	6	973	686				00448100	ShowCentredPrompt	22			004314F0	wc2-insertion
src/logic.c	004218D0	0041740F	00421D80	0045C088	6	973	687				00448136	ExpandCommMessageTokens	102			004315C0	wc2-insertion
src/logic.c	004218D0	0041740F	00421D80	0045C088	6	973	688				004482CA	real_vid_transmit	180			004316E0	wc2-insertion
src/logic.c	004218D0	0041740F	00421D80	0045C088	6	973	689				00448570	FUN_00448570	435				wc2-insertion
src/logic.c	004218D0	0041740F	00421D80	0045C088	6	973	690				00448D1A	SetViewportHorizontalBounds	16				wc2-insertion
src/logic.c	004218D0	0041740F	00421D80	0045C088	6	973	691				00448D39	SetViewportVerticalBounds	16				wc2-insertion
src/logic.c	004218D0	0041740F	00421D80	0045C088	6	973	692				00448D58	FUN_00448D58	1107				wc2-insertion
src/logic.c	004218D0	0041740F	00421D80	0045C088	6	973	693				00449FAE	FUN_00449FAE	34				wc2-insertion
src/logic.c	004218D0	0041740F	00421D80	0045C088	6	973	694				0044A009	FUN_0044A009	22				wc2-insertion
src/logic.c	004218D0	0041740F	00421D80	0045C088	6	973	695				0044A03C	FUN_0044A03C	539				wc2-insertion
src/logic.c	004218D0	0041740F	00421D80	0045C088	6	973	696				0044A910	FUN_0044A910	129				wc2-insertion
src/logic.c	004218D0	0041740F	00421D80	0045C088	6	973	697				0044AAE5	FUN_0044AAE5	263				wc2-insertion
src/logic.c	004218D0	0041740F	00421D80	0045C088	6	973	698				0044ADE0	SetFleetOverviewView	292			00410740	wc2-insertion
src/logic.c	004218D0	0041740F	00421D80	0045C088	6	973	699				0044B200	set_sphere_point	26			0040B670	wc2-insertion
src/logic.c	004218D0	0041740F	00421D80	0045C088	6	973	700				0044B239	is_alive	14			0040B6A0	wc2-insertion
src/logic.c	004218D0	0041740F	00421D80	0045C088	6	973	701				0044B257	check_futurion	20			0040B700	wc2-insertion
src/logic.c	004218D0	0041740F	00421D80	0045C088	6	973	702				0044B29D	FUN_0044B29D	22				wc2-insertion
src/logic.c	004218D0	0041740F	00421D80	0045C088	6	973	703				0044B2E2	init_mission	86			0040B730	wc2-insertion
src/logic.c	004218D0	0041740F	00421D80	0045C088	6	973	704				0044B48F	FUN_0044B48F	207				wc2-insertion
src/logic.c	004218D0	0041740F	00421D80	0045C088	6	973	705				0044B83C	FUN_0044B83C	99				wc2-insertion
src/logic.c	004218D0	0041740F	00421D80	0045C088	6	973	706				0044B981	FUN_0044B981	61				wc2-insertion
src/logic.c	004218D0	0041740F	00421D80	0045C088	6	973	707				0044BA73	prepare_mission	154			0040B7A0	wc2-insertion
src/logic.c	004218D0	0041740F	00421D80	0045C088	6	973	708				0044BCF7	release_all_capital_ship_shapes	37			0040B940	wc2-insertion
src/logic.c	004218D0	0041740F	00421D80	0045C088	6	973	709				0044BD83	release_capital_ship_shapes	64			0040B990	wc2-insertion
src/logic.c	004218D0	0041740F	00421D80	0045C088	6	973	710				0044BE84	FUN_0044BE84	30				wc2-insertion
src/logic.c	004218D0	0041740F	00421D80	0045C088	6	973	711				0044BEE5	load_ship	553			0040B9F0	wc2-insertion
src/logic.c	004218D0	0041740F	00421D80	0045C088	6	973	712				0044C796	free_ship	302			0040BC70	wc2-insertion
src/logic.c	004218D0	0041740F	00421D80	0045C088	6	973	713				0044CC84	free_all_slots	30			0040BE20	wc2-insertion
src/logic.c	004218D0	0041740F	00421D80	0045C088	6	973	714				0044CCE1	load_all_slots	63			0040BE60	wc2-insertion
src/logic.c	004218D0	0041740F	00421D80	0045C088	6	973	715				0044CDCF	remove_nav_point_objects	22			0040BEA0	wc2-insertion
src/logic.c	004218D0	0041740F	00421D80	0045C088	6	973	716				0044CE0A	get_shape_slot	29			0040BEC0	wc2-insertion
src/logic.c	004218D0	0041740F	00421D80	0045C088	6	973	717				0044CE68	shape_loaded	30			0040BEF0	wc2-insertion
src/logic.c	004218D0	0041740F	00421D80	0045C088	6	973	718				0044CEC8	shape_needed	31			0040BF20	wc2-insertion
src/logic.c	004218D0	0041740F	00421D80	0045C088	6	973	719				0044CF2D	new_sphere_shapes	115			0040BF50	wc2-insertion
src/logic.c	004218D0	0041740F	00421D80	0045C088	6	973	720				0044D0C7	FUN_0044D0C7	156				wc2-insertion
src/logic.c	004218D0	0041740F	00421D80	0045C088	6	973	721				0044D35D	set_up_action_sphere	229			0040BFF0	wc2-insertion
src/logic.c	004218D0	0041740F	00421D80	0045C088	6	973	722				0044D72E	room_for_me	67			0040C350	wc2-insertion
src/logic.c	004218D0	0041740F	00421D80	0045C088	6	973	723				0044D81F	place_ship_near_player_until_valid	36			0040C360	wc2-insertion
src/logic.c	004218D0	0041740F	00421D80	0045C088	6	973	724				0044D888	set_up_next_wave	90			0040C3C0	wc2-insertion
src/logic.c	004218D0	0041740F	00421D80	0045C088	6	973	725				0044D9E2	sub_int_vector	31			0040C4A0	wc2-insertion
src/logic.c	004218D0	0041740F	00421D80	0045C088	6	973	726				0044DA2F	set_formation_position	101			0040C4E0	wc2-insertion
src/logic.c	004218D0	0041740F	00421D80	0045C088	6	973	727				0044DB7E	Set_up_ship_info	270			0040C5E0	wc2-insertion
src/logic.c	004218D0	0041740F	00421D80	0045C088	6	973	728				0044E028	is_team_member	33			0040C740	wc2-insertion
src/logic.c	004218D0	0041740F	00421D80	0045C088	6	973	729				0044E09C	find_next_ship_turn_slot	55			0040C780	wc2-insertion
src/logic.c	004218D0	0041740F	00421D80	0045C088	6	973	730				0044E187	init_ship	209			0040C800	wc2-insertion
src/logic.c	004218D0	0041740F	00421D80	0045C088	6	973	731				0044E44F	init_intelligence_data	356			0040C950	wc2-insertion
src/logic.c	004218D0	0041740F	00421D80	0045C088	6	973	732				0044EA50	FUN_0044EA50	57				wc2-insertion
src/logic.c	004218D0	0041740F	00421D80	0045C088	6	973	733				0044EB4E	FUN_0044EB4E	37				wc2-insertion
src/logic.c	004218D0	0041740F	00421D80	0045C088	6	973	734				0044EBCA	ejection_sequence	272			004046A0	wc2-insertion
src/logic.c	004218D0	0041740F	00421D80	0045C088	6	973	735				0044F010	OpenPacketSection	135			0042D730	wc2-insertion
src/logic.c	004218D0	0041740F	00421D80	0045C088	6	973	736				0044F1C7	CloseDataFileByHandle	15			0042D870	wc2-insertion
src/logic.c	004218D0	0041740F	00421D80	0045C088	6	973	737				0044F1F0	SampleBothJoysticks	39			0040CAA0	wc2-insertion
src/logic.c	004218D0	0041740F	00421D80	0045C088	6	973	738				0044F247	FUN_0044F247	41				wc2-insertion
src/logic.c	004218D0	0041740F	00421D80	0045C088	6	973	739				0044F2B8	FUN_0044F2B8	12				wc2-insertion
src/logic.c	004218D0	0041740F	00421D80	0045C088	6	973	740				0044F2CD	FUN_0044F2CD	19				wc2-insertion
src/logic.c	004218D0	0041740F	00421D80	0045C088	6	973	741				0044F300	FUN_0044F300	11				wc2-insertion
src/logic.c	004218D0	0041740F	00421D80	0045C088	6	973	742				0044F310	FUN_0044F310	12				wc2-insertion
src/logic.c	004218D0	0041740F	00421D80	0045C088	6	973	743				0044F322	FUN_0044F322	11				wc2-insertion
src/logic.c	004218D0	0041740F	00421D80	0045C088	6	973	744				0044F332	SetAwakenBarracksMenuLabel	41			0041B110	wc2-insertion
src/logic.c	004218D0	0041740F	00421D80	0045C088	6	973	745				0044F3A4	FUN_0044F3A4	22				wc2-insertion
src/logic.c	004218D0	0041740F	00421D80	0045C088	6	973	746				0044F52E	FUN_0044F52E	35				wc2-insertion
src/logic.c	004218D0	0041740F	00421D80	0045C088	6	973	747				0044F581	FUN_0044F581	12				wc2-insertion
src/logic.c	004218D0	0041740F	00421D80	0045C088	6	973	748				0044F5B1	FUN_0044F5B1	11				wc2-insertion
src/logic.c	004218D0	0041740F	00421D80	0045C088	6	973	749				0044F5C5	FUN_0044F5C5	13				wc2-insertion
src/logic.c	004218D0	0041740F	00421D80	0045C088	6	973	750				0044F84F	FUN_0044F84F	132				wc2-insertion
src/logic.c	004218D0	0041740F	00421D80	0045C088	6	973	751				0044FA31	FUN_0044FA31	19				wc2-insertion
src/logic.c	004218D0	0041740F	00421D80	0045C088	6	973	752				0044FA70	DrawNavTextLine	36			0040CB60	wc2-insertion
src/logic.c	004218D0	0041740F	00421D80	0045C088	6	973	753				0044FADA	SetNavMapCoordinateScaling	12			0040CBB0	wc2-insertion
src/logic.c	004218D0	0041740F	00421D80	0045C088	6	973	754				0044FAEF	ScaleNavMapMarkerSize	20			0040CBC0	wc2-insertion
src/logic.c	004218D0	0041740F	00421D80	0045C088	6	973	755				0044FB19	ScaleNavMapCoordinates	29			0040CBE0	wc2-insertion
src/logic.c	004218D0	0041740F	00421D80	0045C088	6	973	756				0044FB68	nav_getxy	39			0040CC30	wc2-insertion
src/logic.c	004218D0	0041740F	00421D80	0045C088	6	973	757				0044FBC8	CheckPoint	38			0040CC80	wc2-insertion
src/logic.c	004218D0	0041740F	00421D80	0045C088	6	973	758				0044FC37	IncludeNavMapWorldPoint	27			0040CCF0	wc2-insertion
src/logic.c	004218D0	0041740F	00421D80	0045C088	6	973	759				0044FC6D	SetScale	158			0040CD30	wc2-insertion
src/logic.c	004218D0	0041740F	00421D80	0045C088	6	973	760				0044FE9F	Build_objective_list	167			0040CED0	wc2-insertion
src/logic.c	004218D0	0041740F	00421D80	0045C088	6	973	761				00450136	FUN_00450136	34				wc2-insertion
src/logic.c	004218D0	0041740F	00421D80	0045C088	6	973	762				004501B2	NavMapLabelFits	30			0040D0E0	wc2-insertion
src/logic.c	004218D0	0041740F	00421D80	0045C088	6	973	763				00450210	NavMapLabelPositionAvailable	81			0040D120	wc2-insertion
src/logic.c	004218D0	0041740F	00421D80	0045C088	6	973	764				00450329	ResetNavMapReservedAreas	11			0040D1D0	wc2-insertion
src/logic.c	004218D0	0041740F	00421D80	0045C088	6	973	765				0045033D	ReserveNavMapArea	27			0040D1E0	wc2-insertion
src/logic.c	004218D0	0041740F	00421D80	0045C088	6	973	766				004503A7	ResetNavMapLabels	11			0040D240	wc2-insertion
src/logic.c	004218D0	0041740F	00421D80	0045C088	6	973	767				004503BB	TryPlaceNavMapLabel	50			0040D250	wc2-insertion
src/logic.c	004218D0	0041740F	00421D80	0045C088	6	973	768				00450458	PlaceNavMapLabel	152			0040D2C0	wc2-insertion
src/logic.c	004218D0	0041740F	00421D80	0045C088	6	973	769				00450623	FUN_00450623	55				wc2-insertion
src/logic.c	004218D0	0041740F	00421D80	0045C088	6	973	770				004506F8	AddUniqueObjectiveNavLabel	73			0040D410	wc2-insertion
src/logic.c	004218D0	0041740F	00421D80	0045C088	6	973	771				004507DA	IsPointInNavMapLabel	46			0040D490	wc2-insertion
src/logic.c	004218D0	0041740F	00421D80	0045C088	6	973	772				0045087F	DrawNavMapLabels	38			0040D540	wc2-insertion
src/logic.c	004218D0	0041740F	00421D80	0045C088	6	973	773				00450900	DrawNavRectangleMarker	80			0040D5A0	wc2-insertion
src/logic.c	004218D0	0041740F	00421D80	0045C088	6	973	774				004509C9	DrawNavSquareOutline	32			0040D640	wc2-insertion
src/logic.c	004218D0	0041740F	00421D80	0045C088	6	973	775				00450A12	DrawNavSquareMarker	94			0040D680	wc2-insertion
src/logic.c	004218D0	0041740F	00421D80	0045C088	6	973	776				00450B03	DrawNavTriangleOutline	72			0040D740	wc2-insertion
src/logic.c	004218D0	0041740F	00421D80	0045C088	6	973	777				00450BBA	DrawNavTriangleMarker	46			0040D7D0	wc2-insertion
src/logic.c	004218D0	0041740F	00421D80	0045C088	6	973	778				00450C2A	DrawNavCrossMarker	78			0040D830	wc2-insertion
src/logic.c	004218D0	0041740F	00421D80	0045C088	6	973	779				00450CF8	FUN_00450CF8	66				wc2-insertion
src/logic.c	004218D0	0041740F	00421D80	0045C088	6	973	780				00450DF6	SetScreenClipRect	21			0040D8C0	wc2-insertion
src/logic.c	004218D0	0041740F	00421D80	0045C088	6	973	781				00450E1E	DrawNavHazardMarker	55			0040D8F0	wc2-insertion
src/logic.c	004218D0	0041740F	00421D80	0045C088	6	973	782				00450E98	DrawNavPlayerMarker	53			0040D980	wc2-insertion
src/logic.c	004218D0	0041740F	00421D80	0045C088	6	973	783				00450F1E	FUN_00450F1E	73				wc2-insertion
src/logic.c	004218D0	0041740F	00421D80	0045C088	6	973	784				00450FE2	BuildMap	391			0040DA00	wc2-insertion
src/logic.c	004218D0	0041740F	00421D80	0045C088	6	973	785				0045153A	UpdateInflightNavText	70			0040DDA0	wc2-insertion
src/logic.c	004218D0	0041740F	00421D80	0045C088	6	973	786				00451637	FormatNavCoordinates	24			0040DE70	wc2-insertion
src/logic.c	004218D0	0041740F	00421D80	0045C088	6	973	787				00451673	DrawSelectedNavLegendEntry	27			0040DEA0	wc2-insertion
src/logic.c	004218D0	0041740F	00421D80	0045C088	6	973	788				004516C0	DrawNavMapLegend	48			0040DEE0	wc2-insertion
src/logic.c	004218D0	0041740F	00421D80	0045C088	6	973	789				00451756	nav_note	55			0040DF50	wc2-insertion
src/logic.c	004218D0	0041740F	00421D80	0045C088	6	973	790				0045180F	DrawNavLocationReadout	188			0040DF70	wc2-insertion
src/logic.c	004218D0	0041740F	00421D80	0045C088	6	973	791				00451AD3	BriefingMap_LoadShapes	47			0040E190	wc2-insertion
src/logic.c	004218D0	0041740F	00421D80	0045C088	6	973	792				00451B70	BriefingMap_DisplayMap	61			0040E210	wc2-insertion
src/logic.c	004218D0	0041740F	00421D80	0045C088	6	973	793				00451C5C	SelectNavObjectiveAtPoint	107			0040E2B0	wc2-insertion
src/logic.c	004218D0	0041740F	00421D80	0045C088	6	973	794				00451DDB	CentreMouseOnCurrentNavObjective	41			0040E3C0	wc2-insertion
src/logic.c	004218D0	0041740F	00421D80	0045C088	6	973	795				00451E57	ShowConfedNavScan	36			0040E430	wc2-insertion
src/logic.c	004218D0	0041740F	00421D80	0045C088	6	973	796				00451EC9	FUN_00451EC9	55				wc2-insertion
src/logic.c	004218D0	0041740F	00421D80	0045C088	6	973	797				00451FAA	InflightComputer	303			0040E480	wc2-insertion
src/logic.c	004218D0	0041740F	00421D80	0045C088	6	973	798				00452450	FUN_00452450	325				wc2-insertion
src/logic.c	004218D0	0041740F	00421D80	0045C088	6	973	799				00452930	FUN_00452930	59				wc2-insertion
src/logic.c	004218D0	0041740F	00421D80	0045C088	6	973	800				00452A00	StopMusicStream	11				wc2-insertion
src/logic.c	004218D0	0041740F	00421D80	0045C088	6	973	801				00452A10	SetMusBreakpt	10			0042E380	wc2-insertion
src/logic.c	004218D0	0041740F	00421D80	0045C088	6	973	802				00452A1B	FUN_00452A1B	10				wc2-insertion
src/logic.c	004218D0	0041740F	00421D80	0045C088	6	973	803				00452A26	StopMusic	12			0042E350	wc2-insertion
src/logic.c	004218D0	0041740F	00421D80	0045C088	6	973	804				00452A40	FUN_00452A40	17				wc2-insertion
src/logic.c	004218D0	0041740F	00421D80	0045C088	6	973	805				00452A64	FUN_00452A64	23				wc2-insertion
src/logic.c	004218D0	0041740F	00421D80	0045C088	6	973	806				00452A99	PaletteFadeHook	12			0042E390	wc2-insertion
src/logic.c	004218D0	0041740F	00421D80	0045C088	6	973	807				00452AAB	FlushSoundEffect	14			0042E3A0	wc2-insertion
src/logic.c	004218D0	0041740F	00421D80	0045C088	6	973	808				00452AC8	FlushSoundEffects	14			0042E3C0	wc2-insertion
src/logic.c	004218D0	0041740F	00421D80	0045C088	6	973	809				00452AE5	FadeMusic	10			0042E320	wc2-insertion
src/logic.c	004218D0	0041740F	00421D80	0045C088	6	973	810				00452AF0	SceneLeaveHook	12			0042E3E0	wc2-insertion
src/logic.c	004218D0	0041740F	00421D80	0045C088	6	973	811				00452B03	ProcessMusicScriptCommand	128			0042E6F0	wc2-insertion
src/logic.c	004218D0	0041740F	00421D80	0045C088	6	973	812				00452CF4	spacetrack	24			0042E880	wc2-insertion
src/logic.c	004218D0	0041740F	00421D80	0045C088	6	973	813				00452D32	StopMusicUnlessSuppressed	19			0042E8B0	wc2-insertion
src/logic.c	004218D0	0041740F	00421D80	0045C088	6	973	814				00452D66	IsMusicTrackComplete	23			0042E8D0	wc2-insertion
src/logic.c	004218D0	0041740F	00421D80	0045C088	6	973	815				00452DB0	wait_for_end_of_music	42			0042E900	wc2-insertion
src/logic.c	004218D0	0041740F	00421D80	0045C088	6	973	816				00452E46	new_space_music_changes	91			0042E9E0	wc2-insertion
src/logic.c	004218D0	0041740F	00421D80	0045C088	6	973	817				00452F90	changetrack	53			0042EAD0	wc2-insertion
src/logic.c	004218D0	0041740F	00421D80	0045C088	6	973	818				00453085	gametrack	104			0042EB60	wc2-insertion
src/logic.c	004218D0	0041740F	00421D80	0045C088	6	973	819				00453240	servicetrack	142			0042ECB0	wc2-insertion
src/logic.c	004218D0	0041740F	00421D80	0045C088	6	973	820				00453496	ResetSoundState	13			0042EE80	wc2-insertion
src/logic.c	004218D0	0041740F	00421D80	0045C088	6	973	821				004534BA	ResetSoundStateForScene	12			0042EEA0	wc2-insertion
src/logic.c	004218D0	0041740F	00421D80	0045C088	6	973	822				004534D3	ResetSoundStateForFlight	12			0042EEB0	wc2-insertion
src/logic.c	004218D0	0041740F	00421D80	0045C088	6	973	823				004534F1	FUN_004534F1	10				wc2-insertion
src/logic.c	004218D0	0041740F	00421D80	0045C088	6	973	824				004534FC	EnableMusicForScene	14			0042EEE0	wc2-insertion
src/logic.c	004218D0	0041740F	00421D80	0045C088	6	973	825				0045351A	LogUnknownSoundEffect	16				wc2-insertion
src/logic.c	004218D0	0041740F	00421D80	0045C088	6	973	826				0045357E	FlushSoundEffectsAndLog	16			0042EF10	wc2-insertion
src/logic.c	004218D0	0041740F	00421D80	0045C088	6	973	827				004535BB	sound_effect	19			0042EF20	wc2-insertion
src/logic.c	004218D0	0041740F	00421D80	0045C088	6	973	828				0045373B	PlaySfxWaveFileByNumber	64			0042EF30	wc2-insertion
src/logic.c	004218D0	0041740F	00421D80	0045C088	6	973	829				00453820	FadeViewportPaletteToColour	179			0042A700	wc2-insertion
src/logic.c	004218D0	0041740F	00421D80	0045C088	6	973	830				00453A70	GetPacketSize	56			0042F810	wc2-insertion
src/logic.c	004218D0	0041740F	00421D80	0045C088	6	973	831				00453B30	MeasureTextPixelWidthClamped	52			00418080	wc2-insertion
src/logic.c	004218D0	0041740F	00421D80	0045C088	6	973	832				00453BD0	FUN_00453BD0	58				wc2-insertion
src/logic.c	004218D0	0041740F	00421D80	0045C088	6	973	833				00453C80	FUN_00453C80	12				wc2-insertion
src/logic.c	004218D0	0041740F	00421D80	0045C088	6	973	834				00453C95	CheckLauncherAndConfig	94			00401D10	wc2-insertion
src/logic.c	004218D0	0041740F	00421D80	0045C088	6	973	835				00453E60	WinMain	169			00401E30	wc2-insertion
src/logic.c	004218D0	0041740F	00421D80	0045C088	6	973	836				00454103	ShutdownGameWindow	41			00402070	wc2-insertion
src/logic.c	004218D0	0041740F	00421D80	0045C088	6	973	837				0045418B	ShowNoticeMessageBox	21			004020E0	wc2-insertion
src/logic.c	004218D0	0041740F	00421D80	0045C088	6	973	838				004541BD	FUN_004541BD	37				wc2-insertion
src/logic.c	004218D0	0041740F	00421D80	0045C088	6	973	839				0045422D	AbortToDesktop	41			00402110	wc2-insertion
src/logic.c	004218D0	0041740F	00421D80	0045C088	6	973	840				004542B7	CreateMainWindow	108			00402180	wc2-insertion
src/logic.c	004218D0	0041740F	00421D80	0045C088	6	973	841				0045445A	PumpWindowMessages	114			00402320	wc2-insertion
src/logic.c	004218D0	0041740F	00421D80	0045C088	6	973	842				00454625	MainWindowProc	561			00402530	wc2-insertion
src/logic.c	004218D0	0041740F	00421D80	0045C088	6	973	843				004551E7	FUN_004551E7	88			00402A20	wc2-insertion
src/logic.c	004218D0	0041740F	00421D80	0045C088	6	973	844				00455346	GetJoystickButtons	17			00402AC0	wc2-insertion
src/logic.c	004218D0	0041740F	00421D80	0045C088	6	973	845				0045536F	FUN_0045536F	52			00402AE0	wc2-insertion
src/logic.c	004218D0	0041740F	00421D80	0045C088	6	973	846				00455427	GetApplicationInstance	12			00402B80	wc2-insertion
src/logic.c	004218D0	0041740F	00421D80	0045C088	6	973	847				0045543C	GetMainWindowHandle	12			00402B90	wc2-insertion
src/logic.c	004218D0	0041740F	00421D80	0045C088	6	973	848				00455451	GetMainWindowDeviceContext	12			00402BA0	wc2-insertion
src/logic.c	004218D0	0041740F	00421D80	0045C088	6	973	849				00455466	AllocateGuardedMemory	73			00402BB0	wc2-insertion
src/logic.c	004218D0	0041740F	00421D80	0045C088	6	973	850				00455565	ReportHeapGuardCorruption	52			00402CA0	wc2-insertion
src/logic.c	004218D0	0041740F	00421D80	0045C088	6	973	851				00455624	CheckAllGuardedAllocations	10			00402D40	wc2-insertion
src/logic.c	004218D0	0041740F	00421D80	0045C088	6	973	852				0045562F	IsFreedHeapBlockTracked	34				wc2-insertion
src/logic.c	004218D0	0041740F	00421D80	0045C088	6	973	853				00455697	FUN_00455697	38				wc2-insertion
src/logic.c	004218D0	0041740F	00421D80	0045C088	6	973	854				00455715	TrackFreedHeapBlock	33				wc2-insertion
src/logic.c	004218D0	0041740F	00421D80	0045C088	6	973	855				00455787	FUN_00455787	52				wc2-insertion
src/logic.c	004218D0	0041740F	00421D80	0045C088	6	973	856				00455836	FUN_00455836	27				wc2-insertion
src/logic.c	004218D0	0041740F	00421D80	0045C088	6	973	857				00455882	FUN_00455882	133				wc2-insertion
src/logic.c	004218D0	0041740F	00421D80	0045C088	6	973	858				00455A85	SetMousePosition	15			00402E80	wc2-insertion
src/logic.c	004218D0	0041740F	00421D80	0045C088	6	973	859				00455A9E	FUN_00455A9E	17				wc2-insertion
src/logic.c	004218D0	0041740F	00421D80	0045C088	6	973	860				00455AC8	PollKeyboardState	129			00402EA0	wc2-insertion
src/logic.c	004218D0	0041740F	00421D80	0045C088	6	973	861				00455D2D	FUN_00455D2D	14				wc2-insertion
src/logic.c	004218D0	0041740F	00421D80	0045C088	6	973	862				00455D48	FUN_00455D48	14				wc2-insertion
src/logic.c	004218D0	0041740F	00421D80	0045C088	6	973	863				00455D63	FUN_00455D63	14				wc2-insertion
src/logic.c	004218D0	0041740F	00421D80	0045C088	6	973	864				00455D7E	FUN_00455D7E	14				wc2-insertion
src/logic.c	004218D0	0041740F	00421D80	0045C088	6	973	865				00455D99	FUN_00455D99	14				wc2-insertion
src/logic.c	004218D0	0041740F	00421D80	0045C088	6	973	866				00455DB4	FUN_00455DB4	14				wc2-insertion
src/logic.c	004218D0	0041740F	00421D80	0045C088	6	973	867				00455DCF	FUN_00455DCF	14				wc2-insertion
src/logic.c	004218D0	0041740F	00421D80	0045C088	6	973	868				00455DEA	FUN_00455DEA	14				wc2-insertion
src/logic.c	004218D0	0041740F	00421D80	0045C088	6	973	869				00455E05	FUN_00455E05	14				wc2-insertion
src/logic.c	004218D0	0041740F	00421D80	0045C088	6	973	870				00455E23	FUN_00455E23	14				wc2-insertion
src/logic.c	004218D0	0041740F	00421D80	0045C088	6	973	871				00455E3E	FUN_00455E3E	14				wc2-insertion
src/logic.c	004218D0	0041740F	00421D80	0045C088	6	973	872				00455E59	FUN_00455E59	14				wc2-insertion
src/logic.c	004218D0	0041740F	00421D80	0045C088	6	973	873				00455E74	FUN_00455E74	14				wc2-insertion
src/logic.c	004218D0	0041740F	00421D80	0045C088	6	973	874				00455E8F	GetShiftKeyState	14			00403060	wc2-insertion
src/logic.c	004218D0	0041740F	00421D80	0045C088	6	973	875				00455EAA	GetKeyboardModifiers	12			00403080	wc2-insertion
src/logic.c	004218D0	0041740F	00421D80	0045C088	6	973	876				00455EBF	GetControlKeyState	14			00403070	wc2-insertion
src/logic.c	004218D0	0041740F	00421D80	0045C088	6	973	877				00455EDA	FUN_00455EDA	14				wc2-insertion
src/logic.c	004218D0	0041740F	00421D80	0045C088	6	973	878				00455EF5	GetGameClockTicks	19			00403090	wc2-insertion
src/logic.c	004218D0	0041740F	00421D80	0045C088	6	973	879				00455F23	InitGameClockEpoch	19			004030B0	wc2-insertion
src/logic.c	004218D0	0041740F	00421D80	0045C088	6	973	880				00455F59	WriteDebugString	36			004030D0	wc2-insertion
src/logic.c	004218D0	0041740F	00421D80	0045C088	6	973	881				00455FD3	FUN_00455FD3	16				wc2-insertion
src/logic.c	004218D0	0041740F	00421D80	0045C088	6	973	882				00455FF1	FUN_00455FF1	69				wc2-insertion
src/logic.c	004218D0	0041740F	00421D80	0045C088	6	973	883				004560C0	FUN_004560C0	35				wc2-insertion
src/logic.c	004218D0	0041740F	00421D80	0045C088	6	973	884				00456123	LocateStreamsDirOnDisc	68			004031C0	wc2-insertion
src/logic.c	004218D0	0041740F	00421D80	0045C088	6	973	885				00456236	FindCdRomDriveByVolumeLabel	108			00403290	wc2-insertion
src/logic.c	004218D0	0041740F	00421D80	0045C088	6	973	886				004563A3	SetCurrentDirOnDrive	36			004033E0	wc2-insertion
src/logic.c	004218D0	0041740F	00421D80	0045C088	6	973	887				0045641B	TakeInputPressCount	16				wc2-insertion
src/logic.c	004218D0	0041740F	00421D80	0045C088	6	973	888				00456443	PromptInsertCorrectCd	48			00403450	wc2-insertion
src/logic.c	004218D0	0041740F	00421D80	0045C088	6	973	889				004564F0	FUN_004564F0	31				wc2-insertion
src/logic.c	004218D0	0041740F	00421D80	0045C088	6	973	890				0045655D	FUN_0045655D	190				wc2-insertion
src/logic.c	004218D0	0041740F	00421D80	0045C088	6	973	891				004568E0	LoadShapeSet	58			00423CE0	wc2-insertion
src/logic.c	004218D0	0041740F	00421D80	0045C088	6	973	892				00456988	FreeShapeSet	26			00423D50	wc2-insertion
src/logic.c	004218D0	0041740F	00421D80	0045C088	6	973	893				004569C8	LoadPacketResourceList	56			00423D80	wc2-insertion
src/logic.c	004218D0	0041740F	00421D80	0045C088	6	973	894				00456A68	ResetCockpitPaletteEntries	50			00423E10	wc2-insertion
src/logic.c	004218D0	0041740F	00421D80	0045C088	6	973	895				00456B1A	initialize_cockpit	558			00423E90	wc2-insertion
src/logic.c	004218D0	0041740F	00421D80	0045C088	6	973	896				00457434	InitializeConstellationObject	100			004242D0	wc2-insertion
src/logic.c	004218D0	0041740F	00421D80	0045C088	6	973	897				00457587	FreeConstellationObject	20			004243B0	wc2-insertion
src/logic.c	004218D0	0041740F	00421D80	0045C088	6	973	898				004575B4	init_constellation	64			004243E0	wc2-insertion
src/logic.c	004218D0	0041740F	00421D80	0045C088	6	973	899				004576AB	free_constellation	34			00424490	wc2-insertion
src/logic.c	004218D0	0041740F	00421D80	0045C088	6	973	900				00457720	init_vdus	48			004244E0	wc2-insertion
src/logic.c	004218D0	0041740F	00421D80	0045C088	6	973	901				004577D7	InitializeCockpitResources	598			004245B0	wc2-insertion
src/logic.c	004218D0	0041740F	00421D80	0045C088	6	973	902				00458196	free_cockpit	178			004249A0	wc2-insertion
src/logic.c	004218D0	0041740F	00421D80	0045C088	6	973	903				00458467	init_3Space_objects	46			00424A80	wc2-insertion
src/logic.c	004218D0	0041740F	00421D80	0045C088	6	973	904				00458532	load_common_3Space_objects	76			00424B00	wc2-insertion
src/logic.c	004218D0	0041740F	00421D80	0045C088	6	973	905				0045865D	remove_all_3d_objects	22			00424B80	wc2-insertion
src/logic.c	004218D0	0041740F	00421D80	0045C088	6	973	906				00458698	free_3Space	32			00424BA0	wc2-insertion
src/logic.c	004218D0	0041740F	00421D80	0045C088	6	973	907				00458716	free_3Space_objects	52			00424BE0	wc2-insertion
src/logic.c	004218D0	0041740F	00421D80	0045C088	6	973	908				004587E0	init_inflight_music	13			00424C60	wc2-insertion
src/logic.c	004218D0	0041740F	00421D80	0045C088	6	973	909				00458806	free_inflight_music	26			00424C80	wc2-insertion
src/logic.c	004218D0	0041740F	00421D80	0045C088	6	973	910				0045887B	FUN_0045887B	42				wc2-insertion
src/logic.c	004218D0	0041740F	00421D80	0045C088	6	973	911				0045890E	FUN_0045890E	47				wc2-insertion
src/logic.c	004218D0	0041740F	00421D80	0045C088	6	973	912				004589D0	FUN_004589D0	60				wc2-insertion
src/logic.c	004218D0	0041740F	00421D80	0045C088	6	973	913				00458A90	FUN_00458A90	83				wc2-insertion
src/logic.c	004218D0	0041740F	00421D80	0045C088	6	973	914				00458B8C	FUN_00458B8C	79				wc2-insertion
src/logic.c	004218D0	0041740F	00421D80	0045C088	6	973	915				00458C81	FUN_00458C81	95				wc2-insertion
src/logic.c	004218D0	0041740F	00421D80	0045C088	6	973	916				00458D94	FUN_00458D94	44				wc2-insertion
src/logic.c	004218D0	0041740F	00421D80	0045C088	6	973	917				00458E10	FUN_00458E10	11				wc2-insertion
src/logic.c	004218D0	0041740F	00421D80	0045C088	6	973	918				00458E20	IsSoundHardwarePresent	13			0042F940	wc2-insertion
src/logic.c	004218D0	0041740F	00421D80	0045C088	6	973	919				00458E39	MessagePumpHook	11			0042F950	wc2-insertion
src/logic.c	004218D0	0041740F	00421D80	0045C088	6	973	920				00458E49	PushMemoryStackFrame	45			0042F960	wc2-insertion
src/logic.c	004218D0	0041740F	00421D80	0045C088	6	973	921				00458EED	IsPushedPacketHandle	31			0042F9E0	wc2-insertion
src/logic.c	004218D0	0041740F	00421D80	0045C088	6	973	922				00458F5A	MapPacketHandleToBlock	50			0042FA20	wc2-insertion
src/logic.c	004218D0	0041740F	00421D80	0045C088	6	973	923				0045901D	AllocateTaggedMemory	37			0042FA90	wc2-insertion
src/logic.c	004218D0	0041740F	00421D80	0045C088	6	973	924				00459082	ReleasePacketHandle	48			0042FAE0	wc2-insertion
src/logic.c	004218D0	0041740F	00421D80	0045C088	6	973	925				00459134	GetAvailableFarMemoryByType	12			0042FB20	wc2-insertion
src/logic.c	004218D0	0041740F	00421D80	0045C088	6	973	926				00459149	GetLargestFreeMemoryBlockByType	12			0042FB30	wc2-insertion
src/logic.c	004218D0	0041740F	00421D80	0045C088	6	973	927				00459160	FUN_00459160	76			0042B9A0	wc2-insertion
src/logic.c	004218D0	0041740F	00421D80	0045C088	6	973	928				0045924D	FUN_0045924D	26				wc2-insertion
src/logic.c	004218D0	0041740F	00421D80	0045C088	6	973	929				00459294	FUN_00459294	38				wc2-insertion
src/logic.c	004218D0	0041740F	00421D80	0045C088	6	973	930				0045930A	FUN_0045930A	23				wc2-insertion
src/logic.c	004218D0	0041740F	00421D80	0045C088	6	973	931				00459348	ClearTextInputCharacter	49			00426140	wc2-insertion
src/logic.c	004218D0	0041740F	00421D80	0045C088	6	973	932				004593D6	InitializeModalTextPanel	118			0041A9D0	wc2-insertion
src/logic.c	004218D0	0041740F	00421D80	0045C088	6	973	933				00459527	DrawModalTextPanel	48			0041AAE0	wc2-insertion
src/logic.c	004218D0	0041740F	00421D80	0045C088	6	973	934				004595AA	RestoreModalTextPanel	28			0041AB60	wc2-insertion
src/logic.c	004218D0	0041740F	00421D80	0045C088	6	973	935				004595EF	ShowModalTextPanel	124			0041AB90	wc2-insertion
src/logic.c	004218D0	0041740F	00421D80	0045C088	6	973	936				0045979B	ReleaseModalTextPanel	23			0041AD10	wc2-insertion
src/logic.c	004218D0	0041740F	00421D80	0045C088	6	973	937				004597E3	FUN_004597E3	263			00426200	wc2-insertion
src/logic.c	004218D0	0041740F	00421D80	0045C088	6	973	938				00459BC8	LoadPaletteTripletsFile	43			00404610	wc2-insertion
src/logic.c	004218D0	0041740F	00421D80	0045C088	6	973	939				00459C4D	ShowChalkBoard	81			00440510	wc2-insertion
src/logic.c	004218D0	0041740F	00421D80	0045C088	6	973	940				00459D74	funeral_sequence	153			00408DE0	wc2-insertion
src/logic.c	004218D0	0041740F	00421D80	0045C088	6	973	941				0045A010	OpenDataFileOrDie	22			004034D0	wc2-insertion
src/logic.c	004218D0	0041740F	00421D80	0045C088	6	973	942				0045A04A	CloseDataFile	16			00403500	wc2-insertion
src/logic.c	004218D0	0041740F	00421D80	0045C088	6	973	943				0045A06C	WriteDataFileAtOffset	58			00403520	wc2-insertion
src/logic.c	004218D0	0041740F	00421D80	0045C088	6	973	944				0045A12D	CreateDataFile	35			004035C0	wc2-insertion
src/logic.c	004218D0	0041740F	00421D80	0045C088	6	973	945				0045A19B	ReadDataFileAtOffset	58			00403610	wc2-insertion
src/logic.c	004218D0	0041740F	00421D80	0045C088	6	973	946				0045A259	SeekDataFile	35			004036B0	wc2-insertion
src/logic.c	004218D0	0041740F	00421D80	0045C088	6	973	947				0045A2C0	InitializeFireworks	21			0042D270	wc2-insertion
src/logic.c	004218D0	0041740F	00421D80	0045C088	6	973	948				0045A300	TheEndFireWorks	85			0042D2A0	wc2-insertion
src/logic.c	004218D0	0041740F	00421D80	0045C088	6	973	949				0045A441	InitializeConstellationField	102			0042D390	wc2-insertion
src/logic.c	004218D0	0041740F	00421D80	0045C088	6	973	950				0045A5C7	FUN_0045A5C7	34				wc2-insertion
src/logic.c	004218D0	0041740F	00421D80	0045C088	6	973	951				0045A634	DrawConstellationField	394			0042D500	wc2-insertion
src/logic.c	004218D0	0041740F	00421D80	0045C088	6	973	952				0045AC50	DebugOverlayConsole::DebugOverlayConsole	158			0041C760	wc2-insertion
src/logic.c	004218D0	0041740F	00421D80	0045C088	6	973	953				0045AE6C	FUN_0045AE6C	36				wc2-insertion
src/logic.c	004218D0	0041740F	00421D80	0045C088	6	973	954				0045AEE4	DebugOverlayWorkerProc	95			0041C960	wc2-insertion
src/logic.c	004218D0	0041740F	00421D80	0045C088	6	973	955				0045B04E	FUN_0045B04E	38				wc2-insertion
src/logic.c	004218D0	0041740F	00421D80	0045C088	6	973	956				0045B0BB	DebugOverlayPrintf	146			0041CAB0	wc2-insertion
src/logic.c	004218D0	0041740F	00421D80	0045C088	6	973	957				0045B2E0	DebugOverlayConsole::Clear	39			0041CC00	wc2-insertion
src/logic.c	004218D0	0041740F	00421D80	0045C088	6	973	958				0045B348	DebugOverlayConsole::Scroll	57			0041CC50	wc2-insertion
src/logic.c	004218D0	0041740F	00421D80	0045C088	6	973	959				0045B3DC	DebugOverlayConsole::DrawPendingLines	64			0041CCC0	wc2-insertion
src/logic.c	004218D0	0041740F	00421D80	0045C088	6	973	960				0045B49C	DebugOverlayConsole::WaitForKey	55			0041CD40	wc2-insertion
src/logic.c	004218D0	0041740F	00421D80	0045C088	6	973	961				0045B55C	DebugOverlayConsole::DisableReverseVideo	41			0041CF50	wc2-insertion
src/logic.c	004218D0	0041740F	00421D80	0045C088	6	973	962				0045B5D8	DebugOverlayConsole::EnableReverseVideo	41			0041CF00	wc2-insertion
src/logic.c	004218D0	0041740F	00421D80	0045C088	6	973	963				0045B654	DebugOverlayConsole::SetOverlayTextColor	38			0041CFA0	wc2-insertion
src/logic.c	004218D0	0041740F	00421D80	0045C088	6	973	964				0045B6BB	DebugOverlayConsole::SetOverlayBackgroundColor	38			0041CFF0	wc2-insertion
src/logic.c	004218D0	0041740F	00421D80	0045C088	6	973	965				0045B722	DebugOverlayConsole::SetTransparentBackground	32			0041D040	wc2-insertion
src/logic.c	004218D0	0041740F	00421D80	0045C088	6	973	966				0045B77A	FUN_0045B77A	32				wc2-insertion
src/logic.c	004218D0	0041740F	00421D80	0045C088	6	973	967				0045B7E0	FUN_0045B7E0	17				wc2-insertion
src/logic.c	004218D0	0041740F	00421D80	0045C088	6	973	968				0045B810	LoadGamePaletteFile	63			004219C0	wc2-insertion
src/logic.c	004218D0	0041740F	00421D80	0045C088	6	973	969				0045B905	EMShutDown	14			00421A40	wc2-insertion
src/logic.c	004218D0	0041740F	00421D80	0045C088	6	973	970				0045B924	EMStartUp	46			00421AB0	wc2-insertion
src/logic.c	004218D0	0041740F	00421D80	0045C088	6	973	971				0045B9D3	LoadOriginFxDrivers	301			00421B10	wc2-insertion
src/logic.c	004218D0	0041740F	00421D80	0045C088	6	973	972				0045BF30	FUN_0045BF30	49				wc2-insertion
src/logic.c	004218D0	0041740F	00421D80	0045C088	6	973	973				0045C04B	FUN_0045C04B	22				wc2-insertion
src/logic.c	00421D80	0045C088	00421E20	0045C1A1	0	1	1				0045C128	InitializeRoomViewports	33			0043F810	wc2-insertion
src/logic.c	00422090	00429550	004220F0	00429581	1	0	1	004220D0	prepare_ace	12							wc1-elimination
src/logic.c	00422110	004295A9	00422160	004295F2	2	1	1	00422130	HasSpeechBuffer	5	004295D9	set_alert	13			00422140	unequal-gap-position
src/logic.c	00422110	004295A9	00422160	004295F2	2	1	2	00422140	set_alert	5				004295D9	86.67		wc1-elimination
src/logic.c	00422220	004296E2	00422460	00429958	2	1	1	00422260	real_crash_time	162	00429736	real_crash_time	166	00429736	86.86	00422260	unequal-gap-position
src/logic.c	00422220	004296E2	00422460	00429958	2	1	2	00422440	clear_crash_cache	8							wc1-elimination
src/logic.c	00422460	00429958	00422590	00429BA8	2	2	1	004224F0	detect_collisions	39	004299C9	detect_collisions	97	004299C9	59.79	004224F0	confirmed-order
src/logic.c	00422460	00429958	00422590	00429BA8	2	2	2	00422560	unactive	13	00429B55	unactive	25	00429B55	88.00	00422560	confirmed-order
src/logic.c	00422710	00429E24	00422830	0042A062	1	2	1	00422780	try2rout	54	00429EE0	try2rout	76	00429EE0	75.00	00422780	unequal-gap-position
src/logic.c	00422710	00429E24	00422830	0042A062	1	2	2				0042A003	CanSetNewShipTurnGoal	29				wc2-insertion
src/logic.c	00422860	0042A0A9	00422930	0042A108	1	0	1	004228A0	any_enemy_tail	44							wc1-elimination
src/logic.c	004229F0	0042A222	00422C70	0042A52A	6	5	1	00422A30	select_weighted_value	20	0042A28E	build_squad_list	36	0041F446	52.17	00422A70	unequal-gap-position
src/logic.c	004229F0	0042A222	00422C70	0042A52A	6	5	2	00422A70	build_squad_list	23	0042A313	find_squad_center	45	0042A28E	86.11	00422AC0	unequal-gap-position
src/logic.c	004229F0	0042A222	00422C70	0042A52A	6	5	3	00422AC0	find_squad_center	38	0042A39A	init_formation_burst	74	0042A313	87.23	00422B30	unequal-gap-position
src/logic.c	004229F0	0042A222	00422C70	0042A52A	6	5	4	00422B30	init_formation_burst	57	0042A490	reset_mission_type	28	0042A39A	70.27	00422BE0	unequal-gap-position
src/logic.c	004229F0	0042A222	00422C70	0042A52A	6	5	5	00422BE0	reset_mission_type	22	0042A4E5	change_mission_type	24	0042A490	89.66	00422C30	unequal-gap-position
src/logic.c	004229F0	0042A222	00422C70	0042A52A	6	5	6	00422C30	change_mission_type	15				0042A4E5	88.00		wc1-elimination
src/logic.c	00422D90	0042A664	00422E10	0042A71D	2	2	1	00422DD0	approach_zero_speed	7	0042A6E8	approach_zero_speed	15	0042A6E8	88.24	00422DD0	confirmed-order
src/logic.c	00422D90	0042A664	00422E10	0042A71D	2	2	2	00422DF0	approach_min_speed	7	0042A701	approach_min_speed	15	0042A701	88.24	00422DF0	confirmed-order
src/logic.c	00422E80	0042A788	00422EC0	0042A7D2	1	1	1	00422EA0	approach_ship_speed	9	0042A7AF	approach_ship_speed	17	0042A7AF	89.47	00422EA0	confirmed-order
src/logic.c	00422F60	0042A876	00423070	0042AA0D	1	1	1	00422F80	scan_for_enemy	64	0042A8B5	scan_for_enemy	86	0042A8B5	75.28	00422F80	confirmed-order
src/logic.c	00423070	0042AA0D	00423260	0042AB81	2	1	1	004230F0	nearest_enemy_range	37	0042AAD3	FUN_0042AAD3	47				unequal-gap-position
src/logic.c	00423070	0042AA0D	00423260	0042AB81	2	1	2	00423210	fire_when_ready	21							wc1-elimination
src/logic.c	004232B0	0042ABCE	00423400	0042ADB8	1	1	1	00423350	in_danger	48	0042ACAF	in_danger	64	0042ACAF	88.73	00423350	confirmed-order
src/logic.c	00423440	0042AE32	00423530	0042AF60	1	0	1	004234C0	select_safe_target	36							wc1-elimination
src/logic.c	00423610	0042B0B7	004236B0	0042B15A	2	1	1	00423640	gone_ship	15	0042B0FB	gone_ship	29	0042B0FB	89.66	00423640	unequal-gap-position
src/logic.c	00423610	0042B0B7	004236B0	0042B15A	2	1	2	00423670	skill_rating	21							wc1-elimination
src/logic.c	004236B0	0042B15A	00423780	0042B2A7	1	1	1	004236F0	find_ships_sphere	49	0042B1AE	find_ships_sphere	64	0042B1AE	89.86	004236F0	confirmed-order
src/logic.c	00423A50	0042B6C5	00423CE0	004568E0	5	610	1	00423AC0	target_valid	18	0042B73B	target_valid	59	0042B73B	47.46	00423AC0	unequal-gap-position
src/logic.c	00423A50	0042B6C5	00423CE0	004568E0	5	610	2	00423B00	triumph	44	0042B80C	FUN_0042B80C	62				unequal-gap-position
src/logic.c	00423A50	0042B6C5	00423CE0	004568E0	5	610	3	00423BA0	find_ratio	37	0042B916	FUN_0042B916	38				unequal-gap-position
src/logic.c	00423A50	0042B6C5	00423CE0	004568E0	5	610	4	00423C00	evaluate_damage	63	0042B985	evaluate_damage	88	0042B985	79.55	00423C00	unequal-gap-position
src/logic.c	00423A50	0042B6C5	00423CE0	004568E0	5	610	5	00423CD0	mine_available	6	0042BAC0	FillGraphicSuffix	35			00436C70	unequal-gap-position
src/logic.c	00423A50	0042B6C5	00423CE0	004568E0	5	610	6				0042BB17	ConvertChar_Int	32			00436CB0	wc2-insertion
src/logic.c	00423A50	0042B6C5	00423CE0	004568E0	5	610	7				0042BB70	PostMission	143			0040F010	wc2-insertion
src/logic.c	00423A50	0042B6C5	00423CE0	004568E0	5	610	8				0042BDDB	FUN_0042BDDB	16				wc2-insertion
src/logic.c	00423A50	0042B6C5	00423CE0	004568E0	5	610	9				0042BDFE	FUN_0042BDFE	10				wc2-insertion
src/logic.c	00423A50	0042B6C5	00423CE0	004568E0	5	610	10				0042BE09	FUN_0042BE09	23				wc2-insertion
src/logic.c	00423A50	0042B6C5	00423CE0	004568E0	5	610	11				0042BE4B	FUN_0042BE4B	60				wc2-insertion
src/logic.c	00423A50	0042B6C5	00423CE0	004568E0	5	610	12				0042BF0C	FUN_0042BF0C	55				wc2-insertion
src/logic.c	00423A50	0042B6C5	00423CE0	004568E0	5	610	13				0042BFB8	FUN_0042BFB8	39				wc2-insertion
src/logic.c	00423A50	0042B6C5	00423CE0	004568E0	5	610	14				0042C04B	FUN_0042C04B	25				wc2-insertion
src/logic.c	00423A50	0042B6C5	00423CE0	004568E0	5	610	15				0042C0A2	FUN_0042C0A2	25				wc2-insertion
src/logic.c	00423A50	0042B6C5	00423CE0	004568E0	5	610	16				0042C0F1	print_subtitle	155			00403920	wc2-insertion
src/logic.c	00423A50	0042B6C5	00423CE0	004568E0	5	610	17				0042C373	FUN_0042C373	21				wc2-insertion
src/logic.c	00423A50	0042B6C5	00423CE0	004568E0	5	610	18				0042C3A7	FUN_0042C3A7	43				wc2-insertion
src/logic.c	00423A50	0042B6C5	00423CE0	004568E0	5	610	19				0042C43D	DisplayTrainSimHighScoreTable	100			00425C60	wc2-insertion
src/logic.c	00423A50	0042B6C5	00423CE0	004568E0	5	610	20				0042C5A2	FUN_0042C5A2	34				wc2-insertion
src/logic.c	00423A50	0042B6C5	00423CE0	004568E0	5	610	21				0042C607	FUN_0042C607	27				wc2-insertion
src/logic.c	00423A50	0042B6C5	00423CE0	004568E0	5	610	22				0042C659	FUN_0042C659	27				wc2-insertion
src/logic.c	00423A50	0042B6C5	00423CE0	004568E0	5	610	23				0042C6AC	FUN_0042C6AC	42				wc2-insertion
src/logic.c	00423A50	0042B6C5	00423CE0	004568E0	5	610	24				0042C725	FUN_0042C725	25				wc2-insertion
src/logic.c	00423A50	0042B6C5	00423CE0	004568E0	5	610	25				0042C75D	FUN_0042C75D	27				wc2-insertion
src/logic.c	00423A50	0042B6C5	00423CE0	004568E0	5	610	26				0042C7BC	FUN_0042C7BC	78				wc2-insertion
src/logic.c	00423A50	0042B6C5	00423CE0	004568E0	5	610	27				0042C8E1	FUN_0042C8E1	57				wc2-insertion
src/logic.c	00423A50	0042B6C5	00423CE0	004568E0	5	610	28				0042C9B0	FUN_0042C9B0	39				wc2-insertion
src/logic.c	00423A50	0042B6C5	00423CE0	004568E0	5	610	29				0042CA28	FUN_0042CA28	65				wc2-insertion
src/logic.c	00423A50	0042B6C5	00423CE0	004568E0	5	610	30				0042CB08	FUN_0042CB08	90				wc2-insertion
src/logic.c	00423A50	0042B6C5	00423CE0	004568E0	5	610	31				0042CC42	FUN_0042CC42	91				wc2-insertion
src/logic.c	00423A50	0042B6C5	00423CE0	004568E0	5	610	32				0042CDB5	FUN_0042CDB5	165				wc2-insertion
src/logic.c	00423A50	0042B6C5	00423CE0	004568E0	5	610	33				0042CFDB	FUN_0042CFDB	127				wc2-insertion
src/logic.c	00423A50	0042B6C5	00423CE0	004568E0	5	610	34				0042D181	FUN_0042D181	56				wc2-insertion
src/logic.c	00423A50	0042B6C5	00423CE0	004568E0	5	610	35				0042D227	FUN_0042D227	124				wc2-insertion
src/logic.c	00423A50	0042B6C5	00423CE0	004568E0	5	610	36				0042D444	FUN_0042D444	30				wc2-insertion
src/logic.c	00423A50	0042B6C5	00423CE0	004568E0	5	610	37				0042D4C1	FUN_0042D4C1	20				wc2-insertion
src/logic.c	00423A50	0042B6C5	00423CE0	004568E0	5	610	38				0042D4FA	FUN_0042D4FA	29				wc2-insertion
src/logic.c	00423A50	0042B6C5	00423CE0	004568E0	5	610	39				0042D568	ViewMedals	159			00436E30	wc2-insertion
src/logic.c	00423A50	0042B6C5	00423CE0	004568E0	5	610	40				0042D81C	FUN_0042D81C	54				wc2-insertion
src/logic.c	00423A50	0042B6C5	00423CE0	004568E0	5	610	41				0042D8E2	FUN_0042D8E2	57				wc2-insertion
src/logic.c	00423A50	0042B6C5	00423CE0	004568E0	5	610	42				0042D98C	FUN_0042D98C	52				wc2-insertion
src/logic.c	00423A50	0042B6C5	00423CE0	004568E0	5	610	43				0042DA25	FUN_0042DA25	250				wc2-insertion
src/logic.c	00423A50	0042B6C5	00423CE0	004568E0	5	610	44				0042DD9F	FUN_0042DD9F	55				wc2-insertion
src/logic.c	00423A50	0042B6C5	00423CE0	004568E0	5	610	45				0042DE62	FUN_0042DE62	23				wc2-insertion
src/logic.c	00423A50	0042B6C5	00423CE0	004568E0	5	610	46				0042DE9D	FUN_0042DE9D	46				wc2-insertion
src/logic.c	00423A50	0042B6C5	00423CE0	004568E0	5	610	47				0042DF32	FUN_0042DF32	28				wc2-insertion
src/logic.c	00423A50	0042B6C5	00423CE0	004568E0	5	610	48				0042DF80	FUN_0042DF80	128				wc2-insertion
src/logic.c	00423A50	0042B6C5	00423CE0	004568E0	5	610	49				0042E12A	FUN_0042E12A	172				wc2-insertion
src/logic.c	00423A50	0042B6C5	00423CE0	004568E0	5	610	50				0042E3CF	PromptForTextInput	106			0041B420	wc2-insertion
src/logic.c	00423A50	0042B6C5	00423CE0	004568E0	5	610	51				0042E553	FUN_0042E553	93				wc2-insertion
src/logic.c	00423A50	0042B6C5	00423CE0	004568E0	5	610	52				0042E692	FUN_0042E692	29				wc2-insertion
src/logic.c	00423A50	0042B6C5	00423CE0	004568E0	5	610	53				0042E6EB	FUN_0042E6EB	40				wc2-insertion
src/logic.c	00423A50	0042B6C5	00423CE0	004568E0	5	610	54				0042E762	FUN_0042E762	66				wc2-insertion
src/logic.c	00423A50	0042B6C5	00423CE0	004568E0	5	610	55				0042E868	DrawFuneralLongShot	219			00439220	wc2-insertion
src/logic.c	00423A50	0042B6C5	00423CE0	004568E0	5	610	56				0042EBD0	FUN_0042EBD0	55			00426700	wc2-insertion
src/logic.c	00423A50	0042B6C5	00423CE0	004568E0	5	610	57				0042EC7F	FUN_0042EC7F	24				wc2-insertion
src/logic.c	00423A50	0042B6C5	00423CE0	004568E0	5	610	58				0042ECCB	UpdateMap	100			00405CC0	wc2-insertion
src/logic.c	00423A50	0042B6C5	00423CE0	004568E0	5	610	59				0042EE4F	FUN_0042EE4F	24				wc2-insertion
src/logic.c	00423A50	0042B6C5	00423CE0	004568E0	5	610	60				0042EE86	FUN_0042EE86	41				wc2-insertion
src/logic.c	00423A50	0042B6C5	00423CE0	004568E0	5	610	61				0042EF12	FUN_0042EF12	105				wc2-insertion
src/logic.c	00423A50	0042B6C5	00423CE0	004568E0	5	610	62				0042F0B3	FUN_0042F0B3	26				wc2-insertion
src/logic.c	00423A50	0042B6C5	00423CE0	004568E0	5	610	63				0042F100	FUN_0042F100	22				wc2-insertion
src/logic.c	00423A50	0042B6C5	00423CE0	004568E0	5	610	64				0042F135	FUN_0042F135	37				wc2-insertion
src/logic.c	00423A50	0042B6C5	00423CE0	004568E0	5	610	65				0042F19A	FUN_0042F19A	37				wc2-insertion
src/logic.c	00423A50	0042B6C5	00423CE0	004568E0	5	610	66				0042F1FD	FUN_0042F1FD	3599				wc2-insertion
src/logic.c	00423A50	0042B6C5	00423CE0	004568E0	5	610	67				00432DCC	FUN_00432DCC	31				wc2-insertion
src/logic.c	00423A50	0042B6C5	00423CE0	004568E0	5	610	68				00432E23	RewriteDiskFileGraphicsExtensions	34			0042C510	wc2-insertion
src/logic.c	00423A50	0042B6C5	00423CE0	004568E0	5	610	69				00432E83	FUN_00432E83	34				wc2-insertion
src/logic.c	00423A50	0042B6C5	00423CE0	004568E0	5	610	70				00432EE4	FUN_00432EE4	28				wc2-insertion
src/logic.c	00423A50	0042B6C5	00423CE0	004568E0	5	610	71				00432F2A	FUN_00432F2A	205				wc2-insertion
src/logic.c	00423A50	0042B6C5	00423CE0	004568E0	5	610	72				00433269	FUN_00433269	52				wc2-insertion
src/logic.c	00423A50	0042B6C5	00423CE0	004568E0	5	610	73				00433328	FUN_00433328	59				wc2-insertion
src/logic.c	00423A50	0042B6C5	00423CE0	004568E0	5	610	74				004333F8	SceneEnterHook	13			00425AF0	wc2-insertion
src/logic.c	00423A50	0042B6C5	00423CE0	004568E0	5	610	75				00433410	PanToScreen	201			00439430	wc2-insertion
src/logic.c	00423A50	0042B6C5	00423CE0	004568E0	5	610	76				00433690	FUN_00433690	63				wc2-insertion
src/logic.c	00423A50	0042B6C5	00423CE0	004568E0	5	610	77				0043374E	FUN_0043374E	17				wc2-insertion
src/logic.c	00423A50	0042B6C5	00423CE0	004568E0	5	610	78				00433777	FUN_00433777	181				wc2-insertion
src/logic.c	00423A50	0042B6C5	00423CE0	004568E0	5	610	79				00433A14	FUN_00433A14	37				wc2-insertion
src/logic.c	00423A50	0042B6C5	00423CE0	004568E0	5	610	80				00433A75	FUN_00433A75	26				wc2-insertion
src/logic.c	00423A50	0042B6C5	00423CE0	004568E0	5	610	81				00433AB0	FUN_00433AB0	12				wc2-insertion
src/logic.c	00423A50	0042B6C5	00423CE0	004568E0	5	610	82				00433AD0	FUN_00433AD0	92				wc2-insertion
src/logic.c	00423A50	0042B6C5	00423CE0	004568E0	5	610	83				00433C84	FUN_00433C84	136				wc2-insertion
src/logic.c	00423A50	0042B6C5	00423CE0	004568E0	5	610	84				00433E8C	FUN_00433E8C	25				wc2-insertion
src/logic.c	00423A50	0042B6C5	00423CE0	004568E0	5	610	85				00433ED7	GetBunkInfo	60			0041BB20	wc2-insertion
src/logic.c	00423A50	0042B6C5	00423CE0	004568E0	5	610	86				00433F94	Dismissed	57			00437B80	wc2-insertion
src/logic.c	00423A50	0042B6C5	00423CE0	004568E0	5	610	87				00434043	get_pilot_talk	98			0040C1C0	wc2-insertion
src/logic.c	00423A50	0042B6C5	00423CE0	004568E0	5	610	88				00434177	DrawMedalLongShot	93			00437250	wc2-insertion
src/logic.c	00423A50	0042B6C5	00423CE0	004568E0	5	610	89				004342E8	OpenDiskDataFile	170			0041D6C0	wc2-insertion
src/logic.c	00423A50	0042B6C5	00423CE0	004568E0	5	610	90				0043456E	FUN_0043456E	24				wc2-insertion
src/logic.c	00423A50	0042B6C5	00423CE0	004568E0	5	610	91				004345A1	EraseLastTextInputCharacter	94			0041DDF0	wc2-insertion
src/logic.c	00423A50	0042B6C5	00423CE0	004568E0	5	610	92				004346E9	WarnLoadGameFirst	69			0041B550	wc2-insertion
src/logic.c	00423A50	0042B6C5	00423CE0	004568E0	5	610	93				004347D6	FUN_004347D6	69			00426660	wc2-insertion
src/logic.c	00423A50	0042B6C5	00423CE0	004568E0	5	610	94				004348C3	FUN_004348C3	148			00426600	wc2-insertion
src/logic.c	00423A50	0042B6C5	00423CE0	004568E0	5	610	95				00434ACE	FUN_00434ACE	64				wc2-insertion
src/logic.c	00423A50	0042B6C5	00423CE0	004568E0	5	610	96				00434BB5	FUN_00434BB5	178				wc2-insertion
src/logic.c	00423A50	0042B6C5	00423CE0	004568E0	5	610	97				00434EBC	DrawArcadeScorePanel	64			00429E90	wc2-insertion
src/logic.c	00423A50	0042B6C5	00423CE0	004568E0	5	610	98				00434F7D	ConfirmQuitWingCommander	64			0041BF10	wc2-insertion
src/logic.c	00423A50	0042B6C5	00423CE0	004568E0	5	610	99				00435064	FUN_00435064	207				wc2-insertion
src/logic.c	00423A50	0042B6C5	00423CE0	004568E0	5	610	100				004353D4	FUN_004353D4	991			00426C70	wc2-insertion
src/logic.c	00423A50	0042B6C5	00423CE0	004568E0	5	610	101				0043641C	ConfirmReplaceFaultyData	182			0041BFE0	wc2-insertion
src/logic.c	00423A50	0042B6C5	00423CE0	004568E0	5	610	102				00436722	ConfirmAwakenAfterBadData	182			0041BF60	wc2-insertion
src/logic.c	00423A50	0042B6C5	00423CE0	004568E0	5	610	103				00436A4D	FUN_00436A4D	23				wc2-insertion
src/logic.c	00423A50	0042B6C5	00423CE0	004568E0	5	610	104				00436A8F	FUN_00436A8F	789				wc2-insertion
src/logic.c	00423A50	0042B6C5	00423CE0	004568E0	5	610	105				00437760	SplitGameClockTicks	52			00403C40	wc2-insertion
src/logic.c	00423A50	0042B6C5	00423CE0	004568E0	5	610	106				004377F0	MonoDebug_install	69			00403C90	wc2-insertion
src/logic.c	00423A50	0042B6C5	00423CE0	004568E0	5	610	107				004378D9	MonoDebug_remove	16			00403D60	wc2-insertion
src/logic.c	00423A50	0042B6C5	00423CE0	004568E0	5	610	108				00437907	FUN_00437907	25				wc2-insertion
src/logic.c	00423A50	0042B6C5	00423CE0	004568E0	5	610	109				00437946	SoundDebugPrintf	24			00403DB0	wc2-insertion
src/logic.c	00423A50	0042B6C5	00423CE0	004568E0	5	610	110				00437983	MonoDebug_print	29			00403DE0	wc2-insertion
src/logic.c	00423A50	0042B6C5	00423CE0	004568E0	5	610	111				004379D4	ReadPerformanceCounter	13			00403E30	wc2-insertion
src/logic.c	00423A50	0042B6C5	00423CE0	004568E0	5	610	112				004379F0	FUN_004379F0	24				wc2-insertion
src/logic.c	00423A50	0042B6C5	00423CE0	004568E0	5	610	113				00437A44	FUN_00437A44	37				wc2-insertion
src/logic.c	00423A50	0042B6C5	00423CE0	004568E0	5	610	114				00437AB4	exit_squadron	21			00427370	wc2-insertion
src/logic.c	00423A50	0042B6C5	00423CE0	004568E0	5	610	115				00437AEC	ShowMemoryStatusDebug	103			004273C0	wc2-insertion
src/logic.c	00423A50	0042B6C5	00423CE0	004568E0	5	610	116				00437C2E	ShowModalMessage	38			00428F20	wc2-insertion
src/logic.c	00423A50	0042B6C5	00423CE0	004568E0	5	610	117				00437C96	ReportOutOfMemoryAndExit	18			00428F80	wc2-insertion
src/logic.c	00423A50	0042B6C5	00423CE0	004568E0	5	610	118				00437CBF	InitializeConversationViewport	42			00427B20	wc2-insertion
src/logic.c	00423A50	0042B6C5	00423CE0	004568E0	5	610	119				00437D68	ResetScreenClipToFullHeight	15			00427BA0	wc2-insertion
src/logic.c	00423A50	0042B6C5	00423CE0	004568E0	5	610	120				00437D92	InitializeConversationText	29			00427BC0	wc2-insertion
src/logic.c	00423A50	0042B6C5	00423CE0	004568E0	5	610	121				00437DFA	ShowOnScreenMessage	86			00428FA0	wc2-insertion
src/logic.c	00423A50	0042B6C5	00423CE0	004568E0	5	610	122				00437F2F	ShowGamePausedBanner	24			004290A0	wc2-insertion
src/logic.c	00423A50	0042B6C5	00423CE0	004568E0	5	610	123				00437F77	ShowVersionBanner	16			004290D0	wc2-insertion
src/logic.c	00423A50	0042B6C5	00423CE0	004568E0	5	610	124				00437F9A	SetMessageDisplaySpeed	23			004290F0	wc2-insertion
src/logic.c	00423A50	0042B6C5	00423CE0	004568E0	5	610	125				00437FD3	ReportFramesSkipped	29			00429120	wc2-insertion
src/logic.c	00423A50	0042B6C5	00423CE0	004568E0	5	610	126				00438020	FUN_00438020	32				wc2-insertion
src/logic.c	00423A50	0042B6C5	00423CE0	004568E0	5	610	127				00438080	FUN_00438080	16				wc2-insertion
src/logic.c	00423A50	0042B6C5	00423CE0	004568E0	5	610	128				004380B0	FatalErrorAndExit	26			00413CE0	wc2-insertion
src/logic.c	00423A50	0042B6C5	00423CE0	004568E0	5	610	129				004380FD	IsCockpitExplosionActive	17			00413D20	wc2-insertion
src/logic.c	00423A50	0042B6C5	00423CE0	004568E0	5	610	130				00438129	EraseCockpitReadoutRegion	37			00413D40	wc2-insertion
src/logic.c	00423A50	0042B6C5	00423CE0	004568E0	5	610	131				00438194	vdu_polygon	189			00413DA0	wc2-insertion
src/logic.c	00423A50	0042B6C5	00423CE0	004568E0	5	610	132				00438454	InitializeCockpitReadout	27			00413F70	wc2-insertion
src/logic.c	00423A50	0042B6C5	00423CE0	004568E0	5	610	133				004384AD	DrawCockpitReadout	73			00413FB0	wc2-insertion
src/logic.c	00423A50	0042B6C5	00423CE0	004568E0	5	610	134				004385B3	DrawHudMessageSlot	105			004140A0	wc2-insertion
src/logic.c	00423A50	0042B6C5	00423CE0	004568E0	5	610	135				00438711	ClearHudMessageSlot	43			00414180	wc2-insertion
src/logic.c	00423A50	0042B6C5	00423CE0	004568E0	5	610	136				004387A7	ClearHudMessageIfMatching	18			004141B0	wc2-insertion
src/logic.c	00423A50	0042B6C5	00423CE0	004568E0	5	610	137				004387CD	ClearHudGunReadouts	14			004141D0	wc2-insertion
src/logic.c	00423A50	0042B6C5	00423CE0	004568E0	5	610	138				004387FA	SetHudMessageSlot	38			004141F0	wc2-insertion
src/logic.c	00423A50	0042B6C5	00423CE0	004568E0	5	610	139				00438864	UpdateMessage	30			00414240	wc2-insertion
src/logic.c	00423A50	0042B6C5	00423CE0	004568E0	5	610	140				004388B6	set_global_message	27			00414270	wc2-insertion
src/logic.c	00423A50	0042B6C5	00423CE0	004568E0	5	610	141				004388F5	CockpitMessage	21			004142B0	wc2-insertion
src/logic.c	00423A50	0042B6C5	00423CE0	004568E0	5	610	142				00438923	FUN_00438923	15				wc2-insertion
src/logic.c	00423A50	0042B6C5	00423CE0	004568E0	5	610	143				0043893F	remove_message	17			004142E0	wc2-insertion
src/logic.c	00423A50	0042B6C5	00423CE0	004568E0	5	610	144				0043895F	kilrathi_near	45			00414300	wc2-insertion
src/logic.c	00423A50	0042B6C5	00423CE0	004568E0	5	610	145				004389FE	IsMissionObjectiveOutOfSystem	56				wc2-insertion
src/logic.c	00423A50	0042B6C5	00423CE0	004568E0	5	610	146				00438ADD	auto_pilot_valid	129			00414380	wc2-insertion
src/logic.c	00423A50	0042B6C5	00423CE0	004568E0	5	610	147				00438CEB	reset_cockpit	22			00414410	wc2-insertion
src/logic.c	00423A50	0042B6C5	00423CE0	004568E0	5	610	148				00438D30	SetCockpitLightBlink	36			00414440	wc2-insertion
src/logic.c	00423A50	0042B6C5	00423CE0	004568E0	5	610	149				00438DAD	draw_cockpit_lights	108			00414490	wc2-insertion
src/logic.c	00423A50	0042B6C5	00423CE0	004568E0	5	610	150				00438F62	update_lights	77			004145B0	wc2-insertion
src/logic.c	00423A50	0042B6C5	00423CE0	004568E0	5	610	151				00439076	update_bars	151			00414690	wc2-insertion
src/logic.c	00423A50	0042B6C5	00423CE0	004568E0	5	610	152				00439264	get_mode	16			004147E0	wc2-insertion
src/logic.c	00423A50	0042B6C5	00423CE0	004568E0	5	610	153				0043928E	set_mode	33			00414800	wc2-insertion
src/logic.c	00423A50	0042B6C5	00423CE0	004568E0	5	610	154				004392F1	SetVduModeIfChanged	32			00414850	wc2-insertion
src/logic.c	00423A50	0042B6C5	00423CE0	004568E0	5	610	155				0043934D	GetVduModeStackDepth	13			00414890	wc2-insertion
src/logic.c	00423A50	0042B6C5	00423CE0	004568E0	5	610	156				00439369	push_mode	26			004148A0	wc2-insertion
src/logic.c	00423A50	0042B6C5	00423CE0	004568E0	5	610	157				004393B3	pop_mode	20			004148E0	wc2-insertion
src/logic.c	00423A50	0042B6C5	00423CE0	004568E0	5	610	158				004393E1	set_new_vdu	56			00414910	wc2-insertion
src/logic.c	00423A50	0042B6C5	00423CE0	004568E0	5	610	159				004394A0	update_vid_disp	31			00414980	wc2-insertion
src/logic.c	00423A50	0042B6C5	00423CE0	004568E0	5	610	160				00439500	InvalidateVduMode	12			004149C0	wc2-insertion
src/logic.c	00423A50	0042B6C5	00423CE0	004568E0	5	610	161				0043951A	clear_message_time	11			004149E0	wc2-insertion
src/logic.c	00423A50	0042B6C5	00423CE0	004568E0	5	610	162				0043952E	message_showing	17			004149F0	wc2-insertion
src/logic.c	00423A50	0042B6C5	00423CE0	004568E0	5	610	163				00439559	set_message_time	16			00414A10	wc2-insertion
src/logic.c	00423A50	0042B6C5	00423CE0	004568E0	5	610	164				00439588	check_message	69			00414A20	wc2-insertion
src/logic.c	00423A50	0042B6C5	00423CE0	004568E0	5	610	165				004396BF	update_digital_readouts	50			00414A50	wc2-insertion
src/logic.c	00423A50	0042B6C5	00423CE0	004568E0	5	610	166				00439753	malf_sound	25			00414AE0	wc2-insertion
src/logic.c	00423A50	0042B6C5	00423CE0	004568E0	5	610	167				00439789	malf	26			00414AF0	wc2-insertion
src/logic.c	00423A50	0042B6C5	00423CE0	004568E0	5	610	168				004397D5	vdu_malf	39			00414B20	wc2-insertion
src/logic.c	00423A50	0042B6C5	00423CE0	004568E0	5	610	169				0043984F	ShowComponentHitHudMessage	40			00414B70	wc2-insertion
src/logic.c	00423A50	0042B6C5	00423CE0	004568E0	5	610	170				004398CB	damage_your_component	75			00414BF0	wc2-insertion
src/logic.c	00423A50	0042B6C5	00423CE0	004568E0	5	610	171				004399C6	RemovePlayerReleaseWeapon	36			00414CB0	wc2-insertion
src/logic.c	00423A50	0042B6C5	00423CE0	004568E0	5	610	172				00439A5A	fire_computer_graphic_missile	87			00414D50	wc2-insertion
src/logic.c	00423A50	0042B6C5	00423CE0	004568E0	5	610	173				00439BB7	show_weapon_disp	239			00414EA0	wc2-insertion
src/logic.c	00423A50	0042B6C5	00423CE0	004568E0	5	610	174				00439F5F	update_status_text	166			00415040	wc2-insertion
src/logic.c	00423A50	0042B6C5	00423CE0	004568E0	5	610	175				0043A1EB	sighted	19			00415050	wc2-insertion
src/logic.c	00423A50	0042B6C5	00423CE0	004568E0	5	610	176				0043A21E	visited	19			00415070	wc2-insertion
src/logic.c	00423A50	0042B6C5	00423CE0	004568E0	5	610	177				0043A251	achieved	25			00415090	wc2-insertion
src/logic.c	00423A50	0042B6C5	00423CE0	004568E0	5	610	178				0043A29E	flag_objective	19			004150B0	wc2-insertion
src/logic.c	00423A50	0042B6C5	00423CE0	004568E0	5	610	179				0043A2CD	DrawCalculatingLabel	49			004150D0	wc2-insertion
src/logic.c	00423A50	0042B6C5	00423CE0	004568E0	5	610	180				0043A374	objective_name	39			00415130	wc2-insertion
src/logic.c	00423A50	0042B6C5	00423CE0	004568E0	5	610	181				0043A3F8	show_navigation_disp	38			00415180	wc2-insertion
src/logic.c	00423A50	0042B6C5	00423CE0	004568E0	5	610	182				0043A474	hidden_objective	184			004151F0	wc2-insertion
src/logic.c	00423A50	0042B6C5	00423CE0	004568E0	5	610	183				0043A75E	set_new_objective	60			004152C0	wc2-insertion
src/logic.c	00423A50	0042B6C5	00423CE0	004568E0	5	610	184				0043A851	cycle_next_objective	42			00415370	wc2-insertion
src/logic.c	00423A50	0042B6C5	00423CE0	004568E0	5	610	185				0043A8EA	set_next_destination	60			004153D0	wc2-insertion
src/logic.c	00423A50	0042B6C5	00423CE0	004568E0	5	610	186				0043A9D7	LocateMobileObjective	36			00415470	wc2-insertion
src/logic.c	00423A50	0042B6C5	00423CE0	004568E0	5	610	187				0043AA3F	is_any_ship_returning_to_current_nav_point	35			004154C0	wc2-insertion
src/logic.c	00423A50	0042B6C5	00423CE0	004568E0	5	610	188				0043AAC3	escorting_a_ship	21			00415510	wc2-insertion
src/logic.c	00423A50	0042B6C5	00423CE0	004568E0	5	610	189				0043AAFF	flag_reached	153			00415530	wc2-insertion
src/logic.c	00423A50	0042B6C5	00423CE0	004568E0	5	610	190				0043AD61	check_sighting	32			004156D0	wc2-insertion
src/logic.c	00423A50	0042B6C5	00423CE0	004568E0	5	610	191				0043ADC4	check_visit	33			00415720	wc2-insertion
src/logic.c	00423A50	0042B6C5	00423CE0	004568E0	5	610	192				0043AE2F	update_objective_location	124			00415770	wc2-insertion
src/logic.c	00423A50	0042B6C5	00423CE0	004568E0	5	610	193				0043AFD3	objective_lost	49			00415850	wc2-insertion
src/logic.c	00423A50	0042B6C5	00423CE0	004568E0	5	610	194				0043B089	check_objectives	30			004158A0	wc2-insertion
src/logic.c	00423A50	0042B6C5	00423CE0	004568E0	5	610	195				0043B0EB	rotational_pos_to_scanner_pos	78			004158F0	wc2-insertion
src/logic.c	00423A50	0042B6C5	00423CE0	004568E0	5	610	196				0043B1F0	mobile_objective	32			00415A30	wc2-insertion
src/logic.c	00423A50	0042B6C5	00423CE0	004568E0	5	610	197				0043B258	ResetScannerContacts	21			00415A70	wc2-insertion
src/logic.c	00423A50	0042B6C5	00423CE0	004568E0	5	610	198				0043B29D	clear_head_up_display	129			00415A90	wc2-insertion
src/logic.c	00423A50	0042B6C5	00423CE0	004568E0	5	610	199				0043B4CF	set_objective_range	57			00415B70	wc2-insertion
src/logic.c	00423A50	0042B6C5	00423CE0	004568E0	5	610	200				0043B570	FUN_0043B570	50				wc2-insertion
src/logic.c	00423A50	0042B6C5	00423CE0	004568E0	5	610	201				0043B61F	get_color	95			00415C00	wc2-insertion
src/logic.c	00423A50	0042B6C5	00423CE0	004568E0	5	610	202				0043B7C0	draw_3d_scanner	414			00415CE0	wc2-insertion
src/logic.c	00423A50	0042B6C5	00423CE0	004568E0	5	610	203				0043BE1B	start_lock	18			00415FC0	wc2-insertion
src/logic.c	00423A50	0042B6C5	00423CE0	004568E0	5	610	204				0043BE55	starting_lock	21			00415FF0	wc2-insertion
src/logic.c	00423A50	0042B6C5	00423CE0	004568E0	5	610	205				0043BE8D	lock_off	29			00416010	wc2-insertion
src/logic.c	00423A50	0042B6C5	00423CE0	004568E0	5	610	206				0043BEFF	CheckTargetLockMalfunction	35			00416040	wc2-insertion
src/logic.c	00423A50	0042B6C5	00423CE0	004568E0	5	610	207				0043BF67	decrement_lock_time	60			00416090	wc2-insertion
src/logic.c	00423A50	0042B6C5	00423CE0	004568E0	5	610	208				0043C048	target_locking	169			00416120	wc2-insertion
src/logic.c	00423A50	0042B6C5	00423CE0	004568E0	5	610	209				0043C30D	SetRectBounds	22			00416220	wc2-insertion
src/logic.c	00423A50	0042B6C5	00423CE0	004568E0	5	610	210				0043C344	GetRectHeight	16			00416250	wc2-insertion
src/logic.c	00423A50	0042B6C5	00423CE0	004568E0	5	610	211				0043C364	print_message_text	153			00416260	wc2-insertion
src/logic.c	00423A50	0042B6C5	00423CE0	004568E0	5	610	212				0043C570	ShowHudTextLine	24			00416460	wc2-insertion
src/logic.c	00423A50	0042B6C5	00423CE0	004568E0	5	610	213				0043C5B0	RestoreHudMessageBackground	27				wc2-insertion
src/logic.c	00423A50	0042B6C5	00423CE0	004568E0	5	610	214				0043C601	SetHudTextColour	25			00416480	wc2-insertion
src/logic.c	00423A50	0042B6C5	00423CE0	004568E0	5	610	215				0043C64D	ClearHudMessageDisplay	37				wc2-insertion
src/logic.c	00423A50	0042B6C5	00423CE0	004568E0	5	610	216				0043C6D8	draw_target_box	368			004164B0	wc2-insertion
src/logic.c	00423A50	0042B6C5	00423CE0	004568E0	5	610	217				0043CBD3	remove_nav_pointer	17			004168A0	wc2-insertion
src/logic.c	00423A50	0042B6C5	00423CE0	004568E0	5	610	218				0043CBFD	draw_nav_pointer	160			004168C0	wc2-insertion
src/logic.c	00423A50	0042B6C5	00423CE0	004568E0	5	610	219				0043CE8F	sort_viable_target_list	52			0041E860	wc2-insertion
src/logic.c	00423A50	0042B6C5	00423CE0	004568E0	5	610	220				0043CF5A	FUN_0043CF5A	258				wc2-insertion
src/logic.c	00423A50	0042B6C5	00423CE0	004568E0	5	610	221				0043D323	FUN_0043D323	30				wc2-insertion
src/logic.c	00423A50	0042B6C5	00423CE0	004568E0	5	610	222				0043D386	overlay_head_up_display	269			00416AC0	wc2-insertion
src/logic.c	00423A50	0042B6C5	00423CE0	004568E0	5	610	223				0043D7F2	RestoreCockpitExplosionIfVisible	17			00416C90	wc2-insertion
src/logic.c	00423A50	0042B6C5	00423CE0	004568E0	5	610	224				0043D81F	RestoreTransientCockpitGraphics	86			00416CB0	wc2-insertion
src/logic.c	00423A50	0042B6C5	00423CE0	004568E0	5	610	225				0043D956	SetHudMessageText	28			00416DE0	wc2-insertion
src/logic.c	00423A50	0042B6C5	00423CE0	004568E0	5	610	226				0043D9AB	FUN_0043D9AB	20				wc2-insertion
src/logic.c	00423A50	0042B6C5	00423CE0	004568E0	5	610	227				0043D9DA	malf_noise	46			00416E20	wc2-insertion
src/logic.c	00423A50	0042B6C5	00423CE0	004568E0	5	610	228				0043DA68	build_your_target_list	164			00416E90	wc2-insertion
src/logic.c	00423A50	0042B6C5	00423CE0	004568E0	5	610	229				0043DD1B	cycle_onscreen_targets	56			00416F30	wc2-insertion
src/logic.c	00423A50	0042B6C5	00423CE0	004568E0	5	610	230				0043DDFC	check_target	162			00416FD0	wc2-insertion
src/logic.c	00423A50	0042B6C5	00423CE0	004568E0	5	610	231				0043E101	FUN_0043E101	52				wc2-insertion
src/logic.c	00423A50	0042B6C5	00423CE0	004568E0	5	610	232				0043E1B2	update_missile_warning	60			00417190	wc2-insertion
src/logic.c	00423A50	0042B6C5	00423CE0	004568E0	5	610	233				0043E297	determine_pilot_hand	67			004171D0	wc2-insertion
src/logic.c	00423A50	0042B6C5	00423CE0	004568E0	5	610	234				0043E371	DrawPilotHandFrame	56			00417260	wc2-insertion
src/logic.c	00423A50	0042B6C5	00423CE0	004568E0	5	610	235				0043E43A	animate_pilot	18			004173C0	wc2-insertion
src/logic.c	00423A50	0042B6C5	00423CE0	004568E0	5	610	236				0043E472	ResetPilotHandAnimation	18			004173F0	wc2-insertion
src/logic.c	00423A50	0042B6C5	00423CE0	004568E0	5	610	237				0043E4A8	send_message	69			00417420	wc2-insertion
src/logic.c	00423A50	0042B6C5	00423CE0	004568E0	5	610	238				0043E5DA	npc_communication	153			004174F0	wc2-insertion
src/logic.c	00423A50	0042B6C5	00423CE0	004568E0	5	610	239				0043E870	clear_cockpit_damage	22			00417610	wc2-insertion
src/logic.c	00423A50	0042B6C5	00423CE0	004568E0	5	610	240				0043E8B2	explosion_draw	77			00417630	wc2-insertion
src/logic.c	00423A50	0042B6C5	00423CE0	004568E0	5	610	241				0043E9E2	DrawPendingCockpitDamage	63			004176C0	wc2-insertion
src/logic.c	00423A50	0042B6C5	00423CE0	004568E0	5	610	242				0043EAE3	RestoreCockpitExplosionBackground	31			00417760	wc2-insertion
src/logic.c	00423A50	0042B6C5	00423CE0	004568E0	5	610	243				0043EB46	cockpit_explosion	69			004177B0	wc2-insertion
src/logic.c	00423A50	0042B6C5	00423CE0	004568E0	5	610	244				0043EC50	place_damage_on_cockpit	34			004178A0	wc2-insertion
src/logic.c	00423A50	0042B6C5	00423CE0	004568E0	5	610	245				0043ECD9	vid_transmit	210			00417910	wc2-insertion
src/logic.c	00423A50	0042B6C5	00423CE0	004568E0	5	610	246				0043F042	vid_equiv	30			00417AC0	wc2-insertion
src/logic.c	00423A50	0042B6C5	00423CE0	004568E0	5	610	247				0043F09D	update_dead_disp	19			00417B10	wc2-insertion
src/logic.c	00423A50	0042B6C5	00423CE0	004568E0	5	610	248				0043F0C3	check_stranded	24			00417B30	wc2-insertion
src/logic.c	00423A50	0042B6C5	00423CE0	004568E0	5	610	249				0043F110	CopyTrainSimPilotViewToVdus	117			00417320	wc2-insertion
src/logic.c	00423A50	0042B6C5	00423CE0	004568E0	5	610	250				0043F2F5	update_VDUs	212			00417B70	wc2-insertion
src/logic.c	00423A50	0042B6C5	00423CE0	004568E0	5	610	251				0043F6C9	update_cockpit	77			00417E70	wc2-insertion
src/logic.c	00423A50	0042B6C5	00423CE0	004568E0	5	610	252				0043F81B	IsCockpitWeaponShapeLoaded	17				wc2-insertion
src/logic.c	00423A50	0042B6C5	00423CE0	004568E0	5	610	253				0043F849	PlayCockpitSelectionSfx	15			00417F00	wc2-insertion
src/logic.c	00423A50	0042B6C5	00423CE0	004568E0	5	610	254				0043F862	vdu_pop_all	36			00417F10	wc2-insertion
src/logic.c	00423A50	0042B6C5	00423CE0	004568E0	5	610	255				0043F8CD	SelectCockpitVduMode	116			00417F60	wc2-insertion
src/logic.c	00423A50	0042B6C5	00423CE0	004568E0	5	610	256				0043FAC0	show_target_disp	292			0042DB90	wc2-insertion
src/logic.c	00423A50	0042B6C5	00423CE0	004568E0	5	610	257				0043FF40	DrawTargetRangeReadout	144			0042DEA0	wc2-insertion
src/logic.c	00423A50	0042B6C5	00423CE0	004568E0	5	610	258				004401C0	LoadMissionData	238			004059B0	wc2-insertion
src/logic.c	00423A50	0042B6C5	00423CE0	004568E0	5	610	259				00440490	HandleUnsupportedManeuver	24				wc2-insertion
src/logic.c	00423A50	0042B6C5	00423CE0	004568E0	5	610	260				004404CC	FUN_004404CC	34				wc2-insertion
src/logic.c	00423A50	0042B6C5	00423CE0	004568E0	5	610	261				00440549	ResetShipWeaponFireState	14				wc2-insertion
src/logic.c	00423A50	0042B6C5	00423CE0	004568E0	5	610	262				00440571	chase_speed	46			00434C70	wc2-insertion
src/logic.c	00423A50	0042B6C5	00423CE0	004568E0	5	610	263				00440606	SetShipAiScratchWord	12			004060A0	wc2-insertion
src/logic.c	00423A50	0042B6C5	00423CE0	004568E0	5	610	264				0044061B	maneuver_complete	20			004060B0	wc2-insertion
src/logic.c	00423A50	0042B6C5	00423CE0	004568E0	5	610	265				00440642	Mline_up_drop	39			004060D0	wc2-insertion
src/logic.c	00423A50	0042B6C5	00423CE0	004568E0	5	610	266				004406BA	Mwabble	69			00406130	wc2-insertion
src/logic.c	00423A50	0042B6C5	00423CE0	004568E0	5	610	267				004407B0	advance	16			004061E0	wc2-insertion
src/logic.c	00423A50	0042B6C5	00423CE0	004568E0	5	610	268				004407DA	ShipAiState35	17			00406200	wc2-insertion
src/logic.c	00423A50	0042B6C5	00423CE0	004568E0	5	610	269				004407F7	Mfull_ahead	17			00406310	wc2-insertion
src/logic.c	00423A50	0042B6C5	00423CE0	004568E0	5	610	270				00440814	Mchill	17			00406350	wc2-insertion
src/logic.c	00423A50	0042B6C5	00423CE0	004568E0	5	610	271				00440831	Mdrop_a_mine	17			004063B0	wc2-insertion
src/logic.c	00423A50	0042B6C5	00423CE0	004568E0	5	610	272				0044084E	Mthink	17			00406400	wc2-insertion
src/logic.c	00423A50	0042B6C5	00423CE0	004568E0	5	610	273				0044086B	Mtight_loop	71			00406440	wc2-insertion
src/logic.c	00423A50	0042B6C5	00423CE0	004568E0	5	610	274				00440967	Mhard_break	72			004064F0	wc2-insertion
src/logic.c	00423A50	0042B6C5	00423CE0	004568E0	5	610	275				00440A93	Msit_n_spin	163			004065A0	wc2-insertion
src/logic.c	00423A50	0042B6C5	00423CE0	004568E0	5	610	276				00440D0B	Mturn_n_spin	83			004067A0	wc2-insertion
src/logic.c	00423A50	0042B6C5	00423CE0	004568E0	5	610	277				00440E46	Mburnout	58			00406860	wc2-insertion
src/logic.c	00423A50	0042B6C5	00423CE0	004568E0	5	610	278				00440F01	Mkickit	37			004068D0	wc2-insertion
src/logic.c	00423A50	0042B6C5	00423CE0	004568E0	5	610	279				00440F76	Mturn_n_kick	91			00406910	wc2-insertion
src/logic.c	00423A50	0042B6C5	00423CE0	004568E0	5	610	280				004410C0	Mroll_over	41			00406990	wc2-insertion
src/logic.c	00423A50	0042B6C5	00423CE0	004568E0	5	610	281				00441146	Mhard_turn	48			004069F0	wc2-insertion
src/logic.c	00423A50	0042B6C5	00423CE0	004568E0	5	610	282				004411E1	Mfish_hook	110			00406A50	wc2-insertion
src/logic.c	00423A50	0042B6C5	00423CE0	004568E0	5	610	283				00441379	Mtry2tail	73			00406B60	wc2-insertion
src/logic.c	00423A50	0042B6C5	00423CE0	004568E0	5	610	284				0044145A	Msplit_left	57			00406BD0	wc2-insertion
src/logic.c	00423A50	0042B6C5	00423CE0	004568E0	5	610	285				0044151B	Msplit_right	57			00406C20	wc2-insertion
src/logic.c	00423A50	0042B6C5	00423CE0	004568E0	5	610	286				004415DC	Mgloat	66			00406C70	wc2-insertion
src/logic.c	00423A50	0042B6C5	00423CE0	004568E0	5	610	287				004416D5	Mtail_fire	40			00406D20	wc2-insertion
src/logic.c	00423A50	0042B6C5	00423CE0	004568E0	5	610	288				00441742	Mzip_past	76			00406D80	wc2-insertion
src/logic.c	00423A50	0042B6C5	00423CE0	004568E0	5	610	289				00441837	FUN_00441837	32				wc2-insertion
src/logic.c	00423A50	0042B6C5	00423CE0	004568E0	5	610	290				00441895	FUN_00441895	17				wc2-insertion
src/logic.c	00423A50	0042B6C5	00423CE0	004568E0	5	610	291				004418B2	FUN_004418B2	68				wc2-insertion
src/logic.c	00423A50	0042B6C5	00423CE0	004568E0	5	610	292				0044199B	Mram_missile	41			00406EC0	wc2-insertion
src/logic.c	00423A50	0042B6C5	00423CE0	004568E0	5	610	293				00441A13	Mbuzz_debris	70			00406F20	wc2-insertion
src/logic.c	00423A50	0042B6C5	00423CE0	004568E0	5	610	294				00441AFC	Mstrafe_enemy	58			00406FB0	wc2-insertion
src/logic.c	00423A50	0042B6C5	00423CE0	004568E0	5	610	295				00441BC1	Mbest_strafe	26			00407030	wc2-insertion
src/logic.c	00423A50	0042B6C5	00423CE0	004568E0	5	610	296				00441C01	Mtarget_missile	76			00406E10	wc2-insertion
src/logic.c	00423A50	0042B6C5	00423CE0	004568E0	5	610	297				00441D00	Msit_n_fire	41			00407060	wc2-insertion
src/logic.c	00423A50	0042B6C5	00423CE0	004568E0	5	610	298				00441D71	Mstrafe_n_roll	23			004070D0	wc2-insertion
src/logic.c	00423A50	0042B6C5	00423CE0	004568E0	5	610	299				00441DB3	Mkill_missile	74			00407100	wc2-insertion
src/logic.c	00423A50	0042B6C5	00423CE0	004568E0	5	610	300				00441E9C	Msuicide_run	21			004071B0	wc2-insertion
src/logic.c	00423A50	0042B6C5	00423CE0	004568E0	5	610	301				00441EC8	Mget_distance	60			004071E0	wc2-insertion
src/logic.c	00423A50	0042B6C5	00423CE0	004568E0	5	610	302				00441F86	general_zig	93			00407270	wc2-insertion
src/logic.c	00423A50	0042B6C5	00423CE0	004568E0	5	610	303				0044210C	Mzig_zag	17			00407350	wc2-insertion
src/logic.c	00423A50	0042B6C5	00423CE0	004568E0	5	610	304				00442129	Mzig_zag_pitch	17			00407370	wc2-insertion
src/logic.c	00423A50	0042B6C5	00423CE0	004568E0	5	610	305				00442146	Mcorkscrew	67			00407390	wc2-insertion
src/logic.c	00423A50	0042B6C5	00423CE0	004568E0	5	610	306				00442252	Mveer_away	117			00407450	wc2-insertion
src/logic.c	00423A50	0042B6C5	00423CE0	004568E0	5	610	307				004423E2	ShipAiState44	16			00407560	wc2-insertion
src/logic.c	00423A50	0042B6C5	00423CE0	004568E0	5	610	308				00442404	Mtarget_laser	17			00407580	wc2-insertion
src/logic.c	00423A50	0042B6C5	00423CE0	004568E0	5	610	309				00442421	Mrout_me	14			004075A0	wc2-insertion
src/logic.c	00423A50	0042B6C5	00423CE0	004568E0	5	610	310				00442438	FUN_00442438	17				wc2-insertion
src/logic.c	00423A50	0042B6C5	00423CE0	004568E0	5	610	311				00442455	FUN_00442455	40				wc2-insertion
src/logic.c	00423A50	0042B6C5	00423CE0	004568E0	5	610	312				004424C2	Mnone	10			004075B0	wc2-insertion
src/logic.c	00423A50	0042B6C5	00423CE0	004568E0	5	610	313				004424CD	Mreset	14			004075C0	wc2-insertion
src/logic.c	00423A50	0042B6C5	00423CE0	004568E0	5	610	314				004424E4	perform_maneuver	164			004075D0	wc2-insertion
src/logic.c	00423A50	0042B6C5	00423CE0	004568E0	5	610	315				00442770	cruise_home	155			00409760	wc2-insertion
src/logic.c	00423A50	0042B6C5	00423CE0	004568E0	5	610	316				004429A7	FUN_004429A7	15				wc2-insertion
src/logic.c	00423A50	0042B6C5	00423CE0	004568E0	5	610	317				004429C0	FUN_004429C0	124				wc2-insertion
src/logic.c	00423A50	0042B6C5	00423CE0	004568E0	5	610	318				00442B78	run_away	99			004099C0	wc2-insertion
src/logic.c	00423A50	0042B6C5	00423CE0	004568E0	5	610	319				00442CC3	check_engage_target	45			00409AC0	wc2-insertion
src/logic.c	00423A50	0042B6C5	00423CE0	004568E0	5	610	320				00442D58	check_destroy_target	113			00409B10	wc2-insertion
src/logic.c	00423A50	0042B6C5	00423CE0	004568E0	5	610	321				00442EFC	maneuvering	21			00409C20	wc2-insertion
src/logic.c	00423A50	0042B6C5	00423CE0	004568E0	5	610	322				00442F2D	formation_burst	57			00409C50	wc2-insertion
src/logic.c	00423A50	0042B6C5	00423CE0	004568E0	5	610	323				00442FE9	disallow_engage	11			00409CE0	wc2-insertion
src/logic.c	00423A50	0042B6C5	00423CE0	004568E0	5	610	324				00442FFD	allow_engage	12			00409CF0	wc2-insertion
src/logic.c	00423A50	0042B6C5	00423CE0	004568E0	5	610	325				0044301A	try2allow_engage	33			00409D10	wc2-insertion
src/logic.c	00423A50	0042B6C5	00423CE0	004568E0	5	610	326				00443095	imperial_formation	157			00409D60	wc2-insertion
src/logic.c	00423A50	0042B6C5	00423CE0	004568E0	5	610	327				004432EB	formation_break	52			00409F00	wc2-insertion
src/logic.c	00423A50	0042B6C5	00423CE0	004568E0	5	610	328				004433B1	imperial_wingman	64			00409F80	wc2-insertion
src/logic.c	00423A50	0042B6C5	00423CE0	004568E0	5	610	329				00443499	kilrathi_wingman	103			0040A030	wc2-insertion
src/logic.c	00423A50	0042B6C5	00423CE0	004568E0	5	610	330				00443631	wingman_mission	23			0040A130	wc2-insertion
src/logic.c	00423A50	0042B6C5	00423CE0	004568E0	5	610	331				0044366D	dist_from_home	19			0040A160	wc2-insertion
src/logic.c	00423A50	0042B6C5	00423CE0	004568E0	5	610	332				00443698	scan_and_lock	32			0040A180	wc2-insertion
src/logic.c	00423A50	0042B6C5	00423CE0	004568E0	5	610	333				00443707	patrol_area	158			0040A1C0	wc2-insertion
src/logic.c	00423A50	0042B6C5	00423CE0	004568E0	5	610	334				00443930	kilrathi_patrol	53			0040A360	wc2-insertion
src/logic.c	00423A50	0042B6C5	00423CE0	004568E0	5	610	335				00443A08	cruise_to_destination	159			0040A410	wc2-insertion
src/logic.c	00423A50	0042B6C5	00423CE0	004568E0	5	610	336				00443C45	prepare_for_jump	81			0040A540	wc2-insertion
src/logic.c	00423A50	0042B6C5	00423CE0	004568E0	5	610	337				00443D6E	accelerate_and_jump	27			0040A630	wc2-insertion
src/logic.c	00423A50	0042B6C5	00423CE0	004568E0	5	610	338				00443DBD	reach_warp	57			0040A670	wc2-insertion
src/logic.c	00423A50	0042B6C5	00423CE0	004568E0	5	610	339				00443E8C	FUN_00443E8C	26				wc2-insertion
src/logic.c	00423A50	0042B6C5	00423CE0	004568E0	5	610	340				00443EE9	warp_arrival	24			0040A710	wc2-insertion
src/logic.c	00423A50	0042B6C5	00423CE0	004568E0	5	610	341				00443F28	return_to_buddy	47			0040A740	wc2-insertion
src/logic.c	00423A50	0042B6C5	00423CE0	004568E0	5	610	342				00443FA2	escort_buddy	29			0040A7A0	wc2-insertion
src/logic.c	00423A50	0042B6C5	00423CE0	004568E0	5	610	343				00443FE4	escort_mission	121			0040A7D0	wc2-insertion
src/logic.c	00423A50	0042B6C5	00423CE0	004568E0	5	610	344				00444199	check_goal	29			0040A900	wc2-insertion
src/logic.c	00423A50	0042B6C5	00423CE0	004568E0	5	610	345				004441E5	streak_toward	59			0040A940	wc2-insertion
src/logic.c	00423A50	0042B6C5	00423CE0	004568E0	5	610	346				00444291	approach_and_engage	116			0040A9B0	wc2-insertion
src/logic.c	00423A50	0042B6C5	00423CE0	004568E0	5	610	347				00444420	strike_mission	172			0040AAC0	wc2-insertion
src/logic.c	00423A50	0042B6C5	00423CE0	004568E0	5	610	348				004446C9	return_to_master	40			0040ABB0	wc2-insertion
src/logic.c	00423A50	0042B6C5	00423CE0	004568E0	5	610	349				0044472C	defend_mission	155			0040AC00	wc2-insertion
src/logic.c	00423A50	0042B6C5	00423CE0	004568E0	5	610	350				00444966	rendezvous_mission	116			0040AD80	wc2-insertion
src/logic.c	00423A50	0042B6C5	00423CE0	004568E0	5	610	351				00444ADC	ship_intelligence	108			0040AE80	wc2-insertion
src/logic.c	00423A50	0042B6C5	00423CE0	004568E0	5	610	352				00444C80	orbit_sphere	73			0040AF70	wc2-insertion
src/logic.c	00423A50	0042B6C5	00423CE0	004568E0	5	610	353				00444D5C	tanker_intelligence	76			0040B010	wc2-insertion
src/logic.c	00423A50	0042B6C5	00423CE0	004568E0	5	610	354				00444E51	destroyer_intelligence	32			0040B0C0	wc2-insertion
src/logic.c	00423A50	0042B6C5	00423CE0	004568E0	5	610	355				00444EA7	stationary_intelligence	42			0040B110	wc2-insertion
src/logic.c	00423A50	0042B6C5	00423CE0	004568E0	5	610	356				00444F53	FUN_00444F53	92				wc2-insertion
src/logic.c	00423A50	0042B6C5	00423CE0	004568E0	5	610	357				00445087	FUN_00445087	723				wc2-insertion
src/logic.c	00423A50	0042B6C5	00423CE0	004568E0	5	610	358				00445AAC	capital_ship_intelligence	184			0040B140	wc2-insertion
src/logic.c	00423A50	0042B6C5	00423CE0	004568E0	5	610	359				00445D9A	futurion_intelligence	46			0040B320	wc2-insertion
src/logic.c	00423A50	0042B6C5	00423CE0	004568E0	5	610	360				00445E68	heat_seeking_missile_intelligence	169			0040B430	wc2-insertion
src/logic.c	00423A50	0042B6C5	00423CE0	004568E0	5	610	361				00446133	FF_missile_intelligence	143			0040B570	wc2-insertion
src/logic.c	00423A50	0042B6C5	00423CE0	004568E0	5	610	362				00446395	FUN_00446395	59				wc2-insertion
src/logic.c	00423A50	0042B6C5	00423CE0	004568E0	5	610	363				00446474	mine_intelligence	62			0040B3A0	wc2-insertion
src/logic.c	00423A50	0042B6C5	00423CE0	004568E0	5	610	364				00446560	FUN_00446560	12				wc2-insertion
src/logic.c	00423A50	0042B6C5	00423CE0	004568E0	5	610	365				00446580	FUN_00446580	17				wc2-insertion
src/logic.c	00423A50	0042B6C5	00423CE0	004568E0	5	610	366				004465A0	PacketLoad	98			0042B050	wc2-insertion
src/logic.c	00423A50	0042B6C5	00423CE0	004568E0	5	610	367				00446710	DrawPodiumShot	67			00439070	wc2-insertion
src/logic.c	00423A50	0042B6C5	00423CE0	004568E0	5	610	368				00446823	FUN_00446823	61				wc2-insertion
src/logic.c	00423A50	0042B6C5	00423CE0	004568E0	5	610	369				00446910	DosStrcat	25			0041C740	wc2-insertion
src/logic.c	00423A50	0042B6C5	00423CE0	004568E0	5	610	370				00446950	FUN_00446950	11				wc2-insertion
src/logic.c	00423A50	0042B6C5	00423CE0	004568E0	5	610	371				00446960	FUN_00446960	18				wc2-insertion
src/logic.c	00423A50	0042B6C5	00423CE0	004568E0	5	610	372				0044698F	FUN_0044698F	42				wc2-insertion
src/logic.c	00423A50	0042B6C5	00423CE0	004568E0	5	610	373				00446A1D	FUN_00446A1D	82				wc2-insertion
src/logic.c	00423A50	0042B6C5	00423CE0	004568E0	5	610	374				00446B6A	FUN_00446B6A	94				wc2-insertion
src/logic.c	00423A50	0042B6C5	00423CE0	004568E0	5	610	375				00446CC2	FUN_00446CC2	29				wc2-insertion
src/logic.c	00423A50	0042B6C5	00423CE0	004568E0	5	610	376				00446D0D	FUN_00446D0D	30				wc2-insertion
src/logic.c	00423A50	0042B6C5	00423CE0	004568E0	5	610	377				00446D55	FUN_00446D55	86				wc2-insertion
src/logic.c	00423A50	0042B6C5	00423CE0	004568E0	5	610	378				00446E9D	FUN_00446E9D	38				wc2-insertion
src/logic.c	00423A50	0042B6C5	00423CE0	004568E0	5	610	379				00446F14	FUN_00446F14	57				wc2-insertion
src/logic.c	00423A50	0042B6C5	00423CE0	004568E0	5	610	380				00446FC8	FUN_00446FC8	95				wc2-insertion
src/logic.c	00423A50	0042B6C5	00423CE0	004568E0	5	610	381				00447170	GetShapeFrameExtent	26			00407710	wc2-insertion
src/logic.c	00423A50	0042B6C5	00423CE0	004568E0	5	610	382				004471B0	free_viewport	76			0040F940	wc2-insertion
src/logic.c	00423A50	0042B6C5	00423CE0	004568E0	5	610	383				00447300	LoadCommPortraitResources	33			00431520	wc2-insertion
src/logic.c	00423A50	0042B6C5	00423CE0	004568E0	5	610	384				00447369	FUN_00447369	28				wc2-insertion
src/logic.c	00423A50	0042B6C5	00423CE0	004568E0	5	610	385				004473D1	IsCommMenuIdle	17			00430CA0	wc2-insertion
src/logic.c	00423A50	0042B6C5	00423CE0	004568E0	5	610	386				004473FC	AppendCommMenuChoice	30			00430CB0	wc2-insertion
src/logic.c	00423A50	0042B6C5	00423CE0	004568E0	5	610	387				00447479	SendCommMenuChoice	27			00430D30	wc2-insertion
src/logic.c	00423A50	0042B6C5	00423CE0	004568E0	5	610	388				004474CA	OpenCommMenuForTarget	19			00430D50	wc2-insertion
src/logic.c	00423A50	0042B6C5	00423CE0	004568E0	5	610	389				004474F4	IsCommChoiceMenuOpen	20			00430D80	wc2-insertion
src/logic.c	00423A50	0042B6C5	00423CE0	004568E0	5	610	390				00447526	OpenCommRecipientMenu	15			00430DC0	wc2-insertion
src/logic.c	00423A50	0042B6C5	00423CE0	004568E0	5	610	391				00447544	CloseCommChoiceMenu	19			00430DE0	wc2-insertion
src/logic.c	00423A50	0042B6C5	00423CE0	004568E0	5	610	392				0044756F	wingman_dead	17			00430E10	wc2-insertion
src/logic.c	00423A50	0042B6C5	00423CE0	004568E0	5	610	393				0044759B	have_target	21			00430E30	wc2-insertion
src/logic.c	00423A50	0042B6C5	00423CE0	004568E0	5	610	394				004475D3	CanOpenCommMenu	22			00430E50	wc2-insertion
src/logic.c	00423A50	0042B6C5	00423CE0	004568E0	5	610	395				0044760F	SelectCommRecipient	13			00430E70	wc2-insertion
src/logic.c	00423A50	0042B6C5	00423CE0	004568E0	5	610	396				00447629	BuildCommunicationRecipientMenu	144			00430E90	wc2-insertion
src/logic.c	00423A50	0042B6C5	00423CE0	004568E0	5	610	397				00447890	BuildCommunicationCommandMenu	275			00430FC0	wc2-insertion
src/logic.c	00423A50	0042B6C5	00423CE0	004568E0	5	610	398				00447D85	RefreshCommunicationMenu	28			00431200	wc2-insertion
src/logic.c	00423A50	0042B6C5	00423CE0	004568E0	5	610	399				00447DE3	HandleCommunicationMenuRequest	32			00431240	wc2-insertion
src/logic.c	00423A50	0042B6C5	00423CE0	004568E0	5	610	400				00447E47	show_communications_disp	51			00431290	wc2-insertion
src/logic.c	00423A50	0042B6C5	00423CE0	004568E0	5	610	401				00447EF5	Chosen_communicate_option	68			00431350	wc2-insertion
src/logic.c	00423A50	0042B6C5	00423CE0	004568E0	5	610	402				00448008	IssueQuickCommCommand	24			00431400	wc2-insertion
src/logic.c	00423A50	0042B6C5	00423CE0	004568E0	5	610	403				0044804A	FreeCommDisplayResources	13			00431410	wc2-insertion
src/logic.c	00423A50	0042B6C5	00423CE0	004568E0	5	610	404				00448070	EndCommSessionWithWingman	30			00431470	wc2-insertion
src/logic.c	00423A50	0042B6C5	00423CE0	004568E0	5	610	405				004480C6	EndCommMenu	20			004314C0	wc2-insertion
src/logic.c	00423A50	0042B6C5	00423CE0	004568E0	5	610	406				00448100	ShowCentredPrompt	22			004314F0	wc2-insertion
src/logic.c	00423A50	0042B6C5	00423CE0	004568E0	5	610	407				00448136	ExpandCommMessageTokens	102			004315C0	wc2-insertion
src/logic.c	00423A50	0042B6C5	00423CE0	004568E0	5	610	408				004482CA	real_vid_transmit	180			004316E0	wc2-insertion
src/logic.c	00423A50	0042B6C5	00423CE0	004568E0	5	610	409				00448570	FUN_00448570	435				wc2-insertion
src/logic.c	00423A50	0042B6C5	00423CE0	004568E0	5	610	410				00448D1A	SetViewportHorizontalBounds	16				wc2-insertion
src/logic.c	00423A50	0042B6C5	00423CE0	004568E0	5	610	411				00448D39	SetViewportVerticalBounds	16				wc2-insertion
src/logic.c	00423A50	0042B6C5	00423CE0	004568E0	5	610	412				00448D58	FUN_00448D58	1107				wc2-insertion
src/logic.c	00423A50	0042B6C5	00423CE0	004568E0	5	610	413				00449FAE	FUN_00449FAE	34				wc2-insertion
src/logic.c	00423A50	0042B6C5	00423CE0	004568E0	5	610	414				0044A009	FUN_0044A009	22				wc2-insertion
src/logic.c	00423A50	0042B6C5	00423CE0	004568E0	5	610	415				0044A03C	FUN_0044A03C	539				wc2-insertion
src/logic.c	00423A50	0042B6C5	00423CE0	004568E0	5	610	416				0044A910	FUN_0044A910	129				wc2-insertion
src/logic.c	00423A50	0042B6C5	00423CE0	004568E0	5	610	417				0044AAE5	FUN_0044AAE5	263				wc2-insertion
src/logic.c	00423A50	0042B6C5	00423CE0	004568E0	5	610	418				0044ADE0	SetFleetOverviewView	292			00410740	wc2-insertion
src/logic.c	00423A50	0042B6C5	00423CE0	004568E0	5	610	419				0044B200	set_sphere_point	26			0040B670	wc2-insertion
src/logic.c	00423A50	0042B6C5	00423CE0	004568E0	5	610	420				0044B239	is_alive	14			0040B6A0	wc2-insertion
src/logic.c	00423A50	0042B6C5	00423CE0	004568E0	5	610	421				0044B257	check_futurion	20			0040B700	wc2-insertion
src/logic.c	00423A50	0042B6C5	00423CE0	004568E0	5	610	422				0044B29D	FUN_0044B29D	22				wc2-insertion
src/logic.c	00423A50	0042B6C5	00423CE0	004568E0	5	610	423				0044B2E2	init_mission	86			0040B730	wc2-insertion
src/logic.c	00423A50	0042B6C5	00423CE0	004568E0	5	610	424				0044B48F	FUN_0044B48F	207				wc2-insertion
src/logic.c	00423A50	0042B6C5	00423CE0	004568E0	5	610	425				0044B83C	FUN_0044B83C	99				wc2-insertion
src/logic.c	00423A50	0042B6C5	00423CE0	004568E0	5	610	426				0044B981	FUN_0044B981	61				wc2-insertion
src/logic.c	00423A50	0042B6C5	00423CE0	004568E0	5	610	427				0044BA73	prepare_mission	154			0040B7A0	wc2-insertion
src/logic.c	00423A50	0042B6C5	00423CE0	004568E0	5	610	428				0044BCF7	release_all_capital_ship_shapes	37			0040B940	wc2-insertion
src/logic.c	00423A50	0042B6C5	00423CE0	004568E0	5	610	429				0044BD83	release_capital_ship_shapes	64			0040B990	wc2-insertion
src/logic.c	00423A50	0042B6C5	00423CE0	004568E0	5	610	430				0044BE84	FUN_0044BE84	30				wc2-insertion
src/logic.c	00423A50	0042B6C5	00423CE0	004568E0	5	610	431				0044BEE5	load_ship	553			0040B9F0	wc2-insertion
src/logic.c	00423A50	0042B6C5	00423CE0	004568E0	5	610	432				0044C796	free_ship	302			0040BC70	wc2-insertion
src/logic.c	00423A50	0042B6C5	00423CE0	004568E0	5	610	433				0044CC84	free_all_slots	30			0040BE20	wc2-insertion
src/logic.c	00423A50	0042B6C5	00423CE0	004568E0	5	610	434				0044CCE1	load_all_slots	63			0040BE60	wc2-insertion
src/logic.c	00423A50	0042B6C5	00423CE0	004568E0	5	610	435				0044CDCF	remove_nav_point_objects	22			0040BEA0	wc2-insertion
src/logic.c	00423A50	0042B6C5	00423CE0	004568E0	5	610	436				0044CE0A	get_shape_slot	29			0040BEC0	wc2-insertion
src/logic.c	00423A50	0042B6C5	00423CE0	004568E0	5	610	437				0044CE68	shape_loaded	30			0040BEF0	wc2-insertion
src/logic.c	00423A50	0042B6C5	00423CE0	004568E0	5	610	438				0044CEC8	shape_needed	31			0040BF20	wc2-insertion
src/logic.c	00423A50	0042B6C5	00423CE0	004568E0	5	610	439				0044CF2D	new_sphere_shapes	115			0040BF50	wc2-insertion
src/logic.c	00423A50	0042B6C5	00423CE0	004568E0	5	610	440				0044D0C7	FUN_0044D0C7	156				wc2-insertion
src/logic.c	00423A50	0042B6C5	00423CE0	004568E0	5	610	441				0044D35D	set_up_action_sphere	229			0040BFF0	wc2-insertion
src/logic.c	00423A50	0042B6C5	00423CE0	004568E0	5	610	442				0044D72E	room_for_me	67			0040C350	wc2-insertion
src/logic.c	00423A50	0042B6C5	00423CE0	004568E0	5	610	443				0044D81F	place_ship_near_player_until_valid	36			0040C360	wc2-insertion
src/logic.c	00423A50	0042B6C5	00423CE0	004568E0	5	610	444				0044D888	set_up_next_wave	90			0040C3C0	wc2-insertion
src/logic.c	00423A50	0042B6C5	00423CE0	004568E0	5	610	445				0044D9E2	sub_int_vector	31			0040C4A0	wc2-insertion
src/logic.c	00423A50	0042B6C5	00423CE0	004568E0	5	610	446				0044DA2F	set_formation_position	101			0040C4E0	wc2-insertion
src/logic.c	00423A50	0042B6C5	00423CE0	004568E0	5	610	447				0044DB7E	Set_up_ship_info	270			0040C5E0	wc2-insertion
src/logic.c	00423A50	0042B6C5	00423CE0	004568E0	5	610	448				0044E028	is_team_member	33			0040C740	wc2-insertion
src/logic.c	00423A50	0042B6C5	00423CE0	004568E0	5	610	449				0044E09C	find_next_ship_turn_slot	55			0040C780	wc2-insertion
src/logic.c	00423A50	0042B6C5	00423CE0	004568E0	5	610	450				0044E187	init_ship	209			0040C800	wc2-insertion
src/logic.c	00423A50	0042B6C5	00423CE0	004568E0	5	610	451				0044E44F	init_intelligence_data	356			0040C950	wc2-insertion
src/logic.c	00423A50	0042B6C5	00423CE0	004568E0	5	610	452				0044EA50	FUN_0044EA50	57				wc2-insertion
src/logic.c	00423A50	0042B6C5	00423CE0	004568E0	5	610	453				0044EB4E	FUN_0044EB4E	37				wc2-insertion
src/logic.c	00423A50	0042B6C5	00423CE0	004568E0	5	610	454				0044EBCA	ejection_sequence	272			004046A0	wc2-insertion
src/logic.c	00423A50	0042B6C5	00423CE0	004568E0	5	610	455				0044F010	OpenPacketSection	135			0042D730	wc2-insertion
src/logic.c	00423A50	0042B6C5	00423CE0	004568E0	5	610	456				0044F1C7	CloseDataFileByHandle	15			0042D870	wc2-insertion
src/logic.c	00423A50	0042B6C5	00423CE0	004568E0	5	610	457				0044F1F0	SampleBothJoysticks	39			0040CAA0	wc2-insertion
src/logic.c	00423A50	0042B6C5	00423CE0	004568E0	5	610	458				0044F247	FUN_0044F247	41				wc2-insertion
src/logic.c	00423A50	0042B6C5	00423CE0	004568E0	5	610	459				0044F2B8	FUN_0044F2B8	12				wc2-insertion
src/logic.c	00423A50	0042B6C5	00423CE0	004568E0	5	610	460				0044F2CD	FUN_0044F2CD	19				wc2-insertion
src/logic.c	00423A50	0042B6C5	00423CE0	004568E0	5	610	461				0044F300	FUN_0044F300	11				wc2-insertion
src/logic.c	00423A50	0042B6C5	00423CE0	004568E0	5	610	462				0044F310	FUN_0044F310	12				wc2-insertion
src/logic.c	00423A50	0042B6C5	00423CE0	004568E0	5	610	463				0044F322	FUN_0044F322	11				wc2-insertion
src/logic.c	00423A50	0042B6C5	00423CE0	004568E0	5	610	464				0044F332	SetAwakenBarracksMenuLabel	41			0041B110	wc2-insertion
src/logic.c	00423A50	0042B6C5	00423CE0	004568E0	5	610	465				0044F3A4	FUN_0044F3A4	22				wc2-insertion
src/logic.c	00423A50	0042B6C5	00423CE0	004568E0	5	610	466				0044F52E	FUN_0044F52E	35				wc2-insertion
src/logic.c	00423A50	0042B6C5	00423CE0	004568E0	5	610	467				0044F581	FUN_0044F581	12				wc2-insertion
src/logic.c	00423A50	0042B6C5	00423CE0	004568E0	5	610	468				0044F5B1	FUN_0044F5B1	11				wc2-insertion
src/logic.c	00423A50	0042B6C5	00423CE0	004568E0	5	610	469				0044F5C5	FUN_0044F5C5	13				wc2-insertion
src/logic.c	00423A50	0042B6C5	00423CE0	004568E0	5	610	470				0044F84F	FUN_0044F84F	132				wc2-insertion
src/logic.c	00423A50	0042B6C5	00423CE0	004568E0	5	610	471				0044FA31	FUN_0044FA31	19				wc2-insertion
src/logic.c	00423A50	0042B6C5	00423CE0	004568E0	5	610	472				0044FA70	DrawNavTextLine	36			0040CB60	wc2-insertion
src/logic.c	00423A50	0042B6C5	00423CE0	004568E0	5	610	473				0044FADA	SetNavMapCoordinateScaling	12			0040CBB0	wc2-insertion
src/logic.c	00423A50	0042B6C5	00423CE0	004568E0	5	610	474				0044FAEF	ScaleNavMapMarkerSize	20			0040CBC0	wc2-insertion
src/logic.c	00423A50	0042B6C5	00423CE0	004568E0	5	610	475				0044FB19	ScaleNavMapCoordinates	29			0040CBE0	wc2-insertion
src/logic.c	00423A50	0042B6C5	00423CE0	004568E0	5	610	476				0044FB68	nav_getxy	39			0040CC30	wc2-insertion
src/logic.c	00423A50	0042B6C5	00423CE0	004568E0	5	610	477				0044FBC8	CheckPoint	38			0040CC80	wc2-insertion
src/logic.c	00423A50	0042B6C5	00423CE0	004568E0	5	610	478				0044FC37	IncludeNavMapWorldPoint	27			0040CCF0	wc2-insertion
src/logic.c	00423A50	0042B6C5	00423CE0	004568E0	5	610	479				0044FC6D	SetScale	158			0040CD30	wc2-insertion
src/logic.c	00423A50	0042B6C5	00423CE0	004568E0	5	610	480				0044FE9F	Build_objective_list	167			0040CED0	wc2-insertion
src/logic.c	00423A50	0042B6C5	00423CE0	004568E0	5	610	481				00450136	FUN_00450136	34				wc2-insertion
src/logic.c	00423A50	0042B6C5	00423CE0	004568E0	5	610	482				004501B2	NavMapLabelFits	30			0040D0E0	wc2-insertion
src/logic.c	00423A50	0042B6C5	00423CE0	004568E0	5	610	483				00450210	NavMapLabelPositionAvailable	81			0040D120	wc2-insertion
src/logic.c	00423A50	0042B6C5	00423CE0	004568E0	5	610	484				00450329	ResetNavMapReservedAreas	11			0040D1D0	wc2-insertion
src/logic.c	00423A50	0042B6C5	00423CE0	004568E0	5	610	485				0045033D	ReserveNavMapArea	27			0040D1E0	wc2-insertion
src/logic.c	00423A50	0042B6C5	00423CE0	004568E0	5	610	486				004503A7	ResetNavMapLabels	11			0040D240	wc2-insertion
src/logic.c	00423A50	0042B6C5	00423CE0	004568E0	5	610	487				004503BB	TryPlaceNavMapLabel	50			0040D250	wc2-insertion
src/logic.c	00423A50	0042B6C5	00423CE0	004568E0	5	610	488				00450458	PlaceNavMapLabel	152			0040D2C0	wc2-insertion
src/logic.c	00423A50	0042B6C5	00423CE0	004568E0	5	610	489				00450623	FUN_00450623	55				wc2-insertion
src/logic.c	00423A50	0042B6C5	00423CE0	004568E0	5	610	490				004506F8	AddUniqueObjectiveNavLabel	73			0040D410	wc2-insertion
src/logic.c	00423A50	0042B6C5	00423CE0	004568E0	5	610	491				004507DA	IsPointInNavMapLabel	46			0040D490	wc2-insertion
src/logic.c	00423A50	0042B6C5	00423CE0	004568E0	5	610	492				0045087F	DrawNavMapLabels	38			0040D540	wc2-insertion
src/logic.c	00423A50	0042B6C5	00423CE0	004568E0	5	610	493				00450900	DrawNavRectangleMarker	80			0040D5A0	wc2-insertion
src/logic.c	00423A50	0042B6C5	00423CE0	004568E0	5	610	494				004509C9	DrawNavSquareOutline	32			0040D640	wc2-insertion
src/logic.c	00423A50	0042B6C5	00423CE0	004568E0	5	610	495				00450A12	DrawNavSquareMarker	94			0040D680	wc2-insertion
src/logic.c	00423A50	0042B6C5	00423CE0	004568E0	5	610	496				00450B03	DrawNavTriangleOutline	72			0040D740	wc2-insertion
src/logic.c	00423A50	0042B6C5	00423CE0	004568E0	5	610	497				00450BBA	DrawNavTriangleMarker	46			0040D7D0	wc2-insertion
src/logic.c	00423A50	0042B6C5	00423CE0	004568E0	5	610	498				00450C2A	DrawNavCrossMarker	78			0040D830	wc2-insertion
src/logic.c	00423A50	0042B6C5	00423CE0	004568E0	5	610	499				00450CF8	FUN_00450CF8	66				wc2-insertion
src/logic.c	00423A50	0042B6C5	00423CE0	004568E0	5	610	500				00450DF6	SetScreenClipRect	21			0040D8C0	wc2-insertion
src/logic.c	00423A50	0042B6C5	00423CE0	004568E0	5	610	501				00450E1E	DrawNavHazardMarker	55			0040D8F0	wc2-insertion
src/logic.c	00423A50	0042B6C5	00423CE0	004568E0	5	610	502				00450E98	DrawNavPlayerMarker	53			0040D980	wc2-insertion
src/logic.c	00423A50	0042B6C5	00423CE0	004568E0	5	610	503				00450F1E	FUN_00450F1E	73				wc2-insertion
src/logic.c	00423A50	0042B6C5	00423CE0	004568E0	5	610	504				00450FE2	BuildMap	391			0040DA00	wc2-insertion
src/logic.c	00423A50	0042B6C5	00423CE0	004568E0	5	610	505				0045153A	UpdateInflightNavText	70			0040DDA0	wc2-insertion
src/logic.c	00423A50	0042B6C5	00423CE0	004568E0	5	610	506				00451637	FormatNavCoordinates	24			0040DE70	wc2-insertion
src/logic.c	00423A50	0042B6C5	00423CE0	004568E0	5	610	507				00451673	DrawSelectedNavLegendEntry	27			0040DEA0	wc2-insertion
src/logic.c	00423A50	0042B6C5	00423CE0	004568E0	5	610	508				004516C0	DrawNavMapLegend	48			0040DEE0	wc2-insertion
src/logic.c	00423A50	0042B6C5	00423CE0	004568E0	5	610	509				00451756	nav_note	55			0040DF50	wc2-insertion
src/logic.c	00423A50	0042B6C5	00423CE0	004568E0	5	610	510				0045180F	DrawNavLocationReadout	188			0040DF70	wc2-insertion
src/logic.c	00423A50	0042B6C5	00423CE0	004568E0	5	610	511				00451AD3	BriefingMap_LoadShapes	47			0040E190	wc2-insertion
src/logic.c	00423A50	0042B6C5	00423CE0	004568E0	5	610	512				00451B70	BriefingMap_DisplayMap	61			0040E210	wc2-insertion
src/logic.c	00423A50	0042B6C5	00423CE0	004568E0	5	610	513				00451C5C	SelectNavObjectiveAtPoint	107			0040E2B0	wc2-insertion
src/logic.c	00423A50	0042B6C5	00423CE0	004568E0	5	610	514				00451DDB	CentreMouseOnCurrentNavObjective	41			0040E3C0	wc2-insertion
src/logic.c	00423A50	0042B6C5	00423CE0	004568E0	5	610	515				00451E57	ShowConfedNavScan	36			0040E430	wc2-insertion
src/logic.c	00423A50	0042B6C5	00423CE0	004568E0	5	610	516				00451EC9	FUN_00451EC9	55				wc2-insertion
src/logic.c	00423A50	0042B6C5	00423CE0	004568E0	5	610	517				00451FAA	InflightComputer	303			0040E480	wc2-insertion
src/logic.c	00423A50	0042B6C5	00423CE0	004568E0	5	610	518				00452450	FUN_00452450	325				wc2-insertion
src/logic.c	00423A50	0042B6C5	00423CE0	004568E0	5	610	519				00452930	FUN_00452930	59				wc2-insertion
src/logic.c	00423A50	0042B6C5	00423CE0	004568E0	5	610	520				00452A00	StopMusicStream	11				wc2-insertion
src/logic.c	00423A50	0042B6C5	00423CE0	004568E0	5	610	521				00452A10	SetMusBreakpt	10			0042E380	wc2-insertion
src/logic.c	00423A50	0042B6C5	00423CE0	004568E0	5	610	522				00452A1B	FUN_00452A1B	10				wc2-insertion
src/logic.c	00423A50	0042B6C5	00423CE0	004568E0	5	610	523				00452A26	StopMusic	12			0042E350	wc2-insertion
src/logic.c	00423A50	0042B6C5	00423CE0	004568E0	5	610	524				00452A40	FUN_00452A40	17				wc2-insertion
src/logic.c	00423A50	0042B6C5	00423CE0	004568E0	5	610	525				00452A64	FUN_00452A64	23				wc2-insertion
src/logic.c	00423A50	0042B6C5	00423CE0	004568E0	5	610	526				00452A99	PaletteFadeHook	12			0042E390	wc2-insertion
src/logic.c	00423A50	0042B6C5	00423CE0	004568E0	5	610	527				00452AAB	FlushSoundEffect	14			0042E3A0	wc2-insertion
src/logic.c	00423A50	0042B6C5	00423CE0	004568E0	5	610	528				00452AC8	FlushSoundEffects	14			0042E3C0	wc2-insertion
src/logic.c	00423A50	0042B6C5	00423CE0	004568E0	5	610	529				00452AE5	FadeMusic	10			0042E320	wc2-insertion
src/logic.c	00423A50	0042B6C5	00423CE0	004568E0	5	610	530				00452AF0	SceneLeaveHook	12			0042E3E0	wc2-insertion
src/logic.c	00423A50	0042B6C5	00423CE0	004568E0	5	610	531				00452B03	ProcessMusicScriptCommand	128			0042E6F0	wc2-insertion
src/logic.c	00423A50	0042B6C5	00423CE0	004568E0	5	610	532				00452CF4	spacetrack	24			0042E880	wc2-insertion
src/logic.c	00423A50	0042B6C5	00423CE0	004568E0	5	610	533				00452D32	StopMusicUnlessSuppressed	19			0042E8B0	wc2-insertion
src/logic.c	00423A50	0042B6C5	00423CE0	004568E0	5	610	534				00452D66	IsMusicTrackComplete	23			0042E8D0	wc2-insertion
src/logic.c	00423A50	0042B6C5	00423CE0	004568E0	5	610	535				00452DB0	wait_for_end_of_music	42			0042E900	wc2-insertion
src/logic.c	00423A50	0042B6C5	00423CE0	004568E0	5	610	536				00452E46	new_space_music_changes	91			0042E9E0	wc2-insertion
src/logic.c	00423A50	0042B6C5	00423CE0	004568E0	5	610	537				00452F90	changetrack	53			0042EAD0	wc2-insertion
src/logic.c	00423A50	0042B6C5	00423CE0	004568E0	5	610	538				00453085	gametrack	104			0042EB60	wc2-insertion
src/logic.c	00423A50	0042B6C5	00423CE0	004568E0	5	610	539				00453240	servicetrack	142			0042ECB0	wc2-insertion
src/logic.c	00423A50	0042B6C5	00423CE0	004568E0	5	610	540				00453496	ResetSoundState	13			0042EE80	wc2-insertion
src/logic.c	00423A50	0042B6C5	00423CE0	004568E0	5	610	541				004534BA	ResetSoundStateForScene	12			0042EEA0	wc2-insertion
src/logic.c	00423A50	0042B6C5	00423CE0	004568E0	5	610	542				004534D3	ResetSoundStateForFlight	12			0042EEB0	wc2-insertion
src/logic.c	00423A50	0042B6C5	00423CE0	004568E0	5	610	543				004534F1	FUN_004534F1	10				wc2-insertion
src/logic.c	00423A50	0042B6C5	00423CE0	004568E0	5	610	544				004534FC	EnableMusicForScene	14			0042EEE0	wc2-insertion
src/logic.c	00423A50	0042B6C5	00423CE0	004568E0	5	610	545				0045351A	LogUnknownSoundEffect	16				wc2-insertion
src/logic.c	00423A50	0042B6C5	00423CE0	004568E0	5	610	546				0045357E	FlushSoundEffectsAndLog	16			0042EF10	wc2-insertion
src/logic.c	00423A50	0042B6C5	00423CE0	004568E0	5	610	547				004535BB	sound_effect	19			0042EF20	wc2-insertion
src/logic.c	00423A50	0042B6C5	00423CE0	004568E0	5	610	548				0045373B	PlaySfxWaveFileByNumber	64			0042EF30	wc2-insertion
src/logic.c	00423A50	0042B6C5	00423CE0	004568E0	5	610	549				00453820	FadeViewportPaletteToColour	179			0042A700	wc2-insertion
src/logic.c	00423A50	0042B6C5	00423CE0	004568E0	5	610	550				00453A70	GetPacketSize	56			0042F810	wc2-insertion
src/logic.c	00423A50	0042B6C5	00423CE0	004568E0	5	610	551				00453B30	MeasureTextPixelWidthClamped	52			00418080	wc2-insertion
src/logic.c	00423A50	0042B6C5	00423CE0	004568E0	5	610	552				00453BD0	FUN_00453BD0	58				wc2-insertion
src/logic.c	00423A50	0042B6C5	00423CE0	004568E0	5	610	553				00453C80	FUN_00453C80	12				wc2-insertion
src/logic.c	00423A50	0042B6C5	00423CE0	004568E0	5	610	554				00453C95	CheckLauncherAndConfig	94			00401D10	wc2-insertion
src/logic.c	00423A50	0042B6C5	00423CE0	004568E0	5	610	555				00453E60	WinMain	169			00401E30	wc2-insertion
src/logic.c	00423A50	0042B6C5	00423CE0	004568E0	5	610	556				00454103	ShutdownGameWindow	41			00402070	wc2-insertion
src/logic.c	00423A50	0042B6C5	00423CE0	004568E0	5	610	557				0045418B	ShowNoticeMessageBox	21			004020E0	wc2-insertion
src/logic.c	00423A50	0042B6C5	00423CE0	004568E0	5	610	558				004541BD	FUN_004541BD	37				wc2-insertion
src/logic.c	00423A50	0042B6C5	00423CE0	004568E0	5	610	559				0045422D	AbortToDesktop	41			00402110	wc2-insertion
src/logic.c	00423A50	0042B6C5	00423CE0	004568E0	5	610	560				004542B7	CreateMainWindow	108			00402180	wc2-insertion
src/logic.c	00423A50	0042B6C5	00423CE0	004568E0	5	610	561				0045445A	PumpWindowMessages	114			00402320	wc2-insertion
src/logic.c	00423A50	0042B6C5	00423CE0	004568E0	5	610	562				00454625	MainWindowProc	561			00402530	wc2-insertion
src/logic.c	00423A50	0042B6C5	00423CE0	004568E0	5	610	563				004551E7	FUN_004551E7	88			00402A20	wc2-insertion
src/logic.c	00423A50	0042B6C5	00423CE0	004568E0	5	610	564				00455346	GetJoystickButtons	17			00402AC0	wc2-insertion
src/logic.c	00423A50	0042B6C5	00423CE0	004568E0	5	610	565				0045536F	FUN_0045536F	52			00402AE0	wc2-insertion
src/logic.c	00423A50	0042B6C5	00423CE0	004568E0	5	610	566				00455427	GetApplicationInstance	12			00402B80	wc2-insertion
src/logic.c	00423A50	0042B6C5	00423CE0	004568E0	5	610	567				0045543C	GetMainWindowHandle	12			00402B90	wc2-insertion
src/logic.c	00423A50	0042B6C5	00423CE0	004568E0	5	610	568				00455451	GetMainWindowDeviceContext	12			00402BA0	wc2-insertion
src/logic.c	00423A50	0042B6C5	00423CE0	004568E0	5	610	569				00455466	AllocateGuardedMemory	73			00402BB0	wc2-insertion
src/logic.c	00423A50	0042B6C5	00423CE0	004568E0	5	610	570				00455565	ReportHeapGuardCorruption	52			00402CA0	wc2-insertion
src/logic.c	00423A50	0042B6C5	00423CE0	004568E0	5	610	571				00455624	CheckAllGuardedAllocations	10			00402D40	wc2-insertion
src/logic.c	00423A50	0042B6C5	00423CE0	004568E0	5	610	572				0045562F	IsFreedHeapBlockTracked	34				wc2-insertion
src/logic.c	00423A50	0042B6C5	00423CE0	004568E0	5	610	573				00455697	FUN_00455697	38				wc2-insertion
src/logic.c	00423A50	0042B6C5	00423CE0	004568E0	5	610	574				00455715	TrackFreedHeapBlock	33				wc2-insertion
src/logic.c	00423A50	0042B6C5	00423CE0	004568E0	5	610	575				00455787	FUN_00455787	52				wc2-insertion
src/logic.c	00423A50	0042B6C5	00423CE0	004568E0	5	610	576				00455836	FUN_00455836	27				wc2-insertion
src/logic.c	00423A50	0042B6C5	00423CE0	004568E0	5	610	577				00455882	FUN_00455882	133				wc2-insertion
src/logic.c	00423A50	0042B6C5	00423CE0	004568E0	5	610	578				00455A85	SetMousePosition	15			00402E80	wc2-insertion
src/logic.c	00423A50	0042B6C5	00423CE0	004568E0	5	610	579				00455A9E	FUN_00455A9E	17				wc2-insertion
src/logic.c	00423A50	0042B6C5	00423CE0	004568E0	5	610	580				00455AC8	PollKeyboardState	129			00402EA0	wc2-insertion
src/logic.c	00423A50	0042B6C5	00423CE0	004568E0	5	610	581				00455D2D	FUN_00455D2D	14				wc2-insertion
src/logic.c	00423A50	0042B6C5	00423CE0	004568E0	5	610	582				00455D48	FUN_00455D48	14				wc2-insertion
src/logic.c	00423A50	0042B6C5	00423CE0	004568E0	5	610	583				00455D63	FUN_00455D63	14				wc2-insertion
src/logic.c	00423A50	0042B6C5	00423CE0	004568E0	5	610	584				00455D7E	FUN_00455D7E	14				wc2-insertion
src/logic.c	00423A50	0042B6C5	00423CE0	004568E0	5	610	585				00455D99	FUN_00455D99	14				wc2-insertion
src/logic.c	00423A50	0042B6C5	00423CE0	004568E0	5	610	586				00455DB4	FUN_00455DB4	14				wc2-insertion
src/logic.c	00423A50	0042B6C5	00423CE0	004568E0	5	610	587				00455DCF	FUN_00455DCF	14				wc2-insertion
src/logic.c	00423A50	0042B6C5	00423CE0	004568E0	5	610	588				00455DEA	FUN_00455DEA	14				wc2-insertion
src/logic.c	00423A50	0042B6C5	00423CE0	004568E0	5	610	589				00455E05	FUN_00455E05	14				wc2-insertion
src/logic.c	00423A50	0042B6C5	00423CE0	004568E0	5	610	590				00455E23	FUN_00455E23	14				wc2-insertion
src/logic.c	00423A50	0042B6C5	00423CE0	004568E0	5	610	591				00455E3E	FUN_00455E3E	14				wc2-insertion
src/logic.c	00423A50	0042B6C5	00423CE0	004568E0	5	610	592				00455E59	FUN_00455E59	14				wc2-insertion
src/logic.c	00423A50	0042B6C5	00423CE0	004568E0	5	610	593				00455E74	FUN_00455E74	14				wc2-insertion
src/logic.c	00423A50	0042B6C5	00423CE0	004568E0	5	610	594				00455E8F	GetShiftKeyState	14			00403060	wc2-insertion
src/logic.c	00423A50	0042B6C5	00423CE0	004568E0	5	610	595				00455EAA	GetKeyboardModifiers	12			00403080	wc2-insertion
src/logic.c	00423A50	0042B6C5	00423CE0	004568E0	5	610	596				00455EBF	GetControlKeyState	14			00403070	wc2-insertion
src/logic.c	00423A50	0042B6C5	00423CE0	004568E0	5	610	597				00455EDA	FUN_00455EDA	14				wc2-insertion
src/logic.c	00423A50	0042B6C5	00423CE0	004568E0	5	610	598				00455EF5	GetGameClockTicks	19			00403090	wc2-insertion
src/logic.c	00423A50	0042B6C5	00423CE0	004568E0	5	610	599				00455F23	InitGameClockEpoch	19			004030B0	wc2-insertion
src/logic.c	00423A50	0042B6C5	00423CE0	004568E0	5	610	600				00455F59	WriteDebugString	36			004030D0	wc2-insertion
src/logic.c	00423A50	0042B6C5	00423CE0	004568E0	5	610	601				00455FD3	FUN_00455FD3	16				wc2-insertion
src/logic.c	00423A50	0042B6C5	00423CE0	004568E0	5	610	602				00455FF1	FUN_00455FF1	69				wc2-insertion
src/logic.c	00423A50	0042B6C5	00423CE0	004568E0	5	610	603				004560C0	FUN_004560C0	35				wc2-insertion
src/logic.c	00423A50	0042B6C5	00423CE0	004568E0	5	610	604				00456123	LocateStreamsDirOnDisc	68			004031C0	wc2-insertion
src/logic.c	00423A50	0042B6C5	00423CE0	004568E0	5	610	605				00456236	FindCdRomDriveByVolumeLabel	108			00403290	wc2-insertion
src/logic.c	00423A50	0042B6C5	00423CE0	004568E0	5	610	606				004563A3	SetCurrentDirOnDrive	36			004033E0	wc2-insertion
src/logic.c	00423A50	0042B6C5	00423CE0	004568E0	5	610	607				0045641B	TakeInputPressCount	16				wc2-insertion
src/logic.c	00423A50	0042B6C5	00423CE0	004568E0	5	610	608				00456443	PromptInsertCorrectCd	48			00403450	wc2-insertion
src/logic.c	00423A50	0042B6C5	00423CE0	004568E0	5	610	609				004564F0	FUN_004564F0	31				wc2-insertion
src/logic.c	00423A50	0042B6C5	00423CE0	004568E0	5	610	610				0045655D	FUN_0045655D	190				wc2-insertion
src/logic.c	00423E10	00456A68	004242D0	00457434	1	1	1	00423E90	initialize_cockpit	304	00456B1A	initialize_cockpit	558	00456B1A	53.15	00423E90	confirmed-order
src/logic.c	004244E0	00457720	00424A80	00458467	2	2	1	004245B0	InitializeCockpitResources	266	004577D7	InitializeCockpitResources	598	004577D7	38.46	004245B0	confirmed-order
src/logic.c	004244E0	00457720	00424A80	00458467	2	2	2	004249A0	free_cockpit	55	00458196	free_cockpit	178	00458196	35.03	004249A0	confirmed-order
src/logic.c	00424C80	00458806	00424CF0	00469B49	1	331	1	00424CE0	PreloadMusicTrackHook	2	0045887B	FUN_0045887B	42	00469AD0	84.62		unequal-gap-position
src/logic.c	00424C80	00458806	00424CF0	00469B49	1	331	2				0045890E	FUN_0045890E	47				wc2-insertion
src/logic.c	00424C80	00458806	00424CF0	00469B49	1	331	3				004589D0	FUN_004589D0	60				wc2-insertion
src/logic.c	00424C80	00458806	00424CF0	00469B49	1	331	4				00458A90	FUN_00458A90	83				wc2-insertion
src/logic.c	00424C80	00458806	00424CF0	00469B49	1	331	5				00458B8C	FUN_00458B8C	79				wc2-insertion
src/logic.c	00424C80	00458806	00424CF0	00469B49	1	331	6				00458C81	FUN_00458C81	95				wc2-insertion
src/logic.c	00424C80	00458806	00424CF0	00469B49	1	331	7				00458D94	FUN_00458D94	44				wc2-insertion
src/logic.c	00424C80	00458806	00424CF0	00469B49	1	331	8				00458E10	FUN_00458E10	11				wc2-insertion
src/logic.c	00424C80	00458806	00424CF0	00469B49	1	331	9				00458E20	IsSoundHardwarePresent	13			0042F940	wc2-insertion
src/logic.c	00424C80	00458806	00424CF0	00469B49	1	331	10				00458E39	MessagePumpHook	11			0042F950	wc2-insertion
src/logic.c	00424C80	00458806	00424CF0	00469B49	1	331	11				00458E49	PushMemoryStackFrame	45			0042F960	wc2-insertion
src/logic.c	00424C80	00458806	00424CF0	00469B49	1	331	12				00458EED	IsPushedPacketHandle	31			0042F9E0	wc2-insertion
src/logic.c	00424C80	00458806	00424CF0	00469B49	1	331	13				00458F5A	MapPacketHandleToBlock	50			0042FA20	wc2-insertion
src/logic.c	00424C80	00458806	00424CF0	00469B49	1	331	14				0045901D	AllocateTaggedMemory	37			0042FA90	wc2-insertion
src/logic.c	00424C80	00458806	00424CF0	00469B49	1	331	15				00459082	ReleasePacketHandle	48			0042FAE0	wc2-insertion
src/logic.c	00424C80	00458806	00424CF0	00469B49	1	331	16				00459134	GetAvailableFarMemoryByType	12			0042FB20	wc2-insertion
src/logic.c	00424C80	00458806	00424CF0	00469B49	1	331	17				00459149	GetLargestFreeMemoryBlockByType	12			0042FB30	wc2-insertion
src/logic.c	00424C80	00458806	00424CF0	00469B49	1	331	18				00459160	FUN_00459160	76			0042B9A0	wc2-insertion
src/logic.c	00424C80	00458806	00424CF0	00469B49	1	331	19				0045924D	FUN_0045924D	26				wc2-insertion
src/logic.c	00424C80	00458806	00424CF0	00469B49	1	331	20				00459294	FUN_00459294	38				wc2-insertion
src/logic.c	00424C80	00458806	00424CF0	00469B49	1	331	21				0045930A	FUN_0045930A	23				wc2-insertion
src/logic.c	00424C80	00458806	00424CF0	00469B49	1	331	22				00459348	ClearTextInputCharacter	49			00426140	wc2-insertion
src/logic.c	00424C80	00458806	00424CF0	00469B49	1	331	23				004593D6	InitializeModalTextPanel	118			0041A9D0	wc2-insertion
src/logic.c	00424C80	00458806	00424CF0	00469B49	1	331	24				00459527	DrawModalTextPanel	48			0041AAE0	wc2-insertion
src/logic.c	00424C80	00458806	00424CF0	00469B49	1	331	25				004595AA	RestoreModalTextPanel	28			0041AB60	wc2-insertion
src/logic.c	00424C80	00458806	00424CF0	00469B49	1	331	26				004595EF	ShowModalTextPanel	124			0041AB90	wc2-insertion
src/logic.c	00424C80	00458806	00424CF0	00469B49	1	331	27				0045979B	ReleaseModalTextPanel	23			0041AD10	wc2-insertion
src/logic.c	00424C80	00458806	00424CF0	00469B49	1	331	28				004597E3	FUN_004597E3	263			00426200	wc2-insertion
src/logic.c	00424C80	00458806	00424CF0	00469B49	1	331	29				00459BC8	LoadPaletteTripletsFile	43			00404610	wc2-insertion
src/logic.c	00424C80	00458806	00424CF0	00469B49	1	331	30				00459C4D	ShowChalkBoard	81			00440510	wc2-insertion
src/logic.c	00424C80	00458806	00424CF0	00469B49	1	331	31				00459D74	funeral_sequence	153			00408DE0	wc2-insertion
src/logic.c	00424C80	00458806	00424CF0	00469B49	1	331	32				0045A010	OpenDataFileOrDie	22			004034D0	wc2-insertion
src/logic.c	00424C80	00458806	00424CF0	00469B49	1	331	33				0045A04A	CloseDataFile	16			00403500	wc2-insertion
src/logic.c	00424C80	00458806	00424CF0	00469B49	1	331	34				0045A06C	WriteDataFileAtOffset	58			00403520	wc2-insertion
src/logic.c	00424C80	00458806	00424CF0	00469B49	1	331	35				0045A12D	CreateDataFile	35			004035C0	wc2-insertion
src/logic.c	00424C80	00458806	00424CF0	00469B49	1	331	36				0045A19B	ReadDataFileAtOffset	58			00403610	wc2-insertion
src/logic.c	00424C80	00458806	00424CF0	00469B49	1	331	37				0045A259	SeekDataFile	35			004036B0	wc2-insertion
src/logic.c	00424C80	00458806	00424CF0	00469B49	1	331	38				0045A2C0	InitializeFireworks	21			0042D270	wc2-insertion
src/logic.c	00424C80	00458806	00424CF0	00469B49	1	331	39				0045A300	TheEndFireWorks	85			0042D2A0	wc2-insertion
src/logic.c	00424C80	00458806	00424CF0	00469B49	1	331	40				0045A441	InitializeConstellationField	102			0042D390	wc2-insertion
src/logic.c	00424C80	00458806	00424CF0	00469B49	1	331	41				0045A5C7	FUN_0045A5C7	34				wc2-insertion
src/logic.c	00424C80	00458806	00424CF0	00469B49	1	331	42				0045A634	DrawConstellationField	394			0042D500	wc2-insertion
src/logic.c	00424C80	00458806	00424CF0	00469B49	1	331	43				0045AC50	DebugOverlayConsole::DebugOverlayConsole	158			0041C760	wc2-insertion
src/logic.c	00424C80	00458806	00424CF0	00469B49	1	331	44				0045AE6C	FUN_0045AE6C	36				wc2-insertion
src/logic.c	00424C80	00458806	00424CF0	00469B49	1	331	45				0045AEE4	DebugOverlayWorkerProc	95			0041C960	wc2-insertion
src/logic.c	00424C80	00458806	00424CF0	00469B49	1	331	46				0045B04E	FUN_0045B04E	38				wc2-insertion
src/logic.c	00424C80	00458806	00424CF0	00469B49	1	331	47				0045B0BB	DebugOverlayPrintf	146			0041CAB0	wc2-insertion
src/logic.c	00424C80	00458806	00424CF0	00469B49	1	331	48				0045B2E0	DebugOverlayConsole::Clear	39			0041CC00	wc2-insertion
src/logic.c	00424C80	00458806	00424CF0	00469B49	1	331	49				0045B348	DebugOverlayConsole::Scroll	57			0041CC50	wc2-insertion
src/logic.c	00424C80	00458806	00424CF0	00469B49	1	331	50				0045B3DC	DebugOverlayConsole::DrawPendingLines	64			0041CCC0	wc2-insertion
src/logic.c	00424C80	00458806	00424CF0	00469B49	1	331	51				0045B49C	DebugOverlayConsole::WaitForKey	55			0041CD40	wc2-insertion
src/logic.c	00424C80	00458806	00424CF0	00469B49	1	331	52				0045B55C	DebugOverlayConsole::DisableReverseVideo	41			0041CF50	wc2-insertion
src/logic.c	00424C80	00458806	00424CF0	00469B49	1	331	53				0045B5D8	DebugOverlayConsole::EnableReverseVideo	41			0041CF00	wc2-insertion
src/logic.c	00424C80	00458806	00424CF0	00469B49	1	331	54				0045B654	DebugOverlayConsole::SetOverlayTextColor	38			0041CFA0	wc2-insertion
src/logic.c	00424C80	00458806	00424CF0	00469B49	1	331	55				0045B6BB	DebugOverlayConsole::SetOverlayBackgroundColor	38			0041CFF0	wc2-insertion
src/logic.c	00424C80	00458806	00424CF0	00469B49	1	331	56				0045B722	DebugOverlayConsole::SetTransparentBackground	32			0041D040	wc2-insertion
src/logic.c	00424C80	00458806	00424CF0	00469B49	1	331	57				0045B77A	FUN_0045B77A	32				wc2-insertion
src/logic.c	00424C80	00458806	00424CF0	00469B49	1	331	58				0045B7E0	FUN_0045B7E0	17				wc2-insertion
src/logic.c	00424C80	00458806	00424CF0	00469B49	1	331	59				0045B810	LoadGamePaletteFile	63			004219C0	wc2-insertion
src/logic.c	00424C80	00458806	00424CF0	00469B49	1	331	60				0045B905	EMShutDown	14			00421A40	wc2-insertion
src/logic.c	00424C80	00458806	00424CF0	00469B49	1	331	61				0045B924	EMStartUp	46			00421AB0	wc2-insertion
src/logic.c	00424C80	00458806	00424CF0	00469B49	1	331	62				0045B9D3	LoadOriginFxDrivers	301			00421B10	wc2-insertion
src/logic.c	00424C80	00458806	00424CF0	00469B49	1	331	63				0045BF30	FUN_0045BF30	49				wc2-insertion
src/logic.c	00424C80	00458806	00424CF0	00469B49	1	331	64				0045C04B	FUN_0045C04B	22				wc2-insertion
src/logic.c	00424C80	00458806	00424CF0	00469B49	1	331	65				0045C088	InitializeGameTextContexts	42			00421D80	wc2-insertion
src/logic.c	00424C80	00458806	00424CF0	00469B49	1	331	66				0045C128	InitializeRoomViewports	33			0043F810	wc2-insertion
src/logic.c	00424C80	00458806	00424CF0	00469B49	1	331	67				0045C1A1	initialize_direction_view_frame	66			00421E20	wc2-insertion
src/logic.c	00424C80	00458806	00424CF0	00469B49	1	331	68				0045C279	initialize_direction_view_frames	70			00421EF0	wc2-insertion
src/logic.c	00424C80	00458806	00424CF0	00469B49	1	331	69				0045C35C	FUN_0045C35C	41				wc2-insertion
src/logic.c	00424C80	00458806	00424CF0	00469B49	1	331	70				0045C3EF	FUN_0045C3EF	10				wc2-insertion
src/logic.c	00424C80	00458806	00424CF0	00469B49	1	331	71				0045C3FA	FUN_0045C3FA	14				wc2-insertion
src/logic.c	00424C80	00458806	00424CF0	00469B49	1	331	72				0045C419	FUN_0045C419	77				wc2-insertion
src/logic.c	00424C80	00458806	00424CF0	00469B49	1	331	73				0045C558	main	258			004274E0	wc2-insertion
src/logic.c	00424C80	00458806	00424CF0	00469B49	1	331	74				0045CA50	LogDisplayMode	20			0042E020	wc2-insertion
src/logic.c	00424C80	00458806	00424CF0	00469B49	1	331	75				0045CA80	CalcRectangleArea	30			0042E050	wc2-insertion
src/logic.c	00424C80	00458806	00424CF0	00469B49	1	331	76				0045CAD2	AllocateViewport	134			0042E090	wc2-insertion
src/logic.c	00424C80	00458806	00424CF0	00469B49	1	331	77				0045CCB0	FUN_0045CCB0	12				wc2-insertion
src/logic.c	00424C80	00458806	00424CF0	00469B49	1	331	78				0045CCC5	FUN_0045CCC5	18				wc2-insertion
src/logic.c	00424C80	00458806	00424CF0	00469B49	1	331	79				0045CCF3	FUN_0045CCF3	12				wc2-insertion
src/logic.c	00424C80	00458806	00424CF0	00469B49	1	331	80				0045CD08	FUN_0045CD08	16				wc2-insertion
src/logic.c	00424C80	00458806	00424CF0	00469B49	1	331	81				0045CD2C	ThrottleFrameAndDrawFps	88			00431F00	wc2-insertion
src/logic.c	00424C80	00458806	00424CF0	00469B49	1	331	82				0045CE9A	ReportSpaceFlightMaxFps	41			00432050	wc2-insertion
src/logic.c	00424C80	00458806	00424CF0	00469B49	1	331	83				0045CF3B	FUN_0045CF3B	18				wc2-insertion
src/logic.c	00424C80	00458806	00424CF0	00469B49	1	331	84				0045CF7F	SetSpaceFlightFrameTiming	18			004320E0	wc2-insertion
src/logic.c	00424C80	00458806	00424CF0	00469B49	1	331	85				0045CFC3	SetCinematicFrameTiming	18			00432110	wc2-insertion
src/logic.c	00424C80	00458806	00424CF0	00469B49	1	331	86				0045D004	DIBerror	81			00432140	wc2-insertion
src/logic.c	00424C80	00458806	00424CF0	00469B49	1	331	87				0045D11F	DIBpositionWindow	46			00432230	wc2-insertion
src/logic.c	00424C80	00458806	00424CF0	00469B49	1	331	88				0045D1BB	DIBreInstall	39			004322B0	wc2-insertion
src/logic.c	00424C80	00458806	00424CF0	00469B49	1	331	89				0045D23B	DIBinstall	100			00432310	wc2-insertion
src/logic.c	00424C80	00458806	00424CF0	00469B49	1	331	90				0045D3A1	DIBcascade	272			00432410	wc2-insertion
src/logic.c	00424C80	00458806	00424CF0	00469B49	1	331	91				0045D78C	DIBunInstall	38			00432680	wc2-insertion
src/logic.c	00424C80	00458806	00424CF0	00469B49	1	331	92				0045D80F	DIBmakeDIB	146			004326E0	wc2-insertion
src/logic.c	00424C80	00458806	00424CF0	00469B49	1	331	93				0045DA8C	DIBdestroyDIB	62			004328A0	wc2-insertion
src/logic.c	00424C80	00458806	00424CF0	00469B49	1	331	94				0045DB8C	MarkDibDirty	32				wc2-insertion
src/logic.c	00424C80	00458806	00424CF0	00469B49	1	331	95				0045DBFF	FUN_0045DBFF	12				wc2-insertion
src/logic.c	00424C80	00458806	00424CF0	00469B49	1	331	96				0045DC19	DIBslam	12			00432960	wc2-insertion
src/logic.c	00424C80	00458806	00424CF0	00469B49	1	331	97				0045DC33	DIBslamReal	277			00432970	wc2-insertion
src/logic.c	00424C80	00458806	00424CF0	00469B49	1	331	98				0045E060	DIBupdate	143			00432C60	wc2-insertion
src/logic.c	00424C80	00458806	00424CF0	00469B49	1	331	99				0045E276	GetDIBPixelBuffer	12			00432DE0	wc2-insertion
src/logic.c	00424C80	00458806	00424CF0	00469B49	1	331	100				0045E28B	FUN_0045E28B	11				wc2-insertion
src/logic.c	00424C80	00458806	00424CF0	00469B49	1	331	101				0045E29B	FUN_0045E29B	12				wc2-insertion
src/logic.c	00424C80	00458806	00424CF0	00469B49	1	331	102				0045E2B0	FUN_0045E2B0	12				wc2-insertion
src/logic.c	00424C80	00458806	00424CF0	00469B49	1	331	103				0045E2C5	GetDIBWindowHandle	12			00432E00	wc2-insertion
src/logic.c	00424C80	00458806	00424CF0	00469B49	1	331	104				0045E2DA	CachePaletteEntryFromWords	40			00432E30	wc2-insertion
src/logic.c	00424C80	00458806	00424CF0	00469B49	1	331	105				0045E37C	DIBramPalette	52			00432EA0	wc2-insertion
src/logic.c	00424C80	00458806	00424CF0	00469B49	1	331	106				0045E46C	DIBsetPalette	112			00432F10	wc2-insertion
src/logic.c	00424C80	00458806	00424CF0	00469B49	1	331	107				0045E61C	GetPaletteEntryAsWords	23			00433020	wc2-insertion
src/logic.c	00424C80	00458806	00424CF0	00469B49	1	331	108				0045E667	DIBwholePaletteFromTriplets	95			00433060	wc2-insertion
src/logic.c	00424C80	00458806	00424CF0	00469B49	1	331	109				0045E816	DIBwholePaletteFromWords	95			00433120	wc2-insertion
src/logic.c	00424C80	00458806	00424CF0	00469B49	1	331	110				0045E9C5	DIBwaitForVerticalBlank	18			004331E0	wc2-insertion
src/logic.c	00424C80	00458806	00424CF0	00469B49	1	331	111				0045E9F0	FUN_0045E9F0	413				wc2-insertion
src/logic.c	00424C80	00458806	00424CF0	00469B49	1	331	112				0045F200	HandleFleetOverviewInput	127			00428D10	wc2-insertion
src/logic.c	00424C80	00458806	00424CF0	00469B49	1	331	113				0045F439	FUN_0045F439	245				wc2-insertion
src/logic.c	00424C80	00458806	00424CF0	00469B49	1	331	114				0045F7EC	FUN_0045F7EC	679				wc2-insertion
src/logic.c	00424C80	00458806	00424CF0	00469B49	1	331	115				004601F1	FUN_004601F1	21				wc2-insertion
src/logic.c	00424C80	00458806	00424CF0	00469B49	1	331	116				00460242	FUN_00460242	37				wc2-insertion
src/logic.c	00424C80	00458806	00424CF0	00469B49	1	331	117				004602BE	FUN_004602BE	57				wc2-insertion
src/logic.c	00424C80	00458806	00424CF0	00469B49	1	331	118				004603C5	FUN_004603C5	47				wc2-insertion
src/logic.c	00424C80	00458806	00424CF0	00469B49	1	331	119				00460498	FUN_00460498	100				wc2-insertion
src/logic.c	00424C80	00458806	00424CF0	00469B49	1	331	120				00460650	PlayScrambleHangarScene	163			004079C0	wc2-insertion
src/logic.c	00424C80	00458806	00424CF0	00469B49	1	331	121				004608E8	FUN_004608E8	155				wc2-insertion
src/logic.c	00424C80	00458806	00424CF0	00469B49	1	331	122				00460BAF	FUN_00460BAF	12				wc2-insertion
src/logic.c	00424C80	00458806	00424CF0	00469B49	1	331	123				00460BCC	FUN_00460BCC	87				wc2-insertion
src/logic.c	00424C80	00458806	00424CF0	00469B49	1	331	124				00460D3E	FUN_00460D3E	52				wc2-insertion
src/logic.c	00424C80	00458806	00424CF0	00469B49	1	331	125				00460DFE	FUN_00460DFE	199				wc2-insertion
src/logic.c	00424C80	00458806	00424CF0	00469B49	1	331	126				004610BC	FUN_004610BC	173				wc2-insertion
src/logic.c	00424C80	00458806	00424CF0	00469B49	1	331	127				004612C1	FUN_004612C1	61				wc2-insertion
src/logic.c	00424C80	00458806	00424CF0	00469B49	1	331	128				0046138D	DrawBarracksBunks	56			0041BBD0	wc2-insertion
src/logic.c	00424C80	00458806	00424CF0	00469B49	1	331	129				00461456	FUN_00461456	11				wc2-insertion
src/logic.c	00424C80	00458806	00424CF0	00469B49	1	331	130				00461466	FUN_00461466	11				wc2-insertion
src/logic.c	00424C80	00458806	00424CF0	00469B49	1	331	131				00461480	FUN_00461480	81				wc2-insertion
src/logic.c	00424C80	00458806	00424CF0	00469B49	1	331	132				004615A2	FUN_004615A2	56				wc2-insertion
src/logic.c	00424C80	00458806	00424CF0	00469B49	1	331	133				0046166D	select_new_gun	28			0042AE10	wc2-insertion
src/logic.c	00424C80	00458806	00424CF0	00469B49	1	331	134				004616B8	select_new_release_weapon	129			0042AE50	wc2-insertion
src/logic.c	00424C80	00458806	00424CF0	00469B49	1	331	135				004618E0	RandomBelow	16			00434CD0	wc2-insertion
src/logic.c	00424C80	00458806	00424CF0	00469B49	1	331	136				004618FF	SeedRandomFromClock	17			00434CF0	wc2-insertion
src/logic.c	00424C80	00458806	00424CF0	00469B49	1	331	137				00461922	GetRandomWord	15				wc2-insertion
src/logic.c	00424C80	00458806	00424CF0	00469B49	1	331	138				00461942	RandomInRange	33			00434D20	wc2-insertion
src/logic.c	00424C80	00458806	00424CF0	00469B49	1	331	139				004619A1	RandomBelowOrEqual	25			00434D50	wc2-insertion
src/logic.c	00424C80	00458806	00424CF0	00469B49	1	331	140				004619E2	MultiplyFixed	27			00434D80	wc2-insertion
src/logic.c	00424C80	00458806	00424CF0	00469B49	1	331	141				00461A2D	DivideFixed	32			00434DB0	wc2-insertion
src/logic.c	00424C80	00458806	00424CF0	00469B49	1	331	142				00461A91	SinFixed	25			00434E00	wc2-insertion
src/logic.c	00424C80	00458806	00424CF0	00469B49	1	331	143				00461AD6	CosFixed	25			00434E30	wc2-insertion
src/logic.c	00424C80	00458806	00424CF0	00469B49	1	331	144				00461B1B	ArcSin	28			00434E60	wc2-insertion
src/logic.c	00424C80	00458806	00424CF0	00469B49	1	331	145				00461B6B	ArcCos	28			00434E90	wc2-insertion
src/logic.c	00424C80	00458806	00424CF0	00469B49	1	331	146				00461BBB	Magnitude	28			00434EC0	wc2-insertion
src/logic.c	00424C80	00458806	00424CF0	00469B49	1	331	147				00461C06	PlanarMagnitude	37			00434EE0	wc2-insertion
src/logic.c	00424C80	00458806	00424CF0	00469B49	1	331	148				00461C71	Vector_magnitude	49			00434F20	wc2-insertion
src/logic.c	00424C80	00458806	00424CF0	00469B49	1	331	149				00461D02	SetTextCursor	16			00434F70	wc2-insertion
src/logic.c	00424C80	00458806	00424CF0	00469B49	1	331	150				00461D29	SetTextContext	21			00434FA0	wc2-insertion
src/logic.c	00424C80	00458806	00424CF0	00469B49	1	331	151				00461D68	WaitForVerticalBlankThunk	12			00434FB0	wc2-insertion
src/logic.c	00424C80	00458806	00424CF0	00469B49	1	331	152				00461D7D	IdentityHandle	12			00434FC0	wc2-insertion
src/logic.c	00424C80	00458806	00424CF0	00469B49	1	331	153				00461D90	SetWholePaletteFromTriplets	14			00434FD0	wc2-insertion
src/logic.c	00424C80	00458806	00424CF0	00469B49	1	331	154				00461DA7	ReadWord	13			00434FE0	wc2-insertion
src/logic.c	00424C80	00458806	00424CF0	00469B49	1	331	155				00461DBD	GetFontCharWidth	15			00434FF0	wc2-insertion
src/logic.c	00424C80	00458806	00424CF0	00469B49	1	331	156				00461DE0	FUN_00461DE0	11				wc2-insertion
src/logic.c	00424C80	00458806	00424CF0	00469B49	1	331	157				00461DF0	GetShapeFrameBounds	57			00435020	wc2-insertion
src/logic.c	00424C80	00458806	00424CF0	00469B49	1	331	158				00461E97	IsPointInRect	34			00435090	wc2-insertion
src/logic.c	00424C80	00458806	00424CF0	00469B49	1	331	159				00461EFE	SplitPackedPoint	19			004350D0	wc2-insertion
src/logic.c	00424C80	00458806	00424CF0	00469B49	1	331	160				00461F22	DrawTextString	186			004350F0	wc2-insertion
src/logic.c	00424C80	00458806	00424CF0	00469B49	1	331	161				004621D5	DrawTextCharacter	67			00435290	wc2-insertion
src/logic.c	00424C80	00458806	00424CF0	00469B49	1	331	162				004622BD	FUN_004622BD	20				wc2-insertion
src/logic.c	00424C80	00458806	00424CF0	00469B49	1	331	163				004622EE	FUN_004622EE	98				wc2-insertion
src/logic.c	00424C80	00458806	00424CF0	00469B49	1	331	164				0046243F	FUN_0046243F	12				wc2-insertion
src/logic.c	00424C80	00458806	00424CF0	00469B49	1	331	165				00462452	DosNearPtrToFar	12			00435420	wc2-insertion
src/logic.c	00424C80	00458806	00424CF0	00469B49	1	331	166				00462465	DosStrrchr	17			00435430	wc2-insertion
src/logic.c	00424C80	00458806	00424CF0	00469B49	1	331	167				00462486	DosStrchr	17			00435450	wc2-insertion
src/logic.c	00424C80	00458806	00424CF0	00469B49	1	331	168				004624A7	ix_system_configure	17			00447426	wc2-insertion
src/logic.c	00424C80	00458806	00424CF0	00469B49	1	331	169				004624C7	FUN_004624C7	23			00461AB0	wc2-insertion
src/logic.c	00424C80	00458806	00424CF0	00469B49	1	331	170				0046250B	DosStrlen	15			004354D0	wc2-insertion
src/logic.c	00424C80	00458806	00424CF0	00469B49	1	331	171				00462527	FUN_00462527	20				wc2-insertion
src/logic.c	00424C80	00458806	00424CF0	00469B49	1	331	172				00462550	FUN_00462550	20				wc2-insertion
src/logic.c	00424C80	00458806	00424CF0	00469B49	1	331	173				0046257A	FUN_0046257A	12				wc2-insertion
src/logic.c	00424C80	00458806	00424CF0	00469B49	1	331	174				0046258D	FUN_0046258D	11				wc2-insertion
src/logic.c	00424C80	00458806	00424CF0	00469B49	1	331	175				0046259D	FUN_0046259D	18				wc2-insertion
src/logic.c	00424C80	00458806	00424CF0	00469B49	1	331	176				004625CB	FUN_004625CB	16				wc2-insertion
src/logic.c	00424C80	00458806	00424CF0	00469B49	1	331	177				004625F2	FUN_004625F2	12				wc2-insertion
src/logic.c	00424C80	00458806	00424CF0	00469B49	1	331	178				00462605	FUN_00462605	11				wc2-insertion
src/logic.c	00424C80	00458806	00424CF0	00469B49	1	331	179				00462615	FUN_00462615	11				wc2-insertion
src/logic.c	00424C80	00458806	00424CF0	00469B49	1	331	180				00462625	TranslatePolledInputEvent	142			004355F0	wc2-insertion
src/logic.c	00424C80	00458806	00424CF0	00469B49	1	331	181				00462849	QueueInputEventAtCursor	30			004356A0	wc2-insertion
src/logic.c	00424C80	00458806	00424CF0	00469B49	1	331	182				00462890	AllocateInputEvent	45			004356E0	wc2-insertion
src/logic.c	00424C80	00458806	00424CF0	00469B49	1	331	183				0046294F	ReleaseInputEvent	25			00435760	wc2-insertion
src/logic.c	00424C80	00458806	00424CF0	00469B49	1	331	184				004629A7	QueueInputEvent	145			00435790	wc2-insertion
src/logic.c	00424C80	00458806	00424CF0	00469B49	1	331	185				00462C43	ReleaseInputEventQueue	29			004358B0	wc2-insertion
src/logic.c	00424C80	00458806	00424CF0	00469B49	1	331	186				00462C9C	RetainInputEventsOfType	54			004358E0	wc2-insertion
src/logic.c	00424C80	00458806	00424CF0	00469B49	1	331	187				00462D48	RemoveInputEvent	51			00435940	wc2-insertion
src/logic.c	00424C80	00458806	00424CF0	00469B49	1	331	188				00462DFC	GetNextInputEvent	265			004359C0	wc2-insertion
src/logic.c	00424C80	00458806	00424CF0	00469B49	1	331	189				0046327F	PollInputEvent	18			00435CC0	wc2-insertion
src/logic.c	00424C80	00458806	00424CF0	00469B49	1	331	190				004632A5	PeekInputEvent	94			00435CE0	wc2-insertion
src/logic.c	00424C80	00458806	00424CF0	00469B49	1	331	191				004633E7	FindQueuedInputEvent	94			00435D80	wc2-insertion
src/logic.c	00424C80	00458806	00424CF0	00469B49	1	331	192				0046354F	FlushInputEvents	15			00435DB0	wc2-insertion
src/logic.c	00424C80	00458806	00424CF0	00469B49	1	331	193				00463571	InitializeMouseCursorDepth	13			00435DC0	wc2-insertion
src/logic.c	00424C80	00458806	00424CF0	00469B49	1	331	194				0046358F	FUN_0046358F	12				wc2-insertion
src/logic.c	00424C80	00458806	00424CF0	00469B49	1	331	195				004635A3	FUN_004635A3	11				wc2-insertion
src/logic.c	00424C80	00458806	00424CF0	00469B49	1	331	196				004635B3	FUN_004635B3	11				wc2-insertion
src/logic.c	00424C80	00458806	00424CF0	00469B49	1	331	197				004635C3	FUN_004635C3	11				wc2-insertion
src/logic.c	00424C80	00458806	00424CF0	00469B49	1	331	198				004635D3	CheckCursor	11			00435DE0	wc2-insertion
src/logic.c	00424C80	00458806	00424CF0	00469B49	1	331	199				004635E3	CaptureMouseCursorBackground	63			00435E20	wc2-insertion
src/logic.c	00424C80	00458806	00424CF0	00469B49	1	331	200				004636F7	DrawMouseCursor	57			00435EF0	wc2-insertion
src/logic.c	00424C80	00458806	00424CF0	00469B49	1	331	201				004637F4	RestoreMouseCursorBackground	60			00435FA0	wc2-insertion
src/logic.c	00424C80	00458806	00424CF0	00469B49	1	331	202				004638F1	RefreshMouseCursorDisplay	30			00436060	wc2-insertion
src/logic.c	00424C80	00458806	00424CF0	00469B49	1	331	203				0046396C	ResumeMouseCursor	13			004360D0	wc2-insertion
src/logic.c	00424C80	00458806	00424CF0	00469B49	1	331	204				00463BA1	FUN_00463BA1	14				wc2-insertion
src/logic.c	00424C80	00458806	00424CF0	00469B49	1	331	205				00463E19	SuspendMouseCursor	13			004360E0	wc2-insertion
src/logic.c	00424C80	00458806	00424CF0	00469B49	1	331	206				00463EEE	SetMouseCursorShape	36			004360F0	wc2-insertion
src/logic.c	00424C80	00458806	00424CF0	00469B49	1	331	207				00463F74	SetMouseHomePosition	21			00436160	wc2-insertion
src/logic.c	00424C80	00458806	00424CF0	00469B49	1	331	208				00463FAA	ApplyPackedMousePosition	21			00436190	wc2-insertion
src/logic.c	00424C80	00458806	00424CF0	00469B49	1	331	209				00463FE0	FUN_00463FE0	17				wc2-insertion
src/logic.c	00424C80	00458806	00424CF0	00469B49	1	331	210				00464009	SetFrameTimerPeriod	14			004361E0	wc2-insertion
src/logic.c	00424C80	00458806	00424CF0	00469B49	1	331	211				00464021	SetFrameTimerAndWait	15			004361F0	wc2-insertion
src/logic.c	00424C80	00458806	00424CF0	00469B49	1	331	212				0046403D	SetFrameTimerPeriodDirect	14			00436210	wc2-insertion
src/logic.c	00424C80	00458806	00424CF0	00469B49	1	331	213				00464055	WaitForFrameTick	13			00436230	wc2-insertion
src/logic.c	00424C80	00458806	00424CF0	00469B49	1	331	214				00464072	IsFrameTickElapsed	16			00436240	wc2-insertion
src/logic.c	00424C80	00458806	00424CF0	00469B49	1	331	215				0046409B	FUN_0046409B	30				wc2-insertion
src/logic.c	00424C80	00458806	00424CF0	00469B49	1	331	216				004640E4	FUN_004640E4	11				wc2-insertion
src/logic.c	00424C80	00458806	00424CF0	00469B49	1	331	217				004640F4	FUN_004640F4	15				wc2-insertion
src/logic.c	00424C80	00458806	00424CF0	00469B49	1	331	218				00464123	FUN_00464123	16				wc2-insertion
src/logic.c	00424C80	00458806	00424CF0	00469B49	1	331	219				00464141	GetSoundHardwareFlag	12			00436260	wc2-insertion
src/logic.c	00424C80	00458806	00424CF0	00469B49	1	331	220				00464153	FUN_00464153	14				wc2-insertion
src/logic.c	00424C80	00458806	00424CF0	00469B49	1	331	221				0046416A	TimerResetHook	11			004362A0	wc2-insertion
src/logic.c	00424C80	00458806	00424CF0	00469B49	1	331	222				0046417A	GetVideoReleaseResult	12			004362B0	wc2-insertion
src/logic.c	00424C80	00458806	00424CF0	00469B49	1	331	223				0046418D	IdentityWord	12			004362C0	wc2-insertion
src/logic.c	00424C80	00458806	00424CF0	00469B49	1	331	224				004641A0	TimerStopHook	11			004362D0	wc2-insertion
src/logic.c	00424C80	00458806	00424CF0	00469B49	1	331	225				004641B0	GetAvailableFarMemory	12			004362E0	wc2-insertion
src/logic.c	00424C80	00458806	00424CF0	00469B49	1	331	226				004641C5	GetLargestFreeMemoryBlock	12			004362F0	wc2-insertion
src/logic.c	00424C80	00458806	00424CF0	00469B49	1	331	227				004641DA	FUN_004641DA	12				wc2-insertion
src/logic.c	00424C80	00458806	00424CF0	00469B49	1	331	228				004641EC	FUN_004641EC	11				wc2-insertion
src/logic.c	00424C80	00458806	00424CF0	00469B49	1	331	229				004641FC	FUN_004641FC	12				wc2-insertion
src/logic.c	00424C80	00458806	00424CF0	00469B49	1	331	230				0046420E	FUN_0046420E	12				wc2-insertion
src/logic.c	00424C80	00458806	00424CF0	00469B49	1	331	231				00464220	FUN_00464220	12				wc2-insertion
src/logic.c	00424C80	00458806	00424CF0	00469B49	1	331	232				00464233	FUN_00464233	11				wc2-insertion
src/logic.c	00424C80	00458806	00424CF0	00469B49	1	331	233				00464243	FUN_00464243	12				wc2-insertion
src/logic.c	00424C80	00458806	00424CF0	00469B49	1	331	234				00464255	FUN_00464255	12				wc2-insertion
src/logic.c	00424C80	00458806	00424CF0	00469B49	1	331	235				00464268	FUN_00464268	12				wc2-insertion
src/logic.c	00424C80	00458806	00424CF0	00469B49	1	331	236				0046427B	FUN_0046427B	11				wc2-insertion
src/logic.c	00424C80	00458806	00424CF0	00469B49	1	331	237				0046428B	ClearInputKeyStatePreservingModifiers	27			004363A0	wc2-insertion
src/logic.c	00424C80	00458806	00424CF0	00469B49	1	331	238				004642D6	ClearInputKeyState	16			004363E0	wc2-insertion
src/logic.c	00424C80	00458806	00424CF0	00469B49	1	331	239				004642FA	FUN_004642FA	11				wc2-insertion
src/logic.c	00424C80	00458806	00424CF0	00469B49	1	331	240				0046430A	FUN_0046430A	11				wc2-insertion
src/logic.c	00424C80	00458806	00424CF0	00469B49	1	331	241				0046431A	SetInputKeyState	26			00436420	wc2-insertion
src/logic.c	00424C80	00458806	00424CF0	00469B49	1	331	242				0046436E	BuildObjectDepthOrder	87			00436460	wc2-insertion
src/logic.c	00424C80	00458806	00424CF0	00469B49	1	331	243				004644DA	draw_sorted_objects_to_buffer	133			00436520	wc2-insertion
src/logic.c	00424C80	00458806	00424CF0	00469B49	1	331	244				0046470E	intro_drawbackgroundships	109			00436650	wc2-insertion
src/logic.c	00424C80	00458806	00424CF0	00469B49	1	331	245				004648C5	set_up_screen_viewport	92			00436740	wc2-insertion
src/logic.c	00424C80	00458806	00424CF0	00469B49	1	331	246				00464A5E	FUN_00464A5E	12				wc2-insertion
src/logic.c	00424C80	00458806	00424CF0	00469B49	1	331	247				00464A70	FUN_00464A70	11				wc2-insertion
src/logic.c	00424C80	00458806	00424CF0	00469B49	1	331	248				00464A80	FUN_00464A80	11				wc2-insertion
src/logic.c	00424C80	00458806	00424CF0	00469B49	1	331	249				00464A90	FUN_00464A90	11				wc2-insertion
src/logic.c	00424C80	00458806	00424CF0	00469B49	1	331	250				00464AA0	MouseIdleHook	11			004368C0	wc2-insertion
src/logic.c	00424C80	00458806	00424CF0	00469B49	1	331	251				00464AB0	GetNavRangeSentinel	12			004368E0	wc2-insertion
src/logic.c	00424C80	00458806	00424CF0	00469B49	1	331	252				00464AC4	GetOriginalFreeMemory	12			004368F0	wc2-insertion
src/logic.c	00424C80	00458806	00424CF0	00469B49	1	331	253				00464AD8	FUN_00464AD8	11				wc2-insertion
src/logic.c	00424C80	00458806	00424CF0	00469B49	1	331	254				00464AE8	StartupHook	11			00436900	wc2-insertion
src/logic.c	00424C80	00458806	00424CF0	00469B49	1	331	255				00464AF8	FUN_00464AF8	12				wc2-insertion
src/logic.c	00424C80	00458806	00424CF0	00469B49	1	331	256				00464B0B	JoystickEdgeHook	11			00436910	wc2-insertion
src/logic.c	00424C80	00458806	00424CF0	00469B49	1	331	257				00464B1B	FUN_00464B1B	16				wc2-insertion
src/logic.c	00424C80	00458806	00424CF0	00469B49	1	331	258				00464B3A	FreeIfNotNull	17			00436950	wc2-insertion
src/logic.c	00424C80	00458806	00424CF0	00469B49	1	331	259				00464B60	FUN_00464B60	12				wc2-insertion
src/logic.c	00424C80	00458806	00424CF0	00469B49	1	331	260				00464B72	FUN_00464B72	11				wc2-insertion
src/logic.c	00424C80	00458806	00424CF0	00469B49	1	331	261				00464B82	FUN_00464B82	11				wc2-insertion
src/logic.c	00424C80	00458806	00424CF0	00469B49	1	331	262				00464B92	FUN_00464B92	12				wc2-insertion
src/logic.c	00424C80	00458806	00424CF0	00469B49	1	331	263				00464BA5	FUN_00464BA5	12				wc2-insertion
src/logic.c	00424C80	00458806	00424CF0	00469B49	1	331	264				00464BB8	FUN_00464BB8	12				wc2-insertion
src/logic.c	00424C80	00458806	00424CF0	00469B49	1	331	265				00464BCB	FUN_00464BCB	11				wc2-insertion
src/logic.c	00424C80	00458806	00424CF0	00469B49	1	331	266				00464BDB	FUN_00464BDB	11				wc2-insertion
src/logic.c	00424C80	00458806	00424CF0	00469B49	1	331	267				00464BEB	FUN_00464BEB	12				wc2-insertion
src/logic.c	00424C80	00458806	00424CF0	00469B49	1	331	268				00464BFE	IsVectorWithinRange	29			00436A00	wc2-insertion
src/logic.c	00424C80	00458806	00424CF0	00469B49	1	331	269				00464C4B	FUN_00464C4B	33				wc2-insertion
src/logic.c	00424C80	00458806	00424CF0	00469B49	1	331	270				00464CA4	FUN_00464CA4	53				wc2-insertion
src/logic.c	00424C80	00458806	00424CF0	00469B49	1	331	271				00464D5F	ServiceInputDevices	45				wc2-insertion
src/logic.c	00424C80	00458806	00424CF0	00469B49	1	331	272				00464E06	SetInputViewport	13				wc2-insertion
src/logic.c	00424C80	00458806	00424CF0	00469B49	1	331	273				00464E1E	ClearInputPump	14				wc2-insertion
src/logic.c	00424C80	00458806	00424CF0	00469B49	1	331	274				00464E35	SetMenuInputPump	14				wc2-insertion
src/logic.c	00424C80	00458806	00424CF0	00469B49	1	331	275				00464E4F	ConfigureInputPump	16				wc2-insertion
src/logic.c	00424C80	00458806	00424CF0	00469B49	1	331	276				00464E73	FUN_00464E73	38				wc2-insertion
src/logic.c	00424C80	00458806	00424CF0	00469B49	1	331	277				00464EE0	FUN_00464EE0	11				wc2-insertion
src/logic.c	00424C80	00458806	00424CF0	00469B49	1	331	278				00464EF0	FUN_00464EF0	11				wc2-insertion
src/logic.c	00424C80	00458806	00424CF0	00469B49	1	331	279				00464F00	FUN_00464F00	11				wc2-insertion
src/logic.c	00424C80	00458806	00424CF0	00469B49	1	331	280				00464F10	FUN_00464F10	12				wc2-insertion
src/logic.c	00424C80	00458806	00424CF0	00469B49	1	331	281				00464F25	GetNamedPacketSize	17				wc2-insertion
src/logic.c	00424C80	00458806	00424CF0	00469B49	1	331	282				00464F45	LoadNamedPacket	25				wc2-insertion
src/logic.c	00424C80	00458806	00424CF0	00469B49	1	331	283				00464F75	FUN_00464F75	36				wc2-insertion
src/logic.c	00424C80	00458806	00424CF0	00469B49	1	331	284				00464FD7	FUN_00464FD7	11				wc2-insertion
src/logic.c	00424C80	00458806	00424CF0	00469B49	1	331	285				00464FE7	FUN_00464FE7	27				wc2-insertion
src/logic.c	00424C80	00458806	00424CF0	00469B49	1	331	286				0046502E	FUN_0046502E	11				wc2-insertion
src/logic.c	00424C80	00458806	00424CF0	00469B49	1	331	287				0046503E	FUN_0046503E	11				wc2-insertion
src/logic.c	00424C80	00458806	00424CF0	00469B49	1	331	288				0046504E	FUN_0046504E	11				wc2-insertion
src/logic.c	00424C80	00458806	00424CF0	00469B49	1	331	289				0046505E	AlignSpriteFrameToRectCorner	101			0042E1D0	wc2-insertion
src/logic.c	00424C80	00458806	00424CF0	00469B49	1	331	290				004651B7	GetViewportIntersection	291				wc2-insertion
src/logic.c	00424C80	00458806	00424CF0	00469B49	1	331	291				00465644	FUN_00465644	53				wc2-insertion
src/logic.c	00424C80	00458806	00424CF0	00469B49	1	331	292				004656CC	FUN_004656CC	15				wc2-insertion
src/logic.c	00424C80	00458806	00424CF0	00469B49	1	331	293				004656EB	FUN_004656EB	15				wc2-insertion
src/logic.c	00424C80	00458806	00424CF0	00469B49	1	331	294				0046570E	FUN_0046570E	12				wc2-insertion
src/logic.c	00424C80	00458806	00424CF0	00469B49	1	331	295				00465730	FUN_00465730	24				wc2-insertion
src/logic.c	00424C80	00458806	00424CF0	00469B49	1	331	296				00465780	FUN_00465780	14				wc2-insertion
src/logic.c	00424C80	00458806	00424CF0	00469B49	1	331	297				0046579D	LogMemoryUsage	69			004272F0	wc2-insertion
src/logic.c	00424C80	00458806	00424CF0	00469B49	1	331	298				0046589D	FUN_0046589D	29				wc2-insertion
src/logic.c	00424C80	00458806	00424CF0	00469B49	1	331	299				004658E9	FUN_004658E9	14				wc2-insertion
src/logic.c	00424C80	00458806	00424CF0	00469B49	1	331	300				00465906	FUN_00465906	12				wc2-insertion
src/logic.c	00424C80	00458806	00424CF0	00469B49	1	331	301				0046591A	GameFlow	204			0040F4B0	wc2-insertion
src/logic.c	00424C80	00458806	00424CF0	00469B49	1	331	302				00465CBC	free_view_buffer	20			004279D0	wc2-insertion
src/logic.c	00424C80	00458806	00424CF0	00469B49	1	331	303				00465CF6	initialize_view_buffer	29			00427A00	wc2-insertion
src/logic.c	00424C80	00458806	00424CF0	00469B49	1	331	304				00465D55	dump_buffer_to_screen	50			00427A40	wc2-insertion
src/logic.c	00424C80	00458806	00424CF0	00469B49	1	331	305				00465E25	SelectNextExternalViewObject	29			00428C90	wc2-insertion
src/logic.c	00424C80	00458806	00424CF0	00469B49	1	331	306				00465E88	clear_view_buffer	15			00427B00	wc2-insertion
src/logic.c	00424C80	00458806	00424CF0	00469B49	1	331	307				00465EA9	RefreshMemoryStatusOverlay	21			00427C30	wc2-insertion
src/logic.c	00424C80	00458806	00424CF0	00469B49	1	331	308				00465EE9	Update_3Space	23			00427C50	wc2-insertion
src/logic.c	00424C80	00458806	00424CF0	00469B49	1	331	309				00465F3A	TriggerPlayerHitPaletteFlash	13			00427C80	wc2-insertion
src/logic.c	00424C80	00458806	00424CF0	00469B49	1	331	310				00465F5B	FadeFlightPaletteEntry	26			00427CA0	wc2-insertion
src/logic.c	00424C80	00458806	00424CF0	00469B49	1	331	311				00465FA3	UpdateSpacePaletteFade	42			00427CD0	wc2-insertion
src/logic.c	00424C80	00458806	00424CF0	00469B49	1	331	312				0046604F	house_keep	88			00427D40	wc2-insertion
src/logic.c	00424C80	00458806	00424CF0	00469B49	1	331	313				004661C2	get_player_input	109			00427E40	wc2-insertion
src/logic.c	00424C80	00458806	00424CF0	00469B49	1	331	314				004663A2	process_player_input	249			00427F20	wc2-insertion
src/logic.c	00424C80	00458806	00424CF0	00469B49	1	331	315				00466908	fire_players_lasers	32			00428480	wc2-insertion
src/logic.c	00424C80	00458806	00424CF0	00469B49	1	331	316				0046696E	players_flight_dynamics	83			004284D0	wc2-insertion
src/logic.c	00424C80	00458806	00424CF0	00469B49	1	331	317				00466AD2	FUN_00466AD2	20				wc2-insertion
src/logic.c	00424C80	00458806	00424CF0	00469B49	1	331	318				00466B02	player_input	432			004285D0	wc2-insertion
src/logic.c	00424C80	00458806	00424CF0	00469B49	1	331	319				004672C5	MeasureMessageWidth	25			00428E70	wc2-insertion
src/logic.c	00424C80	00458806	00424CF0	00469B49	1	331	320				00467300	FUN_00467300	23				wc2-insertion
src/logic.c	00424C80	00458806	00424CF0	00469B49	1	331	321				0046733D	HandleSpaceFlightControls	1500			00429160	wc2-insertion
src/logic.c	00424C80	00458806	00424CF0	00469B49	1	331	322				00468E7A	DrawSpaceSceneFrame	90				wc2-insertion
src/logic.c	00424C80	00458806	00424CF0	00469B49	1	331	323				0046903F	RenderSpaceViewFrame	45			00429FC0	wc2-insertion
src/logic.c	00424C80	00458806	00424CF0	00469B49	1	331	324				004690FF	Draw_3Space_Frame	21			00429DD0	wc2-insertion
src/logic.c	00424C80	00458806	00424CF0	00469B49	1	331	325				00469143	GetShipDistanceToNavPoint	30			0042A0E0	wc2-insertion
src/logic.c	00424C80	00458806	00424CF0	00469B49	1	331	326				0046918D	FindNearestNavPoint	44			0042A120	wc2-insertion
src/logic.c	00424C80	00458806	00424CF0	00469B49	1	331	327				00469223	ReleaseStaleNavTarget	23			0042A170	wc2-insertion
src/logic.c	00424C80	00458806	00424CF0	00469B49	1	331	328				0046925E	RunSpaceFlight	209			0042A190	wc2-insertion
src/logic.c	00424C80	00458806	00424CF0	00469B49	1	331	329				004695FD	calculate_damage_level	111			0042A520	wc2-insertion
src/logic.c	00424C80	00458806	00424CF0	00469B49	1	331	330				004697A0	death_sequence	194			00439660	wc2-insertion
src/logic.c	00424C80	00458806	00424CF0	00469B49	1	331	331				00469AD0	PreloadMusicTrackHook	14			00424CE0	wc2-insertion
src/main.c	00427BC0	00437D92	00427C30	00465EA9	0	815	1				00437DFA	ShowOnScreenMessage	86			00428FA0	wc2-insertion
src/main.c	00427BC0	00437D92	00427C30	00465EA9	0	815	2				00437F2F	ShowGamePausedBanner	24			004290A0	wc2-insertion
src/main.c	00427BC0	00437D92	00427C30	00465EA9	0	815	3				00437F77	ShowVersionBanner	16			004290D0	wc2-insertion
src/main.c	00427BC0	00437D92	00427C30	00465EA9	0	815	4				00437F9A	SetMessageDisplaySpeed	23			004290F0	wc2-insertion
src/main.c	00427BC0	00437D92	00427C30	00465EA9	0	815	5				00437FD3	ReportFramesSkipped	29			00429120	wc2-insertion
src/main.c	00427BC0	00437D92	00427C30	00465EA9	0	815	6				00438020	FUN_00438020	32				wc2-insertion
src/main.c	00427BC0	00437D92	00427C30	00465EA9	0	815	7				00438080	FUN_00438080	16				wc2-insertion
src/main.c	00427BC0	00437D92	00427C30	00465EA9	0	815	8				004380B0	FatalErrorAndExit	26			00413CE0	wc2-insertion
src/main.c	00427BC0	00437D92	00427C30	00465EA9	0	815	9				004380FD	IsCockpitExplosionActive	17			00413D20	wc2-insertion
src/main.c	00427BC0	00437D92	00427C30	00465EA9	0	815	10				00438129	EraseCockpitReadoutRegion	37			00413D40	wc2-insertion
src/main.c	00427BC0	00437D92	00427C30	00465EA9	0	815	11				00438194	vdu_polygon	189			00413DA0	wc2-insertion
src/main.c	00427BC0	00437D92	00427C30	00465EA9	0	815	12				00438454	InitializeCockpitReadout	27			00413F70	wc2-insertion
src/main.c	00427BC0	00437D92	00427C30	00465EA9	0	815	13				004384AD	DrawCockpitReadout	73			00413FB0	wc2-insertion
src/main.c	00427BC0	00437D92	00427C30	00465EA9	0	815	14				004385B3	DrawHudMessageSlot	105			004140A0	wc2-insertion
src/main.c	00427BC0	00437D92	00427C30	00465EA9	0	815	15				00438711	ClearHudMessageSlot	43			00414180	wc2-insertion
src/main.c	00427BC0	00437D92	00427C30	00465EA9	0	815	16				004387A7	ClearHudMessageIfMatching	18			004141B0	wc2-insertion
src/main.c	00427BC0	00437D92	00427C30	00465EA9	0	815	17				004387CD	ClearHudGunReadouts	14			004141D0	wc2-insertion
src/main.c	00427BC0	00437D92	00427C30	00465EA9	0	815	18				004387FA	SetHudMessageSlot	38			004141F0	wc2-insertion
src/main.c	00427BC0	00437D92	00427C30	00465EA9	0	815	19				00438864	UpdateMessage	30			00414240	wc2-insertion
src/main.c	00427BC0	00437D92	00427C30	00465EA9	0	815	20				004388B6	set_global_message	27			00414270	wc2-insertion
src/main.c	00427BC0	00437D92	00427C30	00465EA9	0	815	21				004388F5	CockpitMessage	21			004142B0	wc2-insertion
src/main.c	00427BC0	00437D92	00427C30	00465EA9	0	815	22				00438923	FUN_00438923	15				wc2-insertion
src/main.c	00427BC0	00437D92	00427C30	00465EA9	0	815	23				0043893F	remove_message	17			004142E0	wc2-insertion
src/main.c	00427BC0	00437D92	00427C30	00465EA9	0	815	24				0043895F	kilrathi_near	45			00414300	wc2-insertion
src/main.c	00427BC0	00437D92	00427C30	00465EA9	0	815	25				004389FE	IsMissionObjectiveOutOfSystem	56				wc2-insertion
src/main.c	00427BC0	00437D92	00427C30	00465EA9	0	815	26				00438ADD	auto_pilot_valid	129			00414380	wc2-insertion
src/main.c	00427BC0	00437D92	00427C30	00465EA9	0	815	27				00438CEB	reset_cockpit	22			00414410	wc2-insertion
src/main.c	00427BC0	00437D92	00427C30	00465EA9	0	815	28				00438D30	SetCockpitLightBlink	36			00414440	wc2-insertion
src/main.c	00427BC0	00437D92	00427C30	00465EA9	0	815	29				00438DAD	draw_cockpit_lights	108			00414490	wc2-insertion
src/main.c	00427BC0	00437D92	00427C30	00465EA9	0	815	30				00438F62	update_lights	77			004145B0	wc2-insertion
src/main.c	00427BC0	00437D92	00427C30	00465EA9	0	815	31				00439076	update_bars	151			00414690	wc2-insertion
src/main.c	00427BC0	00437D92	00427C30	00465EA9	0	815	32				00439264	get_mode	16			004147E0	wc2-insertion
src/main.c	00427BC0	00437D92	00427C30	00465EA9	0	815	33				0043928E	set_mode	33			00414800	wc2-insertion
src/main.c	00427BC0	00437D92	00427C30	00465EA9	0	815	34				004392F1	SetVduModeIfChanged	32			00414850	wc2-insertion
src/main.c	00427BC0	00437D92	00427C30	00465EA9	0	815	35				0043934D	GetVduModeStackDepth	13			00414890	wc2-insertion
src/main.c	00427BC0	00437D92	00427C30	00465EA9	0	815	36				00439369	push_mode	26			004148A0	wc2-insertion
src/main.c	00427BC0	00437D92	00427C30	00465EA9	0	815	37				004393B3	pop_mode	20			004148E0	wc2-insertion
src/main.c	00427BC0	00437D92	00427C30	00465EA9	0	815	38				004393E1	set_new_vdu	56			00414910	wc2-insertion
src/main.c	00427BC0	00437D92	00427C30	00465EA9	0	815	39				004394A0	update_vid_disp	31			00414980	wc2-insertion
src/main.c	00427BC0	00437D92	00427C30	00465EA9	0	815	40				00439500	InvalidateVduMode	12			004149C0	wc2-insertion
src/main.c	00427BC0	00437D92	00427C30	00465EA9	0	815	41				0043951A	clear_message_time	11			004149E0	wc2-insertion
src/main.c	00427BC0	00437D92	00427C30	00465EA9	0	815	42				0043952E	message_showing	17			004149F0	wc2-insertion
src/main.c	00427BC0	00437D92	00427C30	00465EA9	0	815	43				00439559	set_message_time	16			00414A10	wc2-insertion
src/main.c	00427BC0	00437D92	00427C30	00465EA9	0	815	44				00439588	check_message	69			00414A20	wc2-insertion
src/main.c	00427BC0	00437D92	00427C30	00465EA9	0	815	45				004396BF	update_digital_readouts	50			00414A50	wc2-insertion
src/main.c	00427BC0	00437D92	00427C30	00465EA9	0	815	46				00439753	malf_sound	25			00414AE0	wc2-insertion
src/main.c	00427BC0	00437D92	00427C30	00465EA9	0	815	47				00439789	malf	26			00414AF0	wc2-insertion
src/main.c	00427BC0	00437D92	00427C30	00465EA9	0	815	48				004397D5	vdu_malf	39			00414B20	wc2-insertion
src/main.c	00427BC0	00437D92	00427C30	00465EA9	0	815	49				0043984F	ShowComponentHitHudMessage	40			00414B70	wc2-insertion
src/main.c	00427BC0	00437D92	00427C30	00465EA9	0	815	50				004398CB	damage_your_component	75			00414BF0	wc2-insertion
src/main.c	00427BC0	00437D92	00427C30	00465EA9	0	815	51				004399C6	RemovePlayerReleaseWeapon	36			00414CB0	wc2-insertion
src/main.c	00427BC0	00437D92	00427C30	00465EA9	0	815	52				00439A5A	fire_computer_graphic_missile	87			00414D50	wc2-insertion
src/main.c	00427BC0	00437D92	00427C30	00465EA9	0	815	53				00439BB7	show_weapon_disp	239			00414EA0	wc2-insertion
src/main.c	00427BC0	00437D92	00427C30	00465EA9	0	815	54				00439F5F	update_status_text	166			00415040	wc2-insertion
src/main.c	00427BC0	00437D92	00427C30	00465EA9	0	815	55				0043A1EB	sighted	19			00415050	wc2-insertion
src/main.c	00427BC0	00437D92	00427C30	00465EA9	0	815	56				0043A21E	visited	19			00415070	wc2-insertion
src/main.c	00427BC0	00437D92	00427C30	00465EA9	0	815	57				0043A251	achieved	25			00415090	wc2-insertion
src/main.c	00427BC0	00437D92	00427C30	00465EA9	0	815	58				0043A29E	flag_objective	19			004150B0	wc2-insertion
src/main.c	00427BC0	00437D92	00427C30	00465EA9	0	815	59				0043A2CD	DrawCalculatingLabel	49			004150D0	wc2-insertion
src/main.c	00427BC0	00437D92	00427C30	00465EA9	0	815	60				0043A374	objective_name	39			00415130	wc2-insertion
src/main.c	00427BC0	00437D92	00427C30	00465EA9	0	815	61				0043A3F8	show_navigation_disp	38			00415180	wc2-insertion
src/main.c	00427BC0	00437D92	00427C30	00465EA9	0	815	62				0043A474	hidden_objective	184			004151F0	wc2-insertion
src/main.c	00427BC0	00437D92	00427C30	00465EA9	0	815	63				0043A75E	set_new_objective	60			004152C0	wc2-insertion
src/main.c	00427BC0	00437D92	00427C30	00465EA9	0	815	64				0043A851	cycle_next_objective	42			00415370	wc2-insertion
src/main.c	00427BC0	00437D92	00427C30	00465EA9	0	815	65				0043A8EA	set_next_destination	60			004153D0	wc2-insertion
src/main.c	00427BC0	00437D92	00427C30	00465EA9	0	815	66				0043A9D7	LocateMobileObjective	36			00415470	wc2-insertion
src/main.c	00427BC0	00437D92	00427C30	00465EA9	0	815	67				0043AA3F	is_any_ship_returning_to_current_nav_point	35			004154C0	wc2-insertion
src/main.c	00427BC0	00437D92	00427C30	00465EA9	0	815	68				0043AAC3	escorting_a_ship	21			00415510	wc2-insertion
src/main.c	00427BC0	00437D92	00427C30	00465EA9	0	815	69				0043AAFF	flag_reached	153			00415530	wc2-insertion
src/main.c	00427BC0	00437D92	00427C30	00465EA9	0	815	70				0043AD61	check_sighting	32			004156D0	wc2-insertion
src/main.c	00427BC0	00437D92	00427C30	00465EA9	0	815	71				0043ADC4	check_visit	33			00415720	wc2-insertion
src/main.c	00427BC0	00437D92	00427C30	00465EA9	0	815	72				0043AE2F	update_objective_location	124			00415770	wc2-insertion
src/main.c	00427BC0	00437D92	00427C30	00465EA9	0	815	73				0043AFD3	objective_lost	49			00415850	wc2-insertion
src/main.c	00427BC0	00437D92	00427C30	00465EA9	0	815	74				0043B089	check_objectives	30			004158A0	wc2-insertion
src/main.c	00427BC0	00437D92	00427C30	00465EA9	0	815	75				0043B0EB	rotational_pos_to_scanner_pos	78			004158F0	wc2-insertion
src/main.c	00427BC0	00437D92	00427C30	00465EA9	0	815	76				0043B1F0	mobile_objective	32			00415A30	wc2-insertion
src/main.c	00427BC0	00437D92	00427C30	00465EA9	0	815	77				0043B258	ResetScannerContacts	21			00415A70	wc2-insertion
src/main.c	00427BC0	00437D92	00427C30	00465EA9	0	815	78				0043B29D	clear_head_up_display	129			00415A90	wc2-insertion
src/main.c	00427BC0	00437D92	00427C30	00465EA9	0	815	79				0043B4CF	set_objective_range	57			00415B70	wc2-insertion
src/main.c	00427BC0	00437D92	00427C30	00465EA9	0	815	80				0043B570	FUN_0043B570	50				wc2-insertion
src/main.c	00427BC0	00437D92	00427C30	00465EA9	0	815	81				0043B61F	get_color	95			00415C00	wc2-insertion
src/main.c	00427BC0	00437D92	00427C30	00465EA9	0	815	82				0043B7C0	draw_3d_scanner	414			00415CE0	wc2-insertion
src/main.c	00427BC0	00437D92	00427C30	00465EA9	0	815	83				0043BE1B	start_lock	18			00415FC0	wc2-insertion
src/main.c	00427BC0	00437D92	00427C30	00465EA9	0	815	84				0043BE55	starting_lock	21			00415FF0	wc2-insertion
src/main.c	00427BC0	00437D92	00427C30	00465EA9	0	815	85				0043BE8D	lock_off	29			00416010	wc2-insertion
src/main.c	00427BC0	00437D92	00427C30	00465EA9	0	815	86				0043BEFF	CheckTargetLockMalfunction	35			00416040	wc2-insertion
src/main.c	00427BC0	00437D92	00427C30	00465EA9	0	815	87				0043BF67	decrement_lock_time	60			00416090	wc2-insertion
src/main.c	00427BC0	00437D92	00427C30	00465EA9	0	815	88				0043C048	target_locking	169			00416120	wc2-insertion
src/main.c	00427BC0	00437D92	00427C30	00465EA9	0	815	89				0043C30D	SetRectBounds	22			00416220	wc2-insertion
src/main.c	00427BC0	00437D92	00427C30	00465EA9	0	815	90				0043C344	GetRectHeight	16			00416250	wc2-insertion
src/main.c	00427BC0	00437D92	00427C30	00465EA9	0	815	91				0043C364	print_message_text	153			00416260	wc2-insertion
src/main.c	00427BC0	00437D92	00427C30	00465EA9	0	815	92				0043C570	ShowHudTextLine	24			00416460	wc2-insertion
src/main.c	00427BC0	00437D92	00427C30	00465EA9	0	815	93				0043C5B0	RestoreHudMessageBackground	27				wc2-insertion
src/main.c	00427BC0	00437D92	00427C30	00465EA9	0	815	94				0043C601	SetHudTextColour	25			00416480	wc2-insertion
src/main.c	00427BC0	00437D92	00427C30	00465EA9	0	815	95				0043C64D	ClearHudMessageDisplay	37				wc2-insertion
src/main.c	00427BC0	00437D92	00427C30	00465EA9	0	815	96				0043C6D8	draw_target_box	368			004164B0	wc2-insertion
src/main.c	00427BC0	00437D92	00427C30	00465EA9	0	815	97				0043CBD3	remove_nav_pointer	17			004168A0	wc2-insertion
src/main.c	00427BC0	00437D92	00427C30	00465EA9	0	815	98				0043CBFD	draw_nav_pointer	160			004168C0	wc2-insertion
src/main.c	00427BC0	00437D92	00427C30	00465EA9	0	815	99				0043CE8F	sort_viable_target_list	52			0041E860	wc2-insertion
src/main.c	00427BC0	00437D92	00427C30	00465EA9	0	815	100				0043CF5A	FUN_0043CF5A	258				wc2-insertion
src/main.c	00427BC0	00437D92	00427C30	00465EA9	0	815	101				0043D323	FUN_0043D323	30				wc2-insertion
src/main.c	00427BC0	00437D92	00427C30	00465EA9	0	815	102				0043D386	overlay_head_up_display	269			00416AC0	wc2-insertion
src/main.c	00427BC0	00437D92	00427C30	00465EA9	0	815	103				0043D7F2	RestoreCockpitExplosionIfVisible	17			00416C90	wc2-insertion
src/main.c	00427BC0	00437D92	00427C30	00465EA9	0	815	104				0043D81F	RestoreTransientCockpitGraphics	86			00416CB0	wc2-insertion
src/main.c	00427BC0	00437D92	00427C30	00465EA9	0	815	105				0043D956	SetHudMessageText	28			00416DE0	wc2-insertion
src/main.c	00427BC0	00437D92	00427C30	00465EA9	0	815	106				0043D9AB	FUN_0043D9AB	20				wc2-insertion
src/main.c	00427BC0	00437D92	00427C30	00465EA9	0	815	107				0043D9DA	malf_noise	46			00416E20	wc2-insertion
src/main.c	00427BC0	00437D92	00427C30	00465EA9	0	815	108				0043DA68	build_your_target_list	164			00416E90	wc2-insertion
src/main.c	00427BC0	00437D92	00427C30	00465EA9	0	815	109				0043DD1B	cycle_onscreen_targets	56			00416F30	wc2-insertion
src/main.c	00427BC0	00437D92	00427C30	00465EA9	0	815	110				0043DDFC	check_target	162			00416FD0	wc2-insertion
src/main.c	00427BC0	00437D92	00427C30	00465EA9	0	815	111				0043E101	FUN_0043E101	52				wc2-insertion
src/main.c	00427BC0	00437D92	00427C30	00465EA9	0	815	112				0043E1B2	update_missile_warning	60			00417190	wc2-insertion
src/main.c	00427BC0	00437D92	00427C30	00465EA9	0	815	113				0043E297	determine_pilot_hand	67			004171D0	wc2-insertion
src/main.c	00427BC0	00437D92	00427C30	00465EA9	0	815	114				0043E371	DrawPilotHandFrame	56			00417260	wc2-insertion
src/main.c	00427BC0	00437D92	00427C30	00465EA9	0	815	115				0043E43A	animate_pilot	18			004173C0	wc2-insertion
src/main.c	00427BC0	00437D92	00427C30	00465EA9	0	815	116				0043E472	ResetPilotHandAnimation	18			004173F0	wc2-insertion
src/main.c	00427BC0	00437D92	00427C30	00465EA9	0	815	117				0043E4A8	send_message	69			00417420	wc2-insertion
src/main.c	00427BC0	00437D92	00427C30	00465EA9	0	815	118				0043E5DA	npc_communication	153			004174F0	wc2-insertion
src/main.c	00427BC0	00437D92	00427C30	00465EA9	0	815	119				0043E870	clear_cockpit_damage	22			00417610	wc2-insertion
src/main.c	00427BC0	00437D92	00427C30	00465EA9	0	815	120				0043E8B2	explosion_draw	77			00417630	wc2-insertion
src/main.c	00427BC0	00437D92	00427C30	00465EA9	0	815	121				0043E9E2	DrawPendingCockpitDamage	63			004176C0	wc2-insertion
src/main.c	00427BC0	00437D92	00427C30	00465EA9	0	815	122				0043EAE3	RestoreCockpitExplosionBackground	31			00417760	wc2-insertion
src/main.c	00427BC0	00437D92	00427C30	00465EA9	0	815	123				0043EB46	cockpit_explosion	69			004177B0	wc2-insertion
src/main.c	00427BC0	00437D92	00427C30	00465EA9	0	815	124				0043EC50	place_damage_on_cockpit	34			004178A0	wc2-insertion
src/main.c	00427BC0	00437D92	00427C30	00465EA9	0	815	125				0043ECD9	vid_transmit	210			00417910	wc2-insertion
src/main.c	00427BC0	00437D92	00427C30	00465EA9	0	815	126				0043F042	vid_equiv	30			00417AC0	wc2-insertion
src/main.c	00427BC0	00437D92	00427C30	00465EA9	0	815	127				0043F09D	update_dead_disp	19			00417B10	wc2-insertion
src/main.c	00427BC0	00437D92	00427C30	00465EA9	0	815	128				0043F0C3	check_stranded	24			00417B30	wc2-insertion
src/main.c	00427BC0	00437D92	00427C30	00465EA9	0	815	129				0043F110	CopyTrainSimPilotViewToVdus	117			00417320	wc2-insertion
src/main.c	00427BC0	00437D92	00427C30	00465EA9	0	815	130				0043F2F5	update_VDUs	212			00417B70	wc2-insertion
src/main.c	00427BC0	00437D92	00427C30	00465EA9	0	815	131				0043F6C9	update_cockpit	77			00417E70	wc2-insertion
src/main.c	00427BC0	00437D92	00427C30	00465EA9	0	815	132				0043F81B	IsCockpitWeaponShapeLoaded	17				wc2-insertion
src/main.c	00427BC0	00437D92	00427C30	00465EA9	0	815	133				0043F849	PlayCockpitSelectionSfx	15			00417F00	wc2-insertion
src/main.c	00427BC0	00437D92	00427C30	00465EA9	0	815	134				0043F862	vdu_pop_all	36			00417F10	wc2-insertion
src/main.c	00427BC0	00437D92	00427C30	00465EA9	0	815	135				0043F8CD	SelectCockpitVduMode	116			00417F60	wc2-insertion
src/main.c	00427BC0	00437D92	00427C30	00465EA9	0	815	136				0043FAC0	show_target_disp	292			0042DB90	wc2-insertion
src/main.c	00427BC0	00437D92	00427C30	00465EA9	0	815	137				0043FF40	DrawTargetRangeReadout	144			0042DEA0	wc2-insertion
src/main.c	00427BC0	00437D92	00427C30	00465EA9	0	815	138				004401C0	LoadMissionData	238			004059B0	wc2-insertion
src/main.c	00427BC0	00437D92	00427C30	00465EA9	0	815	139				00440490	HandleUnsupportedManeuver	24				wc2-insertion
src/main.c	00427BC0	00437D92	00427C30	00465EA9	0	815	140				004404CC	FUN_004404CC	34				wc2-insertion
src/main.c	00427BC0	00437D92	00427C30	00465EA9	0	815	141				00440549	ResetShipWeaponFireState	14				wc2-insertion
src/main.c	00427BC0	00437D92	00427C30	00465EA9	0	815	142				00440571	chase_speed	46			00434C70	wc2-insertion
src/main.c	00427BC0	00437D92	00427C30	00465EA9	0	815	143				00440606	SetShipAiScratchWord	12			004060A0	wc2-insertion
src/main.c	00427BC0	00437D92	00427C30	00465EA9	0	815	144				0044061B	maneuver_complete	20			004060B0	wc2-insertion
src/main.c	00427BC0	00437D92	00427C30	00465EA9	0	815	145				00440642	Mline_up_drop	39			004060D0	wc2-insertion
src/main.c	00427BC0	00437D92	00427C30	00465EA9	0	815	146				004406BA	Mwabble	69			00406130	wc2-insertion
src/main.c	00427BC0	00437D92	00427C30	00465EA9	0	815	147				004407B0	advance	16			004061E0	wc2-insertion
src/main.c	00427BC0	00437D92	00427C30	00465EA9	0	815	148				004407DA	ShipAiState35	17			00406200	wc2-insertion
src/main.c	00427BC0	00437D92	00427C30	00465EA9	0	815	149				004407F7	Mfull_ahead	17			00406310	wc2-insertion
src/main.c	00427BC0	00437D92	00427C30	00465EA9	0	815	150				00440814	Mchill	17			00406350	wc2-insertion
src/main.c	00427BC0	00437D92	00427C30	00465EA9	0	815	151				00440831	Mdrop_a_mine	17			004063B0	wc2-insertion
src/main.c	00427BC0	00437D92	00427C30	00465EA9	0	815	152				0044084E	Mthink	17			00406400	wc2-insertion
src/main.c	00427BC0	00437D92	00427C30	00465EA9	0	815	153				0044086B	Mtight_loop	71			00406440	wc2-insertion
src/main.c	00427BC0	00437D92	00427C30	00465EA9	0	815	154				00440967	Mhard_break	72			004064F0	wc2-insertion
src/main.c	00427BC0	00437D92	00427C30	00465EA9	0	815	155				00440A93	Msit_n_spin	163			004065A0	wc2-insertion
src/main.c	00427BC0	00437D92	00427C30	00465EA9	0	815	156				00440D0B	Mturn_n_spin	83			004067A0	wc2-insertion
src/main.c	00427BC0	00437D92	00427C30	00465EA9	0	815	157				00440E46	Mburnout	58			00406860	wc2-insertion
src/main.c	00427BC0	00437D92	00427C30	00465EA9	0	815	158				00440F01	Mkickit	37			004068D0	wc2-insertion
src/main.c	00427BC0	00437D92	00427C30	00465EA9	0	815	159				00440F76	Mturn_n_kick	91			00406910	wc2-insertion
src/main.c	00427BC0	00437D92	00427C30	00465EA9	0	815	160				004410C0	Mroll_over	41			00406990	wc2-insertion
src/main.c	00427BC0	00437D92	00427C30	00465EA9	0	815	161				00441146	Mhard_turn	48			004069F0	wc2-insertion
src/main.c	00427BC0	00437D92	00427C30	00465EA9	0	815	162				004411E1	Mfish_hook	110			00406A50	wc2-insertion
src/main.c	00427BC0	00437D92	00427C30	00465EA9	0	815	163				00441379	Mtry2tail	73			00406B60	wc2-insertion
src/main.c	00427BC0	00437D92	00427C30	00465EA9	0	815	164				0044145A	Msplit_left	57			00406BD0	wc2-insertion
src/main.c	00427BC0	00437D92	00427C30	00465EA9	0	815	165				0044151B	Msplit_right	57			00406C20	wc2-insertion
src/main.c	00427BC0	00437D92	00427C30	00465EA9	0	815	166				004415DC	Mgloat	66			00406C70	wc2-insertion
src/main.c	00427BC0	00437D92	00427C30	00465EA9	0	815	167				004416D5	Mtail_fire	40			00406D20	wc2-insertion
src/main.c	00427BC0	00437D92	00427C30	00465EA9	0	815	168				00441742	Mzip_past	76			00406D80	wc2-insertion
src/main.c	00427BC0	00437D92	00427C30	00465EA9	0	815	169				00441837	FUN_00441837	32				wc2-insertion
src/main.c	00427BC0	00437D92	00427C30	00465EA9	0	815	170				00441895	FUN_00441895	17				wc2-insertion
src/main.c	00427BC0	00437D92	00427C30	00465EA9	0	815	171				004418B2	FUN_004418B2	68				wc2-insertion
src/main.c	00427BC0	00437D92	00427C30	00465EA9	0	815	172				0044199B	Mram_missile	41			00406EC0	wc2-insertion
src/main.c	00427BC0	00437D92	00427C30	00465EA9	0	815	173				00441A13	Mbuzz_debris	70			00406F20	wc2-insertion
src/main.c	00427BC0	00437D92	00427C30	00465EA9	0	815	174				00441AFC	Mstrafe_enemy	58			00406FB0	wc2-insertion
src/main.c	00427BC0	00437D92	00427C30	00465EA9	0	815	175				00441BC1	Mbest_strafe	26			00407030	wc2-insertion
src/main.c	00427BC0	00437D92	00427C30	00465EA9	0	815	176				00441C01	Mtarget_missile	76			00406E10	wc2-insertion
src/main.c	00427BC0	00437D92	00427C30	00465EA9	0	815	177				00441D00	Msit_n_fire	41			00407060	wc2-insertion
src/main.c	00427BC0	00437D92	00427C30	00465EA9	0	815	178				00441D71	Mstrafe_n_roll	23			004070D0	wc2-insertion
src/main.c	00427BC0	00437D92	00427C30	00465EA9	0	815	179				00441DB3	Mkill_missile	74			00407100	wc2-insertion
src/main.c	00427BC0	00437D92	00427C30	00465EA9	0	815	180				00441E9C	Msuicide_run	21			004071B0	wc2-insertion
src/main.c	00427BC0	00437D92	00427C30	00465EA9	0	815	181				00441EC8	Mget_distance	60			004071E0	wc2-insertion
src/main.c	00427BC0	00437D92	00427C30	00465EA9	0	815	182				00441F86	general_zig	93			00407270	wc2-insertion
src/main.c	00427BC0	00437D92	00427C30	00465EA9	0	815	183				0044210C	Mzig_zag	17			00407350	wc2-insertion
src/main.c	00427BC0	00437D92	00427C30	00465EA9	0	815	184				00442129	Mzig_zag_pitch	17			00407370	wc2-insertion
src/main.c	00427BC0	00437D92	00427C30	00465EA9	0	815	185				00442146	Mcorkscrew	67			00407390	wc2-insertion
src/main.c	00427BC0	00437D92	00427C30	00465EA9	0	815	186				00442252	Mveer_away	117			00407450	wc2-insertion
src/main.c	00427BC0	00437D92	00427C30	00465EA9	0	815	187				004423E2	ShipAiState44	16			00407560	wc2-insertion
src/main.c	00427BC0	00437D92	00427C30	00465EA9	0	815	188				00442404	Mtarget_laser	17			00407580	wc2-insertion
src/main.c	00427BC0	00437D92	00427C30	00465EA9	0	815	189				00442421	Mrout_me	14			004075A0	wc2-insertion
src/main.c	00427BC0	00437D92	00427C30	00465EA9	0	815	190				00442438	FUN_00442438	17				wc2-insertion
src/main.c	00427BC0	00437D92	00427C30	00465EA9	0	815	191				00442455	FUN_00442455	40				wc2-insertion
src/main.c	00427BC0	00437D92	00427C30	00465EA9	0	815	192				004424C2	Mnone	10			004075B0	wc2-insertion
src/main.c	00427BC0	00437D92	00427C30	00465EA9	0	815	193				004424CD	Mreset	14			004075C0	wc2-insertion
src/main.c	00427BC0	00437D92	00427C30	00465EA9	0	815	194				004424E4	perform_maneuver	164			004075D0	wc2-insertion
src/main.c	00427BC0	00437D92	00427C30	00465EA9	0	815	195				00442770	cruise_home	155			00409760	wc2-insertion
src/main.c	00427BC0	00437D92	00427C30	00465EA9	0	815	196				004429A7	FUN_004429A7	15				wc2-insertion
src/main.c	00427BC0	00437D92	00427C30	00465EA9	0	815	197				004429C0	FUN_004429C0	124				wc2-insertion
src/main.c	00427BC0	00437D92	00427C30	00465EA9	0	815	198				00442B78	run_away	99			004099C0	wc2-insertion
src/main.c	00427BC0	00437D92	00427C30	00465EA9	0	815	199				00442CC3	check_engage_target	45			00409AC0	wc2-insertion
src/main.c	00427BC0	00437D92	00427C30	00465EA9	0	815	200				00442D58	check_destroy_target	113			00409B10	wc2-insertion
src/main.c	00427BC0	00437D92	00427C30	00465EA9	0	815	201				00442EFC	maneuvering	21			00409C20	wc2-insertion
src/main.c	00427BC0	00437D92	00427C30	00465EA9	0	815	202				00442F2D	formation_burst	57			00409C50	wc2-insertion
src/main.c	00427BC0	00437D92	00427C30	00465EA9	0	815	203				00442FE9	disallow_engage	11			00409CE0	wc2-insertion
src/main.c	00427BC0	00437D92	00427C30	00465EA9	0	815	204				00442FFD	allow_engage	12			00409CF0	wc2-insertion
src/main.c	00427BC0	00437D92	00427C30	00465EA9	0	815	205				0044301A	try2allow_engage	33			00409D10	wc2-insertion
src/main.c	00427BC0	00437D92	00427C30	00465EA9	0	815	206				00443095	imperial_formation	157			00409D60	wc2-insertion
src/main.c	00427BC0	00437D92	00427C30	00465EA9	0	815	207				004432EB	formation_break	52			00409F00	wc2-insertion
src/main.c	00427BC0	00437D92	00427C30	00465EA9	0	815	208				004433B1	imperial_wingman	64			00409F80	wc2-insertion
src/main.c	00427BC0	00437D92	00427C30	00465EA9	0	815	209				00443499	kilrathi_wingman	103			0040A030	wc2-insertion
src/main.c	00427BC0	00437D92	00427C30	00465EA9	0	815	210				00443631	wingman_mission	23			0040A130	wc2-insertion
src/main.c	00427BC0	00437D92	00427C30	00465EA9	0	815	211				0044366D	dist_from_home	19			0040A160	wc2-insertion
src/main.c	00427BC0	00437D92	00427C30	00465EA9	0	815	212				00443698	scan_and_lock	32			0040A180	wc2-insertion
src/main.c	00427BC0	00437D92	00427C30	00465EA9	0	815	213				00443707	patrol_area	158			0040A1C0	wc2-insertion
src/main.c	00427BC0	00437D92	00427C30	00465EA9	0	815	214				00443930	kilrathi_patrol	53			0040A360	wc2-insertion
src/main.c	00427BC0	00437D92	00427C30	00465EA9	0	815	215				00443A08	cruise_to_destination	159			0040A410	wc2-insertion
src/main.c	00427BC0	00437D92	00427C30	00465EA9	0	815	216				00443C45	prepare_for_jump	81			0040A540	wc2-insertion
src/main.c	00427BC0	00437D92	00427C30	00465EA9	0	815	217				00443D6E	accelerate_and_jump	27			0040A630	wc2-insertion
src/main.c	00427BC0	00437D92	00427C30	00465EA9	0	815	218				00443DBD	reach_warp	57			0040A670	wc2-insertion
src/main.c	00427BC0	00437D92	00427C30	00465EA9	0	815	219				00443E8C	FUN_00443E8C	26				wc2-insertion
src/main.c	00427BC0	00437D92	00427C30	00465EA9	0	815	220				00443EE9	warp_arrival	24			0040A710	wc2-insertion
src/main.c	00427BC0	00437D92	00427C30	00465EA9	0	815	221				00443F28	return_to_buddy	47			0040A740	wc2-insertion
src/main.c	00427BC0	00437D92	00427C30	00465EA9	0	815	222				00443FA2	escort_buddy	29			0040A7A0	wc2-insertion
src/main.c	00427BC0	00437D92	00427C30	00465EA9	0	815	223				00443FE4	escort_mission	121			0040A7D0	wc2-insertion
src/main.c	00427BC0	00437D92	00427C30	00465EA9	0	815	224				00444199	check_goal	29			0040A900	wc2-insertion
src/main.c	00427BC0	00437D92	00427C30	00465EA9	0	815	225				004441E5	streak_toward	59			0040A940	wc2-insertion
src/main.c	00427BC0	00437D92	00427C30	00465EA9	0	815	226				00444291	approach_and_engage	116			0040A9B0	wc2-insertion
src/main.c	00427BC0	00437D92	00427C30	00465EA9	0	815	227				00444420	strike_mission	172			0040AAC0	wc2-insertion
src/main.c	00427BC0	00437D92	00427C30	00465EA9	0	815	228				004446C9	return_to_master	40			0040ABB0	wc2-insertion
src/main.c	00427BC0	00437D92	00427C30	00465EA9	0	815	229				0044472C	defend_mission	155			0040AC00	wc2-insertion
src/main.c	00427BC0	00437D92	00427C30	00465EA9	0	815	230				00444966	rendezvous_mission	116			0040AD80	wc2-insertion
src/main.c	00427BC0	00437D92	00427C30	00465EA9	0	815	231				00444ADC	ship_intelligence	108			0040AE80	wc2-insertion
src/main.c	00427BC0	00437D92	00427C30	00465EA9	0	815	232				00444C80	orbit_sphere	73			0040AF70	wc2-insertion
src/main.c	00427BC0	00437D92	00427C30	00465EA9	0	815	233				00444D5C	tanker_intelligence	76			0040B010	wc2-insertion
src/main.c	00427BC0	00437D92	00427C30	00465EA9	0	815	234				00444E51	destroyer_intelligence	32			0040B0C0	wc2-insertion
src/main.c	00427BC0	00437D92	00427C30	00465EA9	0	815	235				00444EA7	stationary_intelligence	42			0040B110	wc2-insertion
src/main.c	00427BC0	00437D92	00427C30	00465EA9	0	815	236				00444F53	FUN_00444F53	92				wc2-insertion
src/main.c	00427BC0	00437D92	00427C30	00465EA9	0	815	237				00445087	FUN_00445087	723				wc2-insertion
src/main.c	00427BC0	00437D92	00427C30	00465EA9	0	815	238				00445AAC	capital_ship_intelligence	184			0040B140	wc2-insertion
src/main.c	00427BC0	00437D92	00427C30	00465EA9	0	815	239				00445D9A	futurion_intelligence	46			0040B320	wc2-insertion
src/main.c	00427BC0	00437D92	00427C30	00465EA9	0	815	240				00445E68	heat_seeking_missile_intelligence	169			0040B430	wc2-insertion
src/main.c	00427BC0	00437D92	00427C30	00465EA9	0	815	241				00446133	FF_missile_intelligence	143			0040B570	wc2-insertion
src/main.c	00427BC0	00437D92	00427C30	00465EA9	0	815	242				00446395	FUN_00446395	59				wc2-insertion
src/main.c	00427BC0	00437D92	00427C30	00465EA9	0	815	243				00446474	mine_intelligence	62			0040B3A0	wc2-insertion
src/main.c	00427BC0	00437D92	00427C30	00465EA9	0	815	244				00446560	FUN_00446560	12				wc2-insertion
src/main.c	00427BC0	00437D92	00427C30	00465EA9	0	815	245				00446580	FUN_00446580	17				wc2-insertion
src/main.c	00427BC0	00437D92	00427C30	00465EA9	0	815	246				004465A0	PacketLoad	98			0042B050	wc2-insertion
src/main.c	00427BC0	00437D92	00427C30	00465EA9	0	815	247				00446710	DrawPodiumShot	67			00439070	wc2-insertion
src/main.c	00427BC0	00437D92	00427C30	00465EA9	0	815	248				00446823	FUN_00446823	61				wc2-insertion
src/main.c	00427BC0	00437D92	00427C30	00465EA9	0	815	249				00446910	DosStrcat	25			0041C740	wc2-insertion
src/main.c	00427BC0	00437D92	00427C30	00465EA9	0	815	250				00446950	FUN_00446950	11				wc2-insertion
src/main.c	00427BC0	00437D92	00427C30	00465EA9	0	815	251				00446960	FUN_00446960	18				wc2-insertion
src/main.c	00427BC0	00437D92	00427C30	00465EA9	0	815	252				0044698F	FUN_0044698F	42				wc2-insertion
src/main.c	00427BC0	00437D92	00427C30	00465EA9	0	815	253				00446A1D	FUN_00446A1D	82				wc2-insertion
src/main.c	00427BC0	00437D92	00427C30	00465EA9	0	815	254				00446B6A	FUN_00446B6A	94				wc2-insertion
src/main.c	00427BC0	00437D92	00427C30	00465EA9	0	815	255				00446CC2	FUN_00446CC2	29				wc2-insertion
src/main.c	00427BC0	00437D92	00427C30	00465EA9	0	815	256				00446D0D	FUN_00446D0D	30				wc2-insertion
src/main.c	00427BC0	00437D92	00427C30	00465EA9	0	815	257				00446D55	FUN_00446D55	86				wc2-insertion
src/main.c	00427BC0	00437D92	00427C30	00465EA9	0	815	258				00446E9D	FUN_00446E9D	38				wc2-insertion
src/main.c	00427BC0	00437D92	00427C30	00465EA9	0	815	259				00446F14	FUN_00446F14	57				wc2-insertion
src/main.c	00427BC0	00437D92	00427C30	00465EA9	0	815	260				00446FC8	FUN_00446FC8	95				wc2-insertion
src/main.c	00427BC0	00437D92	00427C30	00465EA9	0	815	261				00447170	GetShapeFrameExtent	26			00407710	wc2-insertion
src/main.c	00427BC0	00437D92	00427C30	00465EA9	0	815	262				004471B0	free_viewport	76			0040F940	wc2-insertion
src/main.c	00427BC0	00437D92	00427C30	00465EA9	0	815	263				00447300	LoadCommPortraitResources	33			00431520	wc2-insertion
src/main.c	00427BC0	00437D92	00427C30	00465EA9	0	815	264				00447369	FUN_00447369	28				wc2-insertion
src/main.c	00427BC0	00437D92	00427C30	00465EA9	0	815	265				004473D1	IsCommMenuIdle	17			00430CA0	wc2-insertion
src/main.c	00427BC0	00437D92	00427C30	00465EA9	0	815	266				004473FC	AppendCommMenuChoice	30			00430CB0	wc2-insertion
src/main.c	00427BC0	00437D92	00427C30	00465EA9	0	815	267				00447479	SendCommMenuChoice	27			00430D30	wc2-insertion
src/main.c	00427BC0	00437D92	00427C30	00465EA9	0	815	268				004474CA	OpenCommMenuForTarget	19			00430D50	wc2-insertion
src/main.c	00427BC0	00437D92	00427C30	00465EA9	0	815	269				004474F4	IsCommChoiceMenuOpen	20			00430D80	wc2-insertion
src/main.c	00427BC0	00437D92	00427C30	00465EA9	0	815	270				00447526	OpenCommRecipientMenu	15			00430DC0	wc2-insertion
src/main.c	00427BC0	00437D92	00427C30	00465EA9	0	815	271				00447544	CloseCommChoiceMenu	19			00430DE0	wc2-insertion
src/main.c	00427BC0	00437D92	00427C30	00465EA9	0	815	272				0044756F	wingman_dead	17			00430E10	wc2-insertion
src/main.c	00427BC0	00437D92	00427C30	00465EA9	0	815	273				0044759B	have_target	21			00430E30	wc2-insertion
src/main.c	00427BC0	00437D92	00427C30	00465EA9	0	815	274				004475D3	CanOpenCommMenu	22			00430E50	wc2-insertion
src/main.c	00427BC0	00437D92	00427C30	00465EA9	0	815	275				0044760F	SelectCommRecipient	13			00430E70	wc2-insertion
src/main.c	00427BC0	00437D92	00427C30	00465EA9	0	815	276				00447629	BuildCommunicationRecipientMenu	144			00430E90	wc2-insertion
src/main.c	00427BC0	00437D92	00427C30	00465EA9	0	815	277				00447890	BuildCommunicationCommandMenu	275			00430FC0	wc2-insertion
src/main.c	00427BC0	00437D92	00427C30	00465EA9	0	815	278				00447D85	RefreshCommunicationMenu	28			00431200	wc2-insertion
src/main.c	00427BC0	00437D92	00427C30	00465EA9	0	815	279				00447DE3	HandleCommunicationMenuRequest	32			00431240	wc2-insertion
src/main.c	00427BC0	00437D92	00427C30	00465EA9	0	815	280				00447E47	show_communications_disp	51			00431290	wc2-insertion
src/main.c	00427BC0	00437D92	00427C30	00465EA9	0	815	281				00447EF5	Chosen_communicate_option	68			00431350	wc2-insertion
src/main.c	00427BC0	00437D92	00427C30	00465EA9	0	815	282				00448008	IssueQuickCommCommand	24			00431400	wc2-insertion
src/main.c	00427BC0	00437D92	00427C30	00465EA9	0	815	283				0044804A	FreeCommDisplayResources	13			00431410	wc2-insertion
src/main.c	00427BC0	00437D92	00427C30	00465EA9	0	815	284				00448070	EndCommSessionWithWingman	30			00431470	wc2-insertion
src/main.c	00427BC0	00437D92	00427C30	00465EA9	0	815	285				004480C6	EndCommMenu	20			004314C0	wc2-insertion
src/main.c	00427BC0	00437D92	00427C30	00465EA9	0	815	286				00448100	ShowCentredPrompt	22			004314F0	wc2-insertion
src/main.c	00427BC0	00437D92	00427C30	00465EA9	0	815	287				00448136	ExpandCommMessageTokens	102			004315C0	wc2-insertion
src/main.c	00427BC0	00437D92	00427C30	00465EA9	0	815	288				004482CA	real_vid_transmit	180			004316E0	wc2-insertion
src/main.c	00427BC0	00437D92	00427C30	00465EA9	0	815	289				00448570	FUN_00448570	435				wc2-insertion
src/main.c	00427BC0	00437D92	00427C30	00465EA9	0	815	290				00448D1A	SetViewportHorizontalBounds	16				wc2-insertion
src/main.c	00427BC0	00437D92	00427C30	00465EA9	0	815	291				00448D39	SetViewportVerticalBounds	16				wc2-insertion
src/main.c	00427BC0	00437D92	00427C30	00465EA9	0	815	292				00448D58	FUN_00448D58	1107				wc2-insertion
src/main.c	00427BC0	00437D92	00427C30	00465EA9	0	815	293				00449FAE	FUN_00449FAE	34				wc2-insertion
src/main.c	00427BC0	00437D92	00427C30	00465EA9	0	815	294				0044A009	FUN_0044A009	22				wc2-insertion
src/main.c	00427BC0	00437D92	00427C30	00465EA9	0	815	295				0044A03C	FUN_0044A03C	539				wc2-insertion
src/main.c	00427BC0	00437D92	00427C30	00465EA9	0	815	296				0044A910	FUN_0044A910	129				wc2-insertion
src/main.c	00427BC0	00437D92	00427C30	00465EA9	0	815	297				0044AAE5	FUN_0044AAE5	263				wc2-insertion
src/main.c	00427BC0	00437D92	00427C30	00465EA9	0	815	298				0044ADE0	SetFleetOverviewView	292			00410740	wc2-insertion
src/main.c	00427BC0	00437D92	00427C30	00465EA9	0	815	299				0044B200	set_sphere_point	26			0040B670	wc2-insertion
src/main.c	00427BC0	00437D92	00427C30	00465EA9	0	815	300				0044B239	is_alive	14			0040B6A0	wc2-insertion
src/main.c	00427BC0	00437D92	00427C30	00465EA9	0	815	301				0044B257	check_futurion	20			0040B700	wc2-insertion
src/main.c	00427BC0	00437D92	00427C30	00465EA9	0	815	302				0044B29D	FUN_0044B29D	22				wc2-insertion
src/main.c	00427BC0	00437D92	00427C30	00465EA9	0	815	303				0044B2E2	init_mission	86			0040B730	wc2-insertion
src/main.c	00427BC0	00437D92	00427C30	00465EA9	0	815	304				0044B48F	FUN_0044B48F	207				wc2-insertion
src/main.c	00427BC0	00437D92	00427C30	00465EA9	0	815	305				0044B83C	FUN_0044B83C	99				wc2-insertion
src/main.c	00427BC0	00437D92	00427C30	00465EA9	0	815	306				0044B981	FUN_0044B981	61				wc2-insertion
src/main.c	00427BC0	00437D92	00427C30	00465EA9	0	815	307				0044BA73	prepare_mission	154			0040B7A0	wc2-insertion
src/main.c	00427BC0	00437D92	00427C30	00465EA9	0	815	308				0044BCF7	release_all_capital_ship_shapes	37			0040B940	wc2-insertion
src/main.c	00427BC0	00437D92	00427C30	00465EA9	0	815	309				0044BD83	release_capital_ship_shapes	64			0040B990	wc2-insertion
src/main.c	00427BC0	00437D92	00427C30	00465EA9	0	815	310				0044BE84	FUN_0044BE84	30				wc2-insertion
src/main.c	00427BC0	00437D92	00427C30	00465EA9	0	815	311				0044BEE5	load_ship	553			0040B9F0	wc2-insertion
src/main.c	00427BC0	00437D92	00427C30	00465EA9	0	815	312				0044C796	free_ship	302			0040BC70	wc2-insertion
src/main.c	00427BC0	00437D92	00427C30	00465EA9	0	815	313				0044CC84	free_all_slots	30			0040BE20	wc2-insertion
src/main.c	00427BC0	00437D92	00427C30	00465EA9	0	815	314				0044CCE1	load_all_slots	63			0040BE60	wc2-insertion
src/main.c	00427BC0	00437D92	00427C30	00465EA9	0	815	315				0044CDCF	remove_nav_point_objects	22			0040BEA0	wc2-insertion
src/main.c	00427BC0	00437D92	00427C30	00465EA9	0	815	316				0044CE0A	get_shape_slot	29			0040BEC0	wc2-insertion
src/main.c	00427BC0	00437D92	00427C30	00465EA9	0	815	317				0044CE68	shape_loaded	30			0040BEF0	wc2-insertion
src/main.c	00427BC0	00437D92	00427C30	00465EA9	0	815	318				0044CEC8	shape_needed	31			0040BF20	wc2-insertion
src/main.c	00427BC0	00437D92	00427C30	00465EA9	0	815	319				0044CF2D	new_sphere_shapes	115			0040BF50	wc2-insertion
src/main.c	00427BC0	00437D92	00427C30	00465EA9	0	815	320				0044D0C7	FUN_0044D0C7	156				wc2-insertion
src/main.c	00427BC0	00437D92	00427C30	00465EA9	0	815	321				0044D35D	set_up_action_sphere	229			0040BFF0	wc2-insertion
src/main.c	00427BC0	00437D92	00427C30	00465EA9	0	815	322				0044D72E	room_for_me	67			0040C350	wc2-insertion
src/main.c	00427BC0	00437D92	00427C30	00465EA9	0	815	323				0044D81F	place_ship_near_player_until_valid	36			0040C360	wc2-insertion
src/main.c	00427BC0	00437D92	00427C30	00465EA9	0	815	324				0044D888	set_up_next_wave	90			0040C3C0	wc2-insertion
src/main.c	00427BC0	00437D92	00427C30	00465EA9	0	815	325				0044D9E2	sub_int_vector	31			0040C4A0	wc2-insertion
src/main.c	00427BC0	00437D92	00427C30	00465EA9	0	815	326				0044DA2F	set_formation_position	101			0040C4E0	wc2-insertion
src/main.c	00427BC0	00437D92	00427C30	00465EA9	0	815	327				0044DB7E	Set_up_ship_info	270			0040C5E0	wc2-insertion
src/main.c	00427BC0	00437D92	00427C30	00465EA9	0	815	328				0044E028	is_team_member	33			0040C740	wc2-insertion
src/main.c	00427BC0	00437D92	00427C30	00465EA9	0	815	329				0044E09C	find_next_ship_turn_slot	55			0040C780	wc2-insertion
src/main.c	00427BC0	00437D92	00427C30	00465EA9	0	815	330				0044E187	init_ship	209			0040C800	wc2-insertion
src/main.c	00427BC0	00437D92	00427C30	00465EA9	0	815	331				0044E44F	init_intelligence_data	356			0040C950	wc2-insertion
src/main.c	00427BC0	00437D92	00427C30	00465EA9	0	815	332				0044EA50	FUN_0044EA50	57				wc2-insertion
src/main.c	00427BC0	00437D92	00427C30	00465EA9	0	815	333				0044EB4E	FUN_0044EB4E	37				wc2-insertion
src/main.c	00427BC0	00437D92	00427C30	00465EA9	0	815	334				0044EBCA	ejection_sequence	272			004046A0	wc2-insertion
src/main.c	00427BC0	00437D92	00427C30	00465EA9	0	815	335				0044F010	OpenPacketSection	135			0042D730	wc2-insertion
src/main.c	00427BC0	00437D92	00427C30	00465EA9	0	815	336				0044F1C7	CloseDataFileByHandle	15			0042D870	wc2-insertion
src/main.c	00427BC0	00437D92	00427C30	00465EA9	0	815	337				0044F1F0	SampleBothJoysticks	39			0040CAA0	wc2-insertion
src/main.c	00427BC0	00437D92	00427C30	00465EA9	0	815	338				0044F247	FUN_0044F247	41				wc2-insertion
src/main.c	00427BC0	00437D92	00427C30	00465EA9	0	815	339				0044F2B8	FUN_0044F2B8	12				wc2-insertion
src/main.c	00427BC0	00437D92	00427C30	00465EA9	0	815	340				0044F2CD	FUN_0044F2CD	19				wc2-insertion
src/main.c	00427BC0	00437D92	00427C30	00465EA9	0	815	341				0044F300	FUN_0044F300	11				wc2-insertion
src/main.c	00427BC0	00437D92	00427C30	00465EA9	0	815	342				0044F310	FUN_0044F310	12				wc2-insertion
src/main.c	00427BC0	00437D92	00427C30	00465EA9	0	815	343				0044F322	FUN_0044F322	11				wc2-insertion
src/main.c	00427BC0	00437D92	00427C30	00465EA9	0	815	344				0044F332	SetAwakenBarracksMenuLabel	41			0041B110	wc2-insertion
src/main.c	00427BC0	00437D92	00427C30	00465EA9	0	815	345				0044F3A4	FUN_0044F3A4	22				wc2-insertion
src/main.c	00427BC0	00437D92	00427C30	00465EA9	0	815	346				0044F52E	FUN_0044F52E	35				wc2-insertion
src/main.c	00427BC0	00437D92	00427C30	00465EA9	0	815	347				0044F581	FUN_0044F581	12				wc2-insertion
src/main.c	00427BC0	00437D92	00427C30	00465EA9	0	815	348				0044F5B1	FUN_0044F5B1	11				wc2-insertion
src/main.c	00427BC0	00437D92	00427C30	00465EA9	0	815	349				0044F5C5	FUN_0044F5C5	13				wc2-insertion
src/main.c	00427BC0	00437D92	00427C30	00465EA9	0	815	350				0044F84F	FUN_0044F84F	132				wc2-insertion
src/main.c	00427BC0	00437D92	00427C30	00465EA9	0	815	351				0044FA31	FUN_0044FA31	19				wc2-insertion
src/main.c	00427BC0	00437D92	00427C30	00465EA9	0	815	352				0044FA70	DrawNavTextLine	36			0040CB60	wc2-insertion
src/main.c	00427BC0	00437D92	00427C30	00465EA9	0	815	353				0044FADA	SetNavMapCoordinateScaling	12			0040CBB0	wc2-insertion
src/main.c	00427BC0	00437D92	00427C30	00465EA9	0	815	354				0044FAEF	ScaleNavMapMarkerSize	20			0040CBC0	wc2-insertion
src/main.c	00427BC0	00437D92	00427C30	00465EA9	0	815	355				0044FB19	ScaleNavMapCoordinates	29			0040CBE0	wc2-insertion
src/main.c	00427BC0	00437D92	00427C30	00465EA9	0	815	356				0044FB68	nav_getxy	39			0040CC30	wc2-insertion
src/main.c	00427BC0	00437D92	00427C30	00465EA9	0	815	357				0044FBC8	CheckPoint	38			0040CC80	wc2-insertion
src/main.c	00427BC0	00437D92	00427C30	00465EA9	0	815	358				0044FC37	IncludeNavMapWorldPoint	27			0040CCF0	wc2-insertion
src/main.c	00427BC0	00437D92	00427C30	00465EA9	0	815	359				0044FC6D	SetScale	158			0040CD30	wc2-insertion
src/main.c	00427BC0	00437D92	00427C30	00465EA9	0	815	360				0044FE9F	Build_objective_list	167			0040CED0	wc2-insertion
src/main.c	00427BC0	00437D92	00427C30	00465EA9	0	815	361				00450136	FUN_00450136	34				wc2-insertion
src/main.c	00427BC0	00437D92	00427C30	00465EA9	0	815	362				004501B2	NavMapLabelFits	30			0040D0E0	wc2-insertion
src/main.c	00427BC0	00437D92	00427C30	00465EA9	0	815	363				00450210	NavMapLabelPositionAvailable	81			0040D120	wc2-insertion
src/main.c	00427BC0	00437D92	00427C30	00465EA9	0	815	364				00450329	ResetNavMapReservedAreas	11			0040D1D0	wc2-insertion
src/main.c	00427BC0	00437D92	00427C30	00465EA9	0	815	365				0045033D	ReserveNavMapArea	27			0040D1E0	wc2-insertion
src/main.c	00427BC0	00437D92	00427C30	00465EA9	0	815	366				004503A7	ResetNavMapLabels	11			0040D240	wc2-insertion
src/main.c	00427BC0	00437D92	00427C30	00465EA9	0	815	367				004503BB	TryPlaceNavMapLabel	50			0040D250	wc2-insertion
src/main.c	00427BC0	00437D92	00427C30	00465EA9	0	815	368				00450458	PlaceNavMapLabel	152			0040D2C0	wc2-insertion
src/main.c	00427BC0	00437D92	00427C30	00465EA9	0	815	369				00450623	FUN_00450623	55				wc2-insertion
src/main.c	00427BC0	00437D92	00427C30	00465EA9	0	815	370				004506F8	AddUniqueObjectiveNavLabel	73			0040D410	wc2-insertion
src/main.c	00427BC0	00437D92	00427C30	00465EA9	0	815	371				004507DA	IsPointInNavMapLabel	46			0040D490	wc2-insertion
src/main.c	00427BC0	00437D92	00427C30	00465EA9	0	815	372				0045087F	DrawNavMapLabels	38			0040D540	wc2-insertion
src/main.c	00427BC0	00437D92	00427C30	00465EA9	0	815	373				00450900	DrawNavRectangleMarker	80			0040D5A0	wc2-insertion
src/main.c	00427BC0	00437D92	00427C30	00465EA9	0	815	374				004509C9	DrawNavSquareOutline	32			0040D640	wc2-insertion
src/main.c	00427BC0	00437D92	00427C30	00465EA9	0	815	375				00450A12	DrawNavSquareMarker	94			0040D680	wc2-insertion
src/main.c	00427BC0	00437D92	00427C30	00465EA9	0	815	376				00450B03	DrawNavTriangleOutline	72			0040D740	wc2-insertion
src/main.c	00427BC0	00437D92	00427C30	00465EA9	0	815	377				00450BBA	DrawNavTriangleMarker	46			0040D7D0	wc2-insertion
src/main.c	00427BC0	00437D92	00427C30	00465EA9	0	815	378				00450C2A	DrawNavCrossMarker	78			0040D830	wc2-insertion
src/main.c	00427BC0	00437D92	00427C30	00465EA9	0	815	379				00450CF8	FUN_00450CF8	66				wc2-insertion
src/main.c	00427BC0	00437D92	00427C30	00465EA9	0	815	380				00450DF6	SetScreenClipRect	21			0040D8C0	wc2-insertion
src/main.c	00427BC0	00437D92	00427C30	00465EA9	0	815	381				00450E1E	DrawNavHazardMarker	55			0040D8F0	wc2-insertion
src/main.c	00427BC0	00437D92	00427C30	00465EA9	0	815	382				00450E98	DrawNavPlayerMarker	53			0040D980	wc2-insertion
src/main.c	00427BC0	00437D92	00427C30	00465EA9	0	815	383				00450F1E	FUN_00450F1E	73				wc2-insertion
src/main.c	00427BC0	00437D92	00427C30	00465EA9	0	815	384				00450FE2	BuildMap	391			0040DA00	wc2-insertion
src/main.c	00427BC0	00437D92	00427C30	00465EA9	0	815	385				0045153A	UpdateInflightNavText	70			0040DDA0	wc2-insertion
src/main.c	00427BC0	00437D92	00427C30	00465EA9	0	815	386				00451637	FormatNavCoordinates	24			0040DE70	wc2-insertion
src/main.c	00427BC0	00437D92	00427C30	00465EA9	0	815	387				00451673	DrawSelectedNavLegendEntry	27			0040DEA0	wc2-insertion
src/main.c	00427BC0	00437D92	00427C30	00465EA9	0	815	388				004516C0	DrawNavMapLegend	48			0040DEE0	wc2-insertion
src/main.c	00427BC0	00437D92	00427C30	00465EA9	0	815	389				00451756	nav_note	55			0040DF50	wc2-insertion
src/main.c	00427BC0	00437D92	00427C30	00465EA9	0	815	390				0045180F	DrawNavLocationReadout	188			0040DF70	wc2-insertion
src/main.c	00427BC0	00437D92	00427C30	00465EA9	0	815	391				00451AD3	BriefingMap_LoadShapes	47			0040E190	wc2-insertion
src/main.c	00427BC0	00437D92	00427C30	00465EA9	0	815	392				00451B70	BriefingMap_DisplayMap	61			0040E210	wc2-insertion
src/main.c	00427BC0	00437D92	00427C30	00465EA9	0	815	393				00451C5C	SelectNavObjectiveAtPoint	107			0040E2B0	wc2-insertion
src/main.c	00427BC0	00437D92	00427C30	00465EA9	0	815	394				00451DDB	CentreMouseOnCurrentNavObjective	41			0040E3C0	wc2-insertion
src/main.c	00427BC0	00437D92	00427C30	00465EA9	0	815	395				00451E57	ShowConfedNavScan	36			0040E430	wc2-insertion
src/main.c	00427BC0	00437D92	00427C30	00465EA9	0	815	396				00451EC9	FUN_00451EC9	55				wc2-insertion
src/main.c	00427BC0	00437D92	00427C30	00465EA9	0	815	397				00451FAA	InflightComputer	303			0040E480	wc2-insertion
src/main.c	00427BC0	00437D92	00427C30	00465EA9	0	815	398				00452450	FUN_00452450	325				wc2-insertion
src/main.c	00427BC0	00437D92	00427C30	00465EA9	0	815	399				00452930	FUN_00452930	59				wc2-insertion
src/main.c	00427BC0	00437D92	00427C30	00465EA9	0	815	400				00452A00	StopMusicStream	11				wc2-insertion
src/main.c	00427BC0	00437D92	00427C30	00465EA9	0	815	401				00452A10	SetMusBreakpt	10			0042E380	wc2-insertion
src/main.c	00427BC0	00437D92	00427C30	00465EA9	0	815	402				00452A1B	FUN_00452A1B	10				wc2-insertion
src/main.c	00427BC0	00437D92	00427C30	00465EA9	0	815	403				00452A26	StopMusic	12			0042E350	wc2-insertion
src/main.c	00427BC0	00437D92	00427C30	00465EA9	0	815	404				00452A40	FUN_00452A40	17				wc2-insertion
src/main.c	00427BC0	00437D92	00427C30	00465EA9	0	815	405				00452A64	FUN_00452A64	23				wc2-insertion
src/main.c	00427BC0	00437D92	00427C30	00465EA9	0	815	406				00452A99	PaletteFadeHook	12			0042E390	wc2-insertion
src/main.c	00427BC0	00437D92	00427C30	00465EA9	0	815	407				00452AAB	FlushSoundEffect	14			0042E3A0	wc2-insertion
src/main.c	00427BC0	00437D92	00427C30	00465EA9	0	815	408				00452AC8	FlushSoundEffects	14			0042E3C0	wc2-insertion
src/main.c	00427BC0	00437D92	00427C30	00465EA9	0	815	409				00452AE5	FadeMusic	10			0042E320	wc2-insertion
src/main.c	00427BC0	00437D92	00427C30	00465EA9	0	815	410				00452AF0	SceneLeaveHook	12			0042E3E0	wc2-insertion
src/main.c	00427BC0	00437D92	00427C30	00465EA9	0	815	411				00452B03	ProcessMusicScriptCommand	128			0042E6F0	wc2-insertion
src/main.c	00427BC0	00437D92	00427C30	00465EA9	0	815	412				00452CF4	spacetrack	24			0042E880	wc2-insertion
src/main.c	00427BC0	00437D92	00427C30	00465EA9	0	815	413				00452D32	StopMusicUnlessSuppressed	19			0042E8B0	wc2-insertion
src/main.c	00427BC0	00437D92	00427C30	00465EA9	0	815	414				00452D66	IsMusicTrackComplete	23			0042E8D0	wc2-insertion
src/main.c	00427BC0	00437D92	00427C30	00465EA9	0	815	415				00452DB0	wait_for_end_of_music	42			0042E900	wc2-insertion
src/main.c	00427BC0	00437D92	00427C30	00465EA9	0	815	416				00452E46	new_space_music_changes	91			0042E9E0	wc2-insertion
src/main.c	00427BC0	00437D92	00427C30	00465EA9	0	815	417				00452F90	changetrack	53			0042EAD0	wc2-insertion
src/main.c	00427BC0	00437D92	00427C30	00465EA9	0	815	418				00453085	gametrack	104			0042EB60	wc2-insertion
src/main.c	00427BC0	00437D92	00427C30	00465EA9	0	815	419				00453240	servicetrack	142			0042ECB0	wc2-insertion
src/main.c	00427BC0	00437D92	00427C30	00465EA9	0	815	420				00453496	ResetSoundState	13			0042EE80	wc2-insertion
src/main.c	00427BC0	00437D92	00427C30	00465EA9	0	815	421				004534BA	ResetSoundStateForScene	12			0042EEA0	wc2-insertion
src/main.c	00427BC0	00437D92	00427C30	00465EA9	0	815	422				004534D3	ResetSoundStateForFlight	12			0042EEB0	wc2-insertion
src/main.c	00427BC0	00437D92	00427C30	00465EA9	0	815	423				004534F1	FUN_004534F1	10				wc2-insertion
src/main.c	00427BC0	00437D92	00427C30	00465EA9	0	815	424				004534FC	EnableMusicForScene	14			0042EEE0	wc2-insertion
src/main.c	00427BC0	00437D92	00427C30	00465EA9	0	815	425				0045351A	LogUnknownSoundEffect	16				wc2-insertion
src/main.c	00427BC0	00437D92	00427C30	00465EA9	0	815	426				0045357E	FlushSoundEffectsAndLog	16			0042EF10	wc2-insertion
src/main.c	00427BC0	00437D92	00427C30	00465EA9	0	815	427				004535BB	sound_effect	19			0042EF20	wc2-insertion
src/main.c	00427BC0	00437D92	00427C30	00465EA9	0	815	428				0045373B	PlaySfxWaveFileByNumber	64			0042EF30	wc2-insertion
src/main.c	00427BC0	00437D92	00427C30	00465EA9	0	815	429				00453820	FadeViewportPaletteToColour	179			0042A700	wc2-insertion
src/main.c	00427BC0	00437D92	00427C30	00465EA9	0	815	430				00453A70	GetPacketSize	56			0042F810	wc2-insertion
src/main.c	00427BC0	00437D92	00427C30	00465EA9	0	815	431				00453B30	MeasureTextPixelWidthClamped	52			00418080	wc2-insertion
src/main.c	00427BC0	00437D92	00427C30	00465EA9	0	815	432				00453BD0	FUN_00453BD0	58				wc2-insertion
src/main.c	00427BC0	00437D92	00427C30	00465EA9	0	815	433				00453C80	FUN_00453C80	12				wc2-insertion
src/main.c	00427BC0	00437D92	00427C30	00465EA9	0	815	434				00453C95	CheckLauncherAndConfig	94			00401D10	wc2-insertion
src/main.c	00427BC0	00437D92	00427C30	00465EA9	0	815	435				00453E60	WinMain	169			00401E30	wc2-insertion
src/main.c	00427BC0	00437D92	00427C30	00465EA9	0	815	436				00454103	ShutdownGameWindow	41			00402070	wc2-insertion
src/main.c	00427BC0	00437D92	00427C30	00465EA9	0	815	437				0045418B	ShowNoticeMessageBox	21			004020E0	wc2-insertion
src/main.c	00427BC0	00437D92	00427C30	00465EA9	0	815	438				004541BD	FUN_004541BD	37				wc2-insertion
src/main.c	00427BC0	00437D92	00427C30	00465EA9	0	815	439				0045422D	AbortToDesktop	41			00402110	wc2-insertion
src/main.c	00427BC0	00437D92	00427C30	00465EA9	0	815	440				004542B7	CreateMainWindow	108			00402180	wc2-insertion
src/main.c	00427BC0	00437D92	00427C30	00465EA9	0	815	441				0045445A	PumpWindowMessages	114			00402320	wc2-insertion
src/main.c	00427BC0	00437D92	00427C30	00465EA9	0	815	442				00454625	MainWindowProc	561			00402530	wc2-insertion
src/main.c	00427BC0	00437D92	00427C30	00465EA9	0	815	443				004551E7	FUN_004551E7	88			00402A20	wc2-insertion
src/main.c	00427BC0	00437D92	00427C30	00465EA9	0	815	444				00455346	GetJoystickButtons	17			00402AC0	wc2-insertion
src/main.c	00427BC0	00437D92	00427C30	00465EA9	0	815	445				0045536F	FUN_0045536F	52			00402AE0	wc2-insertion
src/main.c	00427BC0	00437D92	00427C30	00465EA9	0	815	446				00455427	GetApplicationInstance	12			00402B80	wc2-insertion
src/main.c	00427BC0	00437D92	00427C30	00465EA9	0	815	447				0045543C	GetMainWindowHandle	12			00402B90	wc2-insertion
src/main.c	00427BC0	00437D92	00427C30	00465EA9	0	815	448				00455451	GetMainWindowDeviceContext	12			00402BA0	wc2-insertion
src/main.c	00427BC0	00437D92	00427C30	00465EA9	0	815	449				00455466	AllocateGuardedMemory	73			00402BB0	wc2-insertion
src/main.c	00427BC0	00437D92	00427C30	00465EA9	0	815	450				00455565	ReportHeapGuardCorruption	52			00402CA0	wc2-insertion
src/main.c	00427BC0	00437D92	00427C30	00465EA9	0	815	451				00455624	CheckAllGuardedAllocations	10			00402D40	wc2-insertion
src/main.c	00427BC0	00437D92	00427C30	00465EA9	0	815	452				0045562F	IsFreedHeapBlockTracked	34				wc2-insertion
src/main.c	00427BC0	00437D92	00427C30	00465EA9	0	815	453				00455697	FUN_00455697	38				wc2-insertion
src/main.c	00427BC0	00437D92	00427C30	00465EA9	0	815	454				00455715	TrackFreedHeapBlock	33				wc2-insertion
src/main.c	00427BC0	00437D92	00427C30	00465EA9	0	815	455				00455787	FUN_00455787	52				wc2-insertion
src/main.c	00427BC0	00437D92	00427C30	00465EA9	0	815	456				00455836	FUN_00455836	27				wc2-insertion
src/main.c	00427BC0	00437D92	00427C30	00465EA9	0	815	457				00455882	FUN_00455882	133				wc2-insertion
src/main.c	00427BC0	00437D92	00427C30	00465EA9	0	815	458				00455A85	SetMousePosition	15			00402E80	wc2-insertion
src/main.c	00427BC0	00437D92	00427C30	00465EA9	0	815	459				00455A9E	FUN_00455A9E	17				wc2-insertion
src/main.c	00427BC0	00437D92	00427C30	00465EA9	0	815	460				00455AC8	PollKeyboardState	129			00402EA0	wc2-insertion
src/main.c	00427BC0	00437D92	00427C30	00465EA9	0	815	461				00455D2D	FUN_00455D2D	14				wc2-insertion
src/main.c	00427BC0	00437D92	00427C30	00465EA9	0	815	462				00455D48	FUN_00455D48	14				wc2-insertion
src/main.c	00427BC0	00437D92	00427C30	00465EA9	0	815	463				00455D63	FUN_00455D63	14				wc2-insertion
src/main.c	00427BC0	00437D92	00427C30	00465EA9	0	815	464				00455D7E	FUN_00455D7E	14				wc2-insertion
src/main.c	00427BC0	00437D92	00427C30	00465EA9	0	815	465				00455D99	FUN_00455D99	14				wc2-insertion
src/main.c	00427BC0	00437D92	00427C30	00465EA9	0	815	466				00455DB4	FUN_00455DB4	14				wc2-insertion
src/main.c	00427BC0	00437D92	00427C30	00465EA9	0	815	467				00455DCF	FUN_00455DCF	14				wc2-insertion
src/main.c	00427BC0	00437D92	00427C30	00465EA9	0	815	468				00455DEA	FUN_00455DEA	14				wc2-insertion
src/main.c	00427BC0	00437D92	00427C30	00465EA9	0	815	469				00455E05	FUN_00455E05	14				wc2-insertion
src/main.c	00427BC0	00437D92	00427C30	00465EA9	0	815	470				00455E23	FUN_00455E23	14				wc2-insertion
src/main.c	00427BC0	00437D92	00427C30	00465EA9	0	815	471				00455E3E	FUN_00455E3E	14				wc2-insertion
src/main.c	00427BC0	00437D92	00427C30	00465EA9	0	815	472				00455E59	FUN_00455E59	14				wc2-insertion
src/main.c	00427BC0	00437D92	00427C30	00465EA9	0	815	473				00455E74	FUN_00455E74	14				wc2-insertion
src/main.c	00427BC0	00437D92	00427C30	00465EA9	0	815	474				00455E8F	GetShiftKeyState	14			00403060	wc2-insertion
src/main.c	00427BC0	00437D92	00427C30	00465EA9	0	815	475				00455EAA	GetKeyboardModifiers	12			00403080	wc2-insertion
src/main.c	00427BC0	00437D92	00427C30	00465EA9	0	815	476				00455EBF	GetControlKeyState	14			00403070	wc2-insertion
src/main.c	00427BC0	00437D92	00427C30	00465EA9	0	815	477				00455EDA	FUN_00455EDA	14				wc2-insertion
src/main.c	00427BC0	00437D92	00427C30	00465EA9	0	815	478				00455EF5	GetGameClockTicks	19			00403090	wc2-insertion
src/main.c	00427BC0	00437D92	00427C30	00465EA9	0	815	479				00455F23	InitGameClockEpoch	19			004030B0	wc2-insertion
src/main.c	00427BC0	00437D92	00427C30	00465EA9	0	815	480				00455F59	WriteDebugString	36			004030D0	wc2-insertion
src/main.c	00427BC0	00437D92	00427C30	00465EA9	0	815	481				00455FD3	FUN_00455FD3	16				wc2-insertion
src/main.c	00427BC0	00437D92	00427C30	00465EA9	0	815	482				00455FF1	FUN_00455FF1	69				wc2-insertion
src/main.c	00427BC0	00437D92	00427C30	00465EA9	0	815	483				004560C0	FUN_004560C0	35				wc2-insertion
src/main.c	00427BC0	00437D92	00427C30	00465EA9	0	815	484				00456123	LocateStreamsDirOnDisc	68			004031C0	wc2-insertion
src/main.c	00427BC0	00437D92	00427C30	00465EA9	0	815	485				00456236	FindCdRomDriveByVolumeLabel	108			00403290	wc2-insertion
src/main.c	00427BC0	00437D92	00427C30	00465EA9	0	815	486				004563A3	SetCurrentDirOnDrive	36			004033E0	wc2-insertion
src/main.c	00427BC0	00437D92	00427C30	00465EA9	0	815	487				0045641B	TakeInputPressCount	16				wc2-insertion
src/main.c	00427BC0	00437D92	00427C30	00465EA9	0	815	488				00456443	PromptInsertCorrectCd	48			00403450	wc2-insertion
src/main.c	00427BC0	00437D92	00427C30	00465EA9	0	815	489				004564F0	FUN_004564F0	31				wc2-insertion
src/main.c	00427BC0	00437D92	00427C30	00465EA9	0	815	490				0045655D	FUN_0045655D	190				wc2-insertion
src/main.c	00427BC0	00437D92	00427C30	00465EA9	0	815	491				004568E0	LoadShapeSet	58			00423CE0	wc2-insertion
src/main.c	00427BC0	00437D92	00427C30	00465EA9	0	815	492				00456988	FreeShapeSet	26			00423D50	wc2-insertion
src/main.c	00427BC0	00437D92	00427C30	00465EA9	0	815	493				004569C8	LoadPacketResourceList	56			00423D80	wc2-insertion
src/main.c	00427BC0	00437D92	00427C30	00465EA9	0	815	494				00456A68	ResetCockpitPaletteEntries	50			00423E10	wc2-insertion
src/main.c	00427BC0	00437D92	00427C30	00465EA9	0	815	495				00456B1A	initialize_cockpit	558			00423E90	wc2-insertion
src/main.c	00427BC0	00437D92	00427C30	00465EA9	0	815	496				00457434	InitializeConstellationObject	100			004242D0	wc2-insertion
src/main.c	00427BC0	00437D92	00427C30	00465EA9	0	815	497				00457587	FreeConstellationObject	20			004243B0	wc2-insertion
src/main.c	00427BC0	00437D92	00427C30	00465EA9	0	815	498				004575B4	init_constellation	64			004243E0	wc2-insertion
src/main.c	00427BC0	00437D92	00427C30	00465EA9	0	815	499				004576AB	free_constellation	34			00424490	wc2-insertion
src/main.c	00427BC0	00437D92	00427C30	00465EA9	0	815	500				00457720	init_vdus	48			004244E0	wc2-insertion
src/main.c	00427BC0	00437D92	00427C30	00465EA9	0	815	501				004577D7	InitializeCockpitResources	598			004245B0	wc2-insertion
src/main.c	00427BC0	00437D92	00427C30	00465EA9	0	815	502				00458196	free_cockpit	178			004249A0	wc2-insertion
src/main.c	00427BC0	00437D92	00427C30	00465EA9	0	815	503				00458467	init_3Space_objects	46			00424A80	wc2-insertion
src/main.c	00427BC0	00437D92	00427C30	00465EA9	0	815	504				00458532	load_common_3Space_objects	76			00424B00	wc2-insertion
src/main.c	00427BC0	00437D92	00427C30	00465EA9	0	815	505				0045865D	remove_all_3d_objects	22			00424B80	wc2-insertion
src/main.c	00427BC0	00437D92	00427C30	00465EA9	0	815	506				00458698	free_3Space	32			00424BA0	wc2-insertion
src/main.c	00427BC0	00437D92	00427C30	00465EA9	0	815	507				00458716	free_3Space_objects	52			00424BE0	wc2-insertion
src/main.c	00427BC0	00437D92	00427C30	00465EA9	0	815	508				004587E0	init_inflight_music	13			00424C60	wc2-insertion
src/main.c	00427BC0	00437D92	00427C30	00465EA9	0	815	509				00458806	free_inflight_music	26			00424C80	wc2-insertion
src/main.c	00427BC0	00437D92	00427C30	00465EA9	0	815	510				0045887B	FUN_0045887B	42				wc2-insertion
src/main.c	00427BC0	00437D92	00427C30	00465EA9	0	815	511				0045890E	FUN_0045890E	47				wc2-insertion
src/main.c	00427BC0	00437D92	00427C30	00465EA9	0	815	512				004589D0	FUN_004589D0	60				wc2-insertion
src/main.c	00427BC0	00437D92	00427C30	00465EA9	0	815	513				00458A90	FUN_00458A90	83				wc2-insertion
src/main.c	00427BC0	00437D92	00427C30	00465EA9	0	815	514				00458B8C	FUN_00458B8C	79				wc2-insertion
src/main.c	00427BC0	00437D92	00427C30	00465EA9	0	815	515				00458C81	FUN_00458C81	95				wc2-insertion
src/main.c	00427BC0	00437D92	00427C30	00465EA9	0	815	516				00458D94	FUN_00458D94	44				wc2-insertion
src/main.c	00427BC0	00437D92	00427C30	00465EA9	0	815	517				00458E10	FUN_00458E10	11				wc2-insertion
src/main.c	00427BC0	00437D92	00427C30	00465EA9	0	815	518				00458E20	IsSoundHardwarePresent	13			0042F940	wc2-insertion
src/main.c	00427BC0	00437D92	00427C30	00465EA9	0	815	519				00458E39	MessagePumpHook	11			0042F950	wc2-insertion
src/main.c	00427BC0	00437D92	00427C30	00465EA9	0	815	520				00458E49	PushMemoryStackFrame	45			0042F960	wc2-insertion
src/main.c	00427BC0	00437D92	00427C30	00465EA9	0	815	521				00458EED	IsPushedPacketHandle	31			0042F9E0	wc2-insertion
src/main.c	00427BC0	00437D92	00427C30	00465EA9	0	815	522				00458F5A	MapPacketHandleToBlock	50			0042FA20	wc2-insertion
src/main.c	00427BC0	00437D92	00427C30	00465EA9	0	815	523				0045901D	AllocateTaggedMemory	37			0042FA90	wc2-insertion
src/main.c	00427BC0	00437D92	00427C30	00465EA9	0	815	524				00459082	ReleasePacketHandle	48			0042FAE0	wc2-insertion
src/main.c	00427BC0	00437D92	00427C30	00465EA9	0	815	525				00459134	GetAvailableFarMemoryByType	12			0042FB20	wc2-insertion
src/main.c	00427BC0	00437D92	00427C30	00465EA9	0	815	526				00459149	GetLargestFreeMemoryBlockByType	12			0042FB30	wc2-insertion
src/main.c	00427BC0	00437D92	00427C30	00465EA9	0	815	527				00459160	FUN_00459160	76			0042B9A0	wc2-insertion
src/main.c	00427BC0	00437D92	00427C30	00465EA9	0	815	528				0045924D	FUN_0045924D	26				wc2-insertion
src/main.c	00427BC0	00437D92	00427C30	00465EA9	0	815	529				00459294	FUN_00459294	38				wc2-insertion
src/main.c	00427BC0	00437D92	00427C30	00465EA9	0	815	530				0045930A	FUN_0045930A	23				wc2-insertion
src/main.c	00427BC0	00437D92	00427C30	00465EA9	0	815	531				00459348	ClearTextInputCharacter	49			00426140	wc2-insertion
src/main.c	00427BC0	00437D92	00427C30	00465EA9	0	815	532				004593D6	InitializeModalTextPanel	118			0041A9D0	wc2-insertion
src/main.c	00427BC0	00437D92	00427C30	00465EA9	0	815	533				00459527	DrawModalTextPanel	48			0041AAE0	wc2-insertion
src/main.c	00427BC0	00437D92	00427C30	00465EA9	0	815	534				004595AA	RestoreModalTextPanel	28			0041AB60	wc2-insertion
src/main.c	00427BC0	00437D92	00427C30	00465EA9	0	815	535				004595EF	ShowModalTextPanel	124			0041AB90	wc2-insertion
src/main.c	00427BC0	00437D92	00427C30	00465EA9	0	815	536				0045979B	ReleaseModalTextPanel	23			0041AD10	wc2-insertion
src/main.c	00427BC0	00437D92	00427C30	00465EA9	0	815	537				004597E3	FUN_004597E3	263			00426200	wc2-insertion
src/main.c	00427BC0	00437D92	00427C30	00465EA9	0	815	538				00459BC8	LoadPaletteTripletsFile	43			00404610	wc2-insertion
src/main.c	00427BC0	00437D92	00427C30	00465EA9	0	815	539				00459C4D	ShowChalkBoard	81			00440510	wc2-insertion
src/main.c	00427BC0	00437D92	00427C30	00465EA9	0	815	540				00459D74	funeral_sequence	153			00408DE0	wc2-insertion
src/main.c	00427BC0	00437D92	00427C30	00465EA9	0	815	541				0045A010	OpenDataFileOrDie	22			004034D0	wc2-insertion
src/main.c	00427BC0	00437D92	00427C30	00465EA9	0	815	542				0045A04A	CloseDataFile	16			00403500	wc2-insertion
src/main.c	00427BC0	00437D92	00427C30	00465EA9	0	815	543				0045A06C	WriteDataFileAtOffset	58			00403520	wc2-insertion
src/main.c	00427BC0	00437D92	00427C30	00465EA9	0	815	544				0045A12D	CreateDataFile	35			004035C0	wc2-insertion
src/main.c	00427BC0	00437D92	00427C30	00465EA9	0	815	545				0045A19B	ReadDataFileAtOffset	58			00403610	wc2-insertion
src/main.c	00427BC0	00437D92	00427C30	00465EA9	0	815	546				0045A259	SeekDataFile	35			004036B0	wc2-insertion
src/main.c	00427BC0	00437D92	00427C30	00465EA9	0	815	547				0045A2C0	InitializeFireworks	21			0042D270	wc2-insertion
src/main.c	00427BC0	00437D92	00427C30	00465EA9	0	815	548				0045A300	TheEndFireWorks	85			0042D2A0	wc2-insertion
src/main.c	00427BC0	00437D92	00427C30	00465EA9	0	815	549				0045A441	InitializeConstellationField	102			0042D390	wc2-insertion
src/main.c	00427BC0	00437D92	00427C30	00465EA9	0	815	550				0045A5C7	FUN_0045A5C7	34				wc2-insertion
src/main.c	00427BC0	00437D92	00427C30	00465EA9	0	815	551				0045A634	DrawConstellationField	394			0042D500	wc2-insertion
src/main.c	00427BC0	00437D92	00427C30	00465EA9	0	815	552				0045AC50	DebugOverlayConsole::DebugOverlayConsole	158			0041C760	wc2-insertion
src/main.c	00427BC0	00437D92	00427C30	00465EA9	0	815	553				0045AE6C	FUN_0045AE6C	36				wc2-insertion
src/main.c	00427BC0	00437D92	00427C30	00465EA9	0	815	554				0045AEE4	DebugOverlayWorkerProc	95			0041C960	wc2-insertion
src/main.c	00427BC0	00437D92	00427C30	00465EA9	0	815	555				0045B04E	FUN_0045B04E	38				wc2-insertion
src/main.c	00427BC0	00437D92	00427C30	00465EA9	0	815	556				0045B0BB	DebugOverlayPrintf	146			0041CAB0	wc2-insertion
src/main.c	00427BC0	00437D92	00427C30	00465EA9	0	815	557				0045B2E0	DebugOverlayConsole::Clear	39			0041CC00	wc2-insertion
src/main.c	00427BC0	00437D92	00427C30	00465EA9	0	815	558				0045B348	DebugOverlayConsole::Scroll	57			0041CC50	wc2-insertion
src/main.c	00427BC0	00437D92	00427C30	00465EA9	0	815	559				0045B3DC	DebugOverlayConsole::DrawPendingLines	64			0041CCC0	wc2-insertion
src/main.c	00427BC0	00437D92	00427C30	00465EA9	0	815	560				0045B49C	DebugOverlayConsole::WaitForKey	55			0041CD40	wc2-insertion
src/main.c	00427BC0	00437D92	00427C30	00465EA9	0	815	561				0045B55C	DebugOverlayConsole::DisableReverseVideo	41			0041CF50	wc2-insertion
src/main.c	00427BC0	00437D92	00427C30	00465EA9	0	815	562				0045B5D8	DebugOverlayConsole::EnableReverseVideo	41			0041CF00	wc2-insertion
src/main.c	00427BC0	00437D92	00427C30	00465EA9	0	815	563				0045B654	DebugOverlayConsole::SetOverlayTextColor	38			0041CFA0	wc2-insertion
src/main.c	00427BC0	00437D92	00427C30	00465EA9	0	815	564				0045B6BB	DebugOverlayConsole::SetOverlayBackgroundColor	38			0041CFF0	wc2-insertion
src/main.c	00427BC0	00437D92	00427C30	00465EA9	0	815	565				0045B722	DebugOverlayConsole::SetTransparentBackground	32			0041D040	wc2-insertion
src/main.c	00427BC0	00437D92	00427C30	00465EA9	0	815	566				0045B77A	FUN_0045B77A	32				wc2-insertion
src/main.c	00427BC0	00437D92	00427C30	00465EA9	0	815	567				0045B7E0	FUN_0045B7E0	17				wc2-insertion
src/main.c	00427BC0	00437D92	00427C30	00465EA9	0	815	568				0045B810	LoadGamePaletteFile	63			004219C0	wc2-insertion
src/main.c	00427BC0	00437D92	00427C30	00465EA9	0	815	569				0045B905	EMShutDown	14			00421A40	wc2-insertion
src/main.c	00427BC0	00437D92	00427C30	00465EA9	0	815	570				0045B924	EMStartUp	46			00421AB0	wc2-insertion
src/main.c	00427BC0	00437D92	00427C30	00465EA9	0	815	571				0045B9D3	LoadOriginFxDrivers	301			00421B10	wc2-insertion
src/main.c	00427BC0	00437D92	00427C30	00465EA9	0	815	572				0045BF30	FUN_0045BF30	49				wc2-insertion
src/main.c	00427BC0	00437D92	00427C30	00465EA9	0	815	573				0045C04B	FUN_0045C04B	22				wc2-insertion
src/main.c	00427BC0	00437D92	00427C30	00465EA9	0	815	574				0045C088	InitializeGameTextContexts	42			00421D80	wc2-insertion
src/main.c	00427BC0	00437D92	00427C30	00465EA9	0	815	575				0045C128	InitializeRoomViewports	33			0043F810	wc2-insertion
src/main.c	00427BC0	00437D92	00427C30	00465EA9	0	815	576				0045C1A1	initialize_direction_view_frame	66			00421E20	wc2-insertion
src/main.c	00427BC0	00437D92	00427C30	00465EA9	0	815	577				0045C279	initialize_direction_view_frames	70			00421EF0	wc2-insertion
src/main.c	00427BC0	00437D92	00427C30	00465EA9	0	815	578				0045C35C	FUN_0045C35C	41				wc2-insertion
src/main.c	00427BC0	00437D92	00427C30	00465EA9	0	815	579				0045C3EF	FUN_0045C3EF	10				wc2-insertion
src/main.c	00427BC0	00437D92	00427C30	00465EA9	0	815	580				0045C3FA	FUN_0045C3FA	14				wc2-insertion
src/main.c	00427BC0	00437D92	00427C30	00465EA9	0	815	581				0045C419	FUN_0045C419	77				wc2-insertion
src/main.c	00427BC0	00437D92	00427C30	00465EA9	0	815	582				0045C558	main	258			004274E0	wc2-insertion
src/main.c	00427BC0	00437D92	00427C30	00465EA9	0	815	583				0045CA50	LogDisplayMode	20			0042E020	wc2-insertion
src/main.c	00427BC0	00437D92	00427C30	00465EA9	0	815	584				0045CA80	CalcRectangleArea	30			0042E050	wc2-insertion
src/main.c	00427BC0	00437D92	00427C30	00465EA9	0	815	585				0045CAD2	AllocateViewport	134			0042E090	wc2-insertion
src/main.c	00427BC0	00437D92	00427C30	00465EA9	0	815	586				0045CCB0	FUN_0045CCB0	12				wc2-insertion
src/main.c	00427BC0	00437D92	00427C30	00465EA9	0	815	587				0045CCC5	FUN_0045CCC5	18				wc2-insertion
src/main.c	00427BC0	00437D92	00427C30	00465EA9	0	815	588				0045CCF3	FUN_0045CCF3	12				wc2-insertion
src/main.c	00427BC0	00437D92	00427C30	00465EA9	0	815	589				0045CD08	FUN_0045CD08	16				wc2-insertion
src/main.c	00427BC0	00437D92	00427C30	00465EA9	0	815	590				0045CD2C	ThrottleFrameAndDrawFps	88			00431F00	wc2-insertion
src/main.c	00427BC0	00437D92	00427C30	00465EA9	0	815	591				0045CE9A	ReportSpaceFlightMaxFps	41			00432050	wc2-insertion
src/main.c	00427BC0	00437D92	00427C30	00465EA9	0	815	592				0045CF3B	FUN_0045CF3B	18				wc2-insertion
src/main.c	00427BC0	00437D92	00427C30	00465EA9	0	815	593				0045CF7F	SetSpaceFlightFrameTiming	18			004320E0	wc2-insertion
src/main.c	00427BC0	00437D92	00427C30	00465EA9	0	815	594				0045CFC3	SetCinematicFrameTiming	18			00432110	wc2-insertion
src/main.c	00427BC0	00437D92	00427C30	00465EA9	0	815	595				0045D004	DIBerror	81			00432140	wc2-insertion
src/main.c	00427BC0	00437D92	00427C30	00465EA9	0	815	596				0045D11F	DIBpositionWindow	46			00432230	wc2-insertion
src/main.c	00427BC0	00437D92	00427C30	00465EA9	0	815	597				0045D1BB	DIBreInstall	39			004322B0	wc2-insertion
src/main.c	00427BC0	00437D92	00427C30	00465EA9	0	815	598				0045D23B	DIBinstall	100			00432310	wc2-insertion
src/main.c	00427BC0	00437D92	00427C30	00465EA9	0	815	599				0045D3A1	DIBcascade	272			00432410	wc2-insertion
src/main.c	00427BC0	00437D92	00427C30	00465EA9	0	815	600				0045D78C	DIBunInstall	38			00432680	wc2-insertion
src/main.c	00427BC0	00437D92	00427C30	00465EA9	0	815	601				0045D80F	DIBmakeDIB	146			004326E0	wc2-insertion
src/main.c	00427BC0	00437D92	00427C30	00465EA9	0	815	602				0045DA8C	DIBdestroyDIB	62			004328A0	wc2-insertion
src/main.c	00427BC0	00437D92	00427C30	00465EA9	0	815	603				0045DB8C	MarkDibDirty	32				wc2-insertion
src/main.c	00427BC0	00437D92	00427C30	00465EA9	0	815	604				0045DBFF	FUN_0045DBFF	12				wc2-insertion
src/main.c	00427BC0	00437D92	00427C30	00465EA9	0	815	605				0045DC19	DIBslam	12			00432960	wc2-insertion
src/main.c	00427BC0	00437D92	00427C30	00465EA9	0	815	606				0045DC33	DIBslamReal	277			00432970	wc2-insertion
src/main.c	00427BC0	00437D92	00427C30	00465EA9	0	815	607				0045E060	DIBupdate	143			00432C60	wc2-insertion
src/main.c	00427BC0	00437D92	00427C30	00465EA9	0	815	608				0045E276	GetDIBPixelBuffer	12			00432DE0	wc2-insertion
src/main.c	00427BC0	00437D92	00427C30	00465EA9	0	815	609				0045E28B	FUN_0045E28B	11				wc2-insertion
src/main.c	00427BC0	00437D92	00427C30	00465EA9	0	815	610				0045E29B	FUN_0045E29B	12				wc2-insertion
src/main.c	00427BC0	00437D92	00427C30	00465EA9	0	815	611				0045E2B0	FUN_0045E2B0	12				wc2-insertion
src/main.c	00427BC0	00437D92	00427C30	00465EA9	0	815	612				0045E2C5	GetDIBWindowHandle	12			00432E00	wc2-insertion
src/main.c	00427BC0	00437D92	00427C30	00465EA9	0	815	613				0045E2DA	CachePaletteEntryFromWords	40			00432E30	wc2-insertion
src/main.c	00427BC0	00437D92	00427C30	00465EA9	0	815	614				0045E37C	DIBramPalette	52			00432EA0	wc2-insertion
src/main.c	00427BC0	00437D92	00427C30	00465EA9	0	815	615				0045E46C	DIBsetPalette	112			00432F10	wc2-insertion
src/main.c	00427BC0	00437D92	00427C30	00465EA9	0	815	616				0045E61C	GetPaletteEntryAsWords	23			00433020	wc2-insertion
src/main.c	00427BC0	00437D92	00427C30	00465EA9	0	815	617				0045E667	DIBwholePaletteFromTriplets	95			00433060	wc2-insertion
src/main.c	00427BC0	00437D92	00427C30	00465EA9	0	815	618				0045E816	DIBwholePaletteFromWords	95			00433120	wc2-insertion
src/main.c	00427BC0	00437D92	00427C30	00465EA9	0	815	619				0045E9C5	DIBwaitForVerticalBlank	18			004331E0	wc2-insertion
src/main.c	00427BC0	00437D92	00427C30	00465EA9	0	815	620				0045E9F0	FUN_0045E9F0	413				wc2-insertion
src/main.c	00427BC0	00437D92	00427C30	00465EA9	0	815	621				0045F200	HandleFleetOverviewInput	127			00428D10	wc2-insertion
src/main.c	00427BC0	00437D92	00427C30	00465EA9	0	815	622				0045F439	FUN_0045F439	245				wc2-insertion
src/main.c	00427BC0	00437D92	00427C30	00465EA9	0	815	623				0045F7EC	FUN_0045F7EC	679				wc2-insertion
src/main.c	00427BC0	00437D92	00427C30	00465EA9	0	815	624				004601F1	FUN_004601F1	21				wc2-insertion
src/main.c	00427BC0	00437D92	00427C30	00465EA9	0	815	625				00460242	FUN_00460242	37				wc2-insertion
src/main.c	00427BC0	00437D92	00427C30	00465EA9	0	815	626				004602BE	FUN_004602BE	57				wc2-insertion
src/main.c	00427BC0	00437D92	00427C30	00465EA9	0	815	627				004603C5	FUN_004603C5	47				wc2-insertion
src/main.c	00427BC0	00437D92	00427C30	00465EA9	0	815	628				00460498	FUN_00460498	100				wc2-insertion
src/main.c	00427BC0	00437D92	00427C30	00465EA9	0	815	629				00460650	PlayScrambleHangarScene	163			004079C0	wc2-insertion
src/main.c	00427BC0	00437D92	00427C30	00465EA9	0	815	630				004608E8	FUN_004608E8	155				wc2-insertion
src/main.c	00427BC0	00437D92	00427C30	00465EA9	0	815	631				00460BAF	FUN_00460BAF	12				wc2-insertion
src/main.c	00427BC0	00437D92	00427C30	00465EA9	0	815	632				00460BCC	FUN_00460BCC	87				wc2-insertion
src/main.c	00427BC0	00437D92	00427C30	00465EA9	0	815	633				00460D3E	FUN_00460D3E	52				wc2-insertion
src/main.c	00427BC0	00437D92	00427C30	00465EA9	0	815	634				00460DFE	FUN_00460DFE	199				wc2-insertion
src/main.c	00427BC0	00437D92	00427C30	00465EA9	0	815	635				004610BC	FUN_004610BC	173				wc2-insertion
src/main.c	00427BC0	00437D92	00427C30	00465EA9	0	815	636				004612C1	FUN_004612C1	61				wc2-insertion
src/main.c	00427BC0	00437D92	00427C30	00465EA9	0	815	637				0046138D	DrawBarracksBunks	56			0041BBD0	wc2-insertion
src/main.c	00427BC0	00437D92	00427C30	00465EA9	0	815	638				00461456	FUN_00461456	11				wc2-insertion
src/main.c	00427BC0	00437D92	00427C30	00465EA9	0	815	639				00461466	FUN_00461466	11				wc2-insertion
src/main.c	00427BC0	00437D92	00427C30	00465EA9	0	815	640				00461480	FUN_00461480	81				wc2-insertion
src/main.c	00427BC0	00437D92	00427C30	00465EA9	0	815	641				004615A2	FUN_004615A2	56				wc2-insertion
src/main.c	00427BC0	00437D92	00427C30	00465EA9	0	815	642				0046166D	select_new_gun	28			0042AE10	wc2-insertion
src/main.c	00427BC0	00437D92	00427C30	00465EA9	0	815	643				004616B8	select_new_release_weapon	129			0042AE50	wc2-insertion
src/main.c	00427BC0	00437D92	00427C30	00465EA9	0	815	644				004618E0	RandomBelow	16			00434CD0	wc2-insertion
src/main.c	00427BC0	00437D92	00427C30	00465EA9	0	815	645				004618FF	SeedRandomFromClock	17			00434CF0	wc2-insertion
src/main.c	00427BC0	00437D92	00427C30	00465EA9	0	815	646				00461922	GetRandomWord	15				wc2-insertion
src/main.c	00427BC0	00437D92	00427C30	00465EA9	0	815	647				00461942	RandomInRange	33			00434D20	wc2-insertion
src/main.c	00427BC0	00437D92	00427C30	00465EA9	0	815	648				004619A1	RandomBelowOrEqual	25			00434D50	wc2-insertion
src/main.c	00427BC0	00437D92	00427C30	00465EA9	0	815	649				004619E2	MultiplyFixed	27			00434D80	wc2-insertion
src/main.c	00427BC0	00437D92	00427C30	00465EA9	0	815	650				00461A2D	DivideFixed	32			00434DB0	wc2-insertion
src/main.c	00427BC0	00437D92	00427C30	00465EA9	0	815	651				00461A91	SinFixed	25			00434E00	wc2-insertion
src/main.c	00427BC0	00437D92	00427C30	00465EA9	0	815	652				00461AD6	CosFixed	25			00434E30	wc2-insertion
src/main.c	00427BC0	00437D92	00427C30	00465EA9	0	815	653				00461B1B	ArcSin	28			00434E60	wc2-insertion
src/main.c	00427BC0	00437D92	00427C30	00465EA9	0	815	654				00461B6B	ArcCos	28			00434E90	wc2-insertion
src/main.c	00427BC0	00437D92	00427C30	00465EA9	0	815	655				00461BBB	Magnitude	28			00434EC0	wc2-insertion
src/main.c	00427BC0	00437D92	00427C30	00465EA9	0	815	656				00461C06	PlanarMagnitude	37			00434EE0	wc2-insertion
src/main.c	00427BC0	00437D92	00427C30	00465EA9	0	815	657				00461C71	Vector_magnitude	49			00434F20	wc2-insertion
src/main.c	00427BC0	00437D92	00427C30	00465EA9	0	815	658				00461D02	SetTextCursor	16			00434F70	wc2-insertion
src/main.c	00427BC0	00437D92	00427C30	00465EA9	0	815	659				00461D29	SetTextContext	21			00434FA0	wc2-insertion
src/main.c	00427BC0	00437D92	00427C30	00465EA9	0	815	660				00461D68	WaitForVerticalBlankThunk	12			00434FB0	wc2-insertion
src/main.c	00427BC0	00437D92	00427C30	00465EA9	0	815	661				00461D7D	IdentityHandle	12			00434FC0	wc2-insertion
src/main.c	00427BC0	00437D92	00427C30	00465EA9	0	815	662				00461D90	SetWholePaletteFromTriplets	14			00434FD0	wc2-insertion
src/main.c	00427BC0	00437D92	00427C30	00465EA9	0	815	663				00461DA7	ReadWord	13			00434FE0	wc2-insertion
src/main.c	00427BC0	00437D92	00427C30	00465EA9	0	815	664				00461DBD	GetFontCharWidth	15			00434FF0	wc2-insertion
src/main.c	00427BC0	00437D92	00427C30	00465EA9	0	815	665				00461DE0	FUN_00461DE0	11				wc2-insertion
src/main.c	00427BC0	00437D92	00427C30	00465EA9	0	815	666				00461DF0	GetShapeFrameBounds	57			00435020	wc2-insertion
src/main.c	00427BC0	00437D92	00427C30	00465EA9	0	815	667				00461E97	IsPointInRect	34			00435090	wc2-insertion
src/main.c	00427BC0	00437D92	00427C30	00465EA9	0	815	668				00461EFE	SplitPackedPoint	19			004350D0	wc2-insertion
src/main.c	00427BC0	00437D92	00427C30	00465EA9	0	815	669				00461F22	DrawTextString	186			004350F0	wc2-insertion
src/main.c	00427BC0	00437D92	00427C30	00465EA9	0	815	670				004621D5	DrawTextCharacter	67			00435290	wc2-insertion
src/main.c	00427BC0	00437D92	00427C30	00465EA9	0	815	671				004622BD	FUN_004622BD	20				wc2-insertion
src/main.c	00427BC0	00437D92	00427C30	00465EA9	0	815	672				004622EE	FUN_004622EE	98				wc2-insertion
src/main.c	00427BC0	00437D92	00427C30	00465EA9	0	815	673				0046243F	FUN_0046243F	12				wc2-insertion
src/main.c	00427BC0	00437D92	00427C30	00465EA9	0	815	674				00462452	DosNearPtrToFar	12			00435420	wc2-insertion
src/main.c	00427BC0	00437D92	00427C30	00465EA9	0	815	675				00462465	DosStrrchr	17			00435430	wc2-insertion
src/main.c	00427BC0	00437D92	00427C30	00465EA9	0	815	676				00462486	DosStrchr	17			00435450	wc2-insertion
src/main.c	00427BC0	00437D92	00427C30	00465EA9	0	815	677				004624A7	ix_system_configure	17			00447426	wc2-insertion
src/main.c	00427BC0	00437D92	00427C30	00465EA9	0	815	678				004624C7	FUN_004624C7	23			00461AB0	wc2-insertion
src/main.c	00427BC0	00437D92	00427C30	00465EA9	0	815	679				0046250B	DosStrlen	15			004354D0	wc2-insertion
src/main.c	00427BC0	00437D92	00427C30	00465EA9	0	815	680				00462527	FUN_00462527	20				wc2-insertion
src/main.c	00427BC0	00437D92	00427C30	00465EA9	0	815	681				00462550	FUN_00462550	20				wc2-insertion
src/main.c	00427BC0	00437D92	00427C30	00465EA9	0	815	682				0046257A	FUN_0046257A	12				wc2-insertion
src/main.c	00427BC0	00437D92	00427C30	00465EA9	0	815	683				0046258D	FUN_0046258D	11				wc2-insertion
src/main.c	00427BC0	00437D92	00427C30	00465EA9	0	815	684				0046259D	FUN_0046259D	18				wc2-insertion
src/main.c	00427BC0	00437D92	00427C30	00465EA9	0	815	685				004625CB	FUN_004625CB	16				wc2-insertion
src/main.c	00427BC0	00437D92	00427C30	00465EA9	0	815	686				004625F2	FUN_004625F2	12				wc2-insertion
src/main.c	00427BC0	00437D92	00427C30	00465EA9	0	815	687				00462605	FUN_00462605	11				wc2-insertion
src/main.c	00427BC0	00437D92	00427C30	00465EA9	0	815	688				00462615	FUN_00462615	11				wc2-insertion
src/main.c	00427BC0	00437D92	00427C30	00465EA9	0	815	689				00462625	TranslatePolledInputEvent	142			004355F0	wc2-insertion
src/main.c	00427BC0	00437D92	00427C30	00465EA9	0	815	690				00462849	QueueInputEventAtCursor	30			004356A0	wc2-insertion
src/main.c	00427BC0	00437D92	00427C30	00465EA9	0	815	691				00462890	AllocateInputEvent	45			004356E0	wc2-insertion
src/main.c	00427BC0	00437D92	00427C30	00465EA9	0	815	692				0046294F	ReleaseInputEvent	25			00435760	wc2-insertion
src/main.c	00427BC0	00437D92	00427C30	00465EA9	0	815	693				004629A7	QueueInputEvent	145			00435790	wc2-insertion
src/main.c	00427BC0	00437D92	00427C30	00465EA9	0	815	694				00462C43	ReleaseInputEventQueue	29			004358B0	wc2-insertion
src/main.c	00427BC0	00437D92	00427C30	00465EA9	0	815	695				00462C9C	RetainInputEventsOfType	54			004358E0	wc2-insertion
src/main.c	00427BC0	00437D92	00427C30	00465EA9	0	815	696				00462D48	RemoveInputEvent	51			00435940	wc2-insertion
src/main.c	00427BC0	00437D92	00427C30	00465EA9	0	815	697				00462DFC	GetNextInputEvent	265			004359C0	wc2-insertion
src/main.c	00427BC0	00437D92	00427C30	00465EA9	0	815	698				0046327F	PollInputEvent	18			00435CC0	wc2-insertion
src/main.c	00427BC0	00437D92	00427C30	00465EA9	0	815	699				004632A5	PeekInputEvent	94			00435CE0	wc2-insertion
src/main.c	00427BC0	00437D92	00427C30	00465EA9	0	815	700				004633E7	FindQueuedInputEvent	94			00435D80	wc2-insertion
src/main.c	00427BC0	00437D92	00427C30	00465EA9	0	815	701				0046354F	FlushInputEvents	15			00435DB0	wc2-insertion
src/main.c	00427BC0	00437D92	00427C30	00465EA9	0	815	702				00463571	InitializeMouseCursorDepth	13			00435DC0	wc2-insertion
src/main.c	00427BC0	00437D92	00427C30	00465EA9	0	815	703				0046358F	FUN_0046358F	12				wc2-insertion
src/main.c	00427BC0	00437D92	00427C30	00465EA9	0	815	704				004635A3	FUN_004635A3	11				wc2-insertion
src/main.c	00427BC0	00437D92	00427C30	00465EA9	0	815	705				004635B3	FUN_004635B3	11				wc2-insertion
src/main.c	00427BC0	00437D92	00427C30	00465EA9	0	815	706				004635C3	FUN_004635C3	11				wc2-insertion
src/main.c	00427BC0	00437D92	00427C30	00465EA9	0	815	707				004635D3	CheckCursor	11			00435DE0	wc2-insertion
src/main.c	00427BC0	00437D92	00427C30	00465EA9	0	815	708				004635E3	CaptureMouseCursorBackground	63			00435E20	wc2-insertion
src/main.c	00427BC0	00437D92	00427C30	00465EA9	0	815	709				004636F7	DrawMouseCursor	57			00435EF0	wc2-insertion
src/main.c	00427BC0	00437D92	00427C30	00465EA9	0	815	710				004637F4	RestoreMouseCursorBackground	60			00435FA0	wc2-insertion
src/main.c	00427BC0	00437D92	00427C30	00465EA9	0	815	711				004638F1	RefreshMouseCursorDisplay	30			00436060	wc2-insertion
src/main.c	00427BC0	00437D92	00427C30	00465EA9	0	815	712				0046396C	ResumeMouseCursor	13			004360D0	wc2-insertion
src/main.c	00427BC0	00437D92	00427C30	00465EA9	0	815	713				00463BA1	FUN_00463BA1	14				wc2-insertion
src/main.c	00427BC0	00437D92	00427C30	00465EA9	0	815	714				00463E19	SuspendMouseCursor	13			004360E0	wc2-insertion
src/main.c	00427BC0	00437D92	00427C30	00465EA9	0	815	715				00463EEE	SetMouseCursorShape	36			004360F0	wc2-insertion
src/main.c	00427BC0	00437D92	00427C30	00465EA9	0	815	716				00463F74	SetMouseHomePosition	21			00436160	wc2-insertion
src/main.c	00427BC0	00437D92	00427C30	00465EA9	0	815	717				00463FAA	ApplyPackedMousePosition	21			00436190	wc2-insertion
src/main.c	00427BC0	00437D92	00427C30	00465EA9	0	815	718				00463FE0	FUN_00463FE0	17				wc2-insertion
src/main.c	00427BC0	00437D92	00427C30	00465EA9	0	815	719				00464009	SetFrameTimerPeriod	14			004361E0	wc2-insertion
src/main.c	00427BC0	00437D92	00427C30	00465EA9	0	815	720				00464021	SetFrameTimerAndWait	15			004361F0	wc2-insertion
src/main.c	00427BC0	00437D92	00427C30	00465EA9	0	815	721				0046403D	SetFrameTimerPeriodDirect	14			00436210	wc2-insertion
src/main.c	00427BC0	00437D92	00427C30	00465EA9	0	815	722				00464055	WaitForFrameTick	13			00436230	wc2-insertion
src/main.c	00427BC0	00437D92	00427C30	00465EA9	0	815	723				00464072	IsFrameTickElapsed	16			00436240	wc2-insertion
src/main.c	00427BC0	00437D92	00427C30	00465EA9	0	815	724				0046409B	FUN_0046409B	30				wc2-insertion
src/main.c	00427BC0	00437D92	00427C30	00465EA9	0	815	725				004640E4	FUN_004640E4	11				wc2-insertion
src/main.c	00427BC0	00437D92	00427C30	00465EA9	0	815	726				004640F4	FUN_004640F4	15				wc2-insertion
src/main.c	00427BC0	00437D92	00427C30	00465EA9	0	815	727				00464123	FUN_00464123	16				wc2-insertion
src/main.c	00427BC0	00437D92	00427C30	00465EA9	0	815	728				00464141	GetSoundHardwareFlag	12			00436260	wc2-insertion
src/main.c	00427BC0	00437D92	00427C30	00465EA9	0	815	729				00464153	FUN_00464153	14				wc2-insertion
src/main.c	00427BC0	00437D92	00427C30	00465EA9	0	815	730				0046416A	TimerResetHook	11			004362A0	wc2-insertion
src/main.c	00427BC0	00437D92	00427C30	00465EA9	0	815	731				0046417A	GetVideoReleaseResult	12			004362B0	wc2-insertion
src/main.c	00427BC0	00437D92	00427C30	00465EA9	0	815	732				0046418D	IdentityWord	12			004362C0	wc2-insertion
src/main.c	00427BC0	00437D92	00427C30	00465EA9	0	815	733				004641A0	TimerStopHook	11			004362D0	wc2-insertion
src/main.c	00427BC0	00437D92	00427C30	00465EA9	0	815	734				004641B0	GetAvailableFarMemory	12			004362E0	wc2-insertion
src/main.c	00427BC0	00437D92	00427C30	00465EA9	0	815	735				004641C5	GetLargestFreeMemoryBlock	12			004362F0	wc2-insertion
src/main.c	00427BC0	00437D92	00427C30	00465EA9	0	815	736				004641DA	FUN_004641DA	12				wc2-insertion
src/main.c	00427BC0	00437D92	00427C30	00465EA9	0	815	737				004641EC	FUN_004641EC	11				wc2-insertion
src/main.c	00427BC0	00437D92	00427C30	00465EA9	0	815	738				004641FC	FUN_004641FC	12				wc2-insertion
src/main.c	00427BC0	00437D92	00427C30	00465EA9	0	815	739				0046420E	FUN_0046420E	12				wc2-insertion
src/main.c	00427BC0	00437D92	00427C30	00465EA9	0	815	740				00464220	FUN_00464220	12				wc2-insertion
src/main.c	00427BC0	00437D92	00427C30	00465EA9	0	815	741				00464233	FUN_00464233	11				wc2-insertion
src/main.c	00427BC0	00437D92	00427C30	00465EA9	0	815	742				00464243	FUN_00464243	12				wc2-insertion
src/main.c	00427BC0	00437D92	00427C30	00465EA9	0	815	743				00464255	FUN_00464255	12				wc2-insertion
src/main.c	00427BC0	00437D92	00427C30	00465EA9	0	815	744				00464268	FUN_00464268	12				wc2-insertion
src/main.c	00427BC0	00437D92	00427C30	00465EA9	0	815	745				0046427B	FUN_0046427B	11				wc2-insertion
src/main.c	00427BC0	00437D92	00427C30	00465EA9	0	815	746				0046428B	ClearInputKeyStatePreservingModifiers	27			004363A0	wc2-insertion
src/main.c	00427BC0	00437D92	00427C30	00465EA9	0	815	747				004642D6	ClearInputKeyState	16			004363E0	wc2-insertion
src/main.c	00427BC0	00437D92	00427C30	00465EA9	0	815	748				004642FA	FUN_004642FA	11				wc2-insertion
src/main.c	00427BC0	00437D92	00427C30	00465EA9	0	815	749				0046430A	FUN_0046430A	11				wc2-insertion
src/main.c	00427BC0	00437D92	00427C30	00465EA9	0	815	750				0046431A	SetInputKeyState	26			00436420	wc2-insertion
src/main.c	00427BC0	00437D92	00427C30	00465EA9	0	815	751				0046436E	BuildObjectDepthOrder	87			00436460	wc2-insertion
src/main.c	00427BC0	00437D92	00427C30	00465EA9	0	815	752				004644DA	draw_sorted_objects_to_buffer	133			00436520	wc2-insertion
src/main.c	00427BC0	00437D92	00427C30	00465EA9	0	815	753				0046470E	intro_drawbackgroundships	109			00436650	wc2-insertion
src/main.c	00427BC0	00437D92	00427C30	00465EA9	0	815	754				004648C5	set_up_screen_viewport	92			00436740	wc2-insertion
src/main.c	00427BC0	00437D92	00427C30	00465EA9	0	815	755				00464A5E	FUN_00464A5E	12				wc2-insertion
src/main.c	00427BC0	00437D92	00427C30	00465EA9	0	815	756				00464A70	FUN_00464A70	11				wc2-insertion
src/main.c	00427BC0	00437D92	00427C30	00465EA9	0	815	757				00464A80	FUN_00464A80	11				wc2-insertion
src/main.c	00427BC0	00437D92	00427C30	00465EA9	0	815	758				00464A90	FUN_00464A90	11				wc2-insertion
src/main.c	00427BC0	00437D92	00427C30	00465EA9	0	815	759				00464AA0	MouseIdleHook	11			004368C0	wc2-insertion
src/main.c	00427BC0	00437D92	00427C30	00465EA9	0	815	760				00464AB0	GetNavRangeSentinel	12			004368E0	wc2-insertion
src/main.c	00427BC0	00437D92	00427C30	00465EA9	0	815	761				00464AC4	GetOriginalFreeMemory	12			004368F0	wc2-insertion
src/main.c	00427BC0	00437D92	00427C30	00465EA9	0	815	762				00464AD8	FUN_00464AD8	11				wc2-insertion
src/main.c	00427BC0	00437D92	00427C30	00465EA9	0	815	763				00464AE8	StartupHook	11			00436900	wc2-insertion
src/main.c	00427BC0	00437D92	00427C30	00465EA9	0	815	764				00464AF8	FUN_00464AF8	12				wc2-insertion
src/main.c	00427BC0	00437D92	00427C30	00465EA9	0	815	765				00464B0B	JoystickEdgeHook	11			00436910	wc2-insertion
src/main.c	00427BC0	00437D92	00427C30	00465EA9	0	815	766				00464B1B	FUN_00464B1B	16				wc2-insertion
src/main.c	00427BC0	00437D92	00427C30	00465EA9	0	815	767				00464B3A	FreeIfNotNull	17			00436950	wc2-insertion
src/main.c	00427BC0	00437D92	00427C30	00465EA9	0	815	768				00464B60	FUN_00464B60	12				wc2-insertion
src/main.c	00427BC0	00437D92	00427C30	00465EA9	0	815	769				00464B72	FUN_00464B72	11				wc2-insertion
src/main.c	00427BC0	00437D92	00427C30	00465EA9	0	815	770				00464B82	FUN_00464B82	11				wc2-insertion
src/main.c	00427BC0	00437D92	00427C30	00465EA9	0	815	771				00464B92	FUN_00464B92	12				wc2-insertion
src/main.c	00427BC0	00437D92	00427C30	00465EA9	0	815	772				00464BA5	FUN_00464BA5	12				wc2-insertion
src/main.c	00427BC0	00437D92	00427C30	00465EA9	0	815	773				00464BB8	FUN_00464BB8	12				wc2-insertion
src/main.c	00427BC0	00437D92	00427C30	00465EA9	0	815	774				00464BCB	FUN_00464BCB	11				wc2-insertion
src/main.c	00427BC0	00437D92	00427C30	00465EA9	0	815	775				00464BDB	FUN_00464BDB	11				wc2-insertion
src/main.c	00427BC0	00437D92	00427C30	00465EA9	0	815	776				00464BEB	FUN_00464BEB	12				wc2-insertion
src/main.c	00427BC0	00437D92	00427C30	00465EA9	0	815	777				00464BFE	IsVectorWithinRange	29			00436A00	wc2-insertion
src/main.c	00427BC0	00437D92	00427C30	00465EA9	0	815	778				00464C4B	FUN_00464C4B	33				wc2-insertion
src/main.c	00427BC0	00437D92	00427C30	00465EA9	0	815	779				00464CA4	FUN_00464CA4	53				wc2-insertion
src/main.c	00427BC0	00437D92	00427C30	00465EA9	0	815	780				00464D5F	ServiceInputDevices	45				wc2-insertion
src/main.c	00427BC0	00437D92	00427C30	00465EA9	0	815	781				00464E06	SetInputViewport	13				wc2-insertion
src/main.c	00427BC0	00437D92	00427C30	00465EA9	0	815	782				00464E1E	ClearInputPump	14				wc2-insertion
src/main.c	00427BC0	00437D92	00427C30	00465EA9	0	815	783				00464E35	SetMenuInputPump	14				wc2-insertion
src/main.c	00427BC0	00437D92	00427C30	00465EA9	0	815	784				00464E4F	ConfigureInputPump	16				wc2-insertion
src/main.c	00427BC0	00437D92	00427C30	00465EA9	0	815	785				00464E73	FUN_00464E73	38				wc2-insertion
src/main.c	00427BC0	00437D92	00427C30	00465EA9	0	815	786				00464EE0	FUN_00464EE0	11				wc2-insertion
src/main.c	00427BC0	00437D92	00427C30	00465EA9	0	815	787				00464EF0	FUN_00464EF0	11				wc2-insertion
src/main.c	00427BC0	00437D92	00427C30	00465EA9	0	815	788				00464F00	FUN_00464F00	11				wc2-insertion
src/main.c	00427BC0	00437D92	00427C30	00465EA9	0	815	789				00464F10	FUN_00464F10	12				wc2-insertion
src/main.c	00427BC0	00437D92	00427C30	00465EA9	0	815	790				00464F25	GetNamedPacketSize	17				wc2-insertion
src/main.c	00427BC0	00437D92	00427C30	00465EA9	0	815	791				00464F45	LoadNamedPacket	25				wc2-insertion
src/main.c	00427BC0	00437D92	00427C30	00465EA9	0	815	792				00464F75	FUN_00464F75	36				wc2-insertion
src/main.c	00427BC0	00437D92	00427C30	00465EA9	0	815	793				00464FD7	FUN_00464FD7	11				wc2-insertion
src/main.c	00427BC0	00437D92	00427C30	00465EA9	0	815	794				00464FE7	FUN_00464FE7	27				wc2-insertion
src/main.c	00427BC0	00437D92	00427C30	00465EA9	0	815	795				0046502E	FUN_0046502E	11				wc2-insertion
src/main.c	00427BC0	00437D92	00427C30	00465EA9	0	815	796				0046503E	FUN_0046503E	11				wc2-insertion
src/main.c	00427BC0	00437D92	00427C30	00465EA9	0	815	797				0046504E	FUN_0046504E	11				wc2-insertion
src/main.c	00427BC0	00437D92	00427C30	00465EA9	0	815	798				0046505E	AlignSpriteFrameToRectCorner	101			0042E1D0	wc2-insertion
src/main.c	00427BC0	00437D92	00427C30	00465EA9	0	815	799				004651B7	GetViewportIntersection	291				wc2-insertion
src/main.c	00427BC0	00437D92	00427C30	00465EA9	0	815	800				00465644	FUN_00465644	53				wc2-insertion
src/main.c	00427BC0	00437D92	00427C30	00465EA9	0	815	801				004656CC	FUN_004656CC	15				wc2-insertion
src/main.c	00427BC0	00437D92	00427C30	00465EA9	0	815	802				004656EB	FUN_004656EB	15				wc2-insertion
src/main.c	00427BC0	00437D92	00427C30	00465EA9	0	815	803				0046570E	FUN_0046570E	12				wc2-insertion
src/main.c	00427BC0	00437D92	00427C30	00465EA9	0	815	804				00465730	FUN_00465730	24				wc2-insertion
src/main.c	00427BC0	00437D92	00427C30	00465EA9	0	815	805				00465780	FUN_00465780	14				wc2-insertion
src/main.c	00427BC0	00437D92	00427C30	00465EA9	0	815	806				0046579D	LogMemoryUsage	69			004272F0	wc2-insertion
src/main.c	00427BC0	00437D92	00427C30	00465EA9	0	815	807				0046589D	FUN_0046589D	29				wc2-insertion
src/main.c	00427BC0	00437D92	00427C30	00465EA9	0	815	808				004658E9	FUN_004658E9	14				wc2-insertion
src/main.c	00427BC0	00437D92	00427C30	00465EA9	0	815	809				00465906	FUN_00465906	12				wc2-insertion
src/main.c	00427BC0	00437D92	00427C30	00465EA9	0	815	810				0046591A	GameFlow	204			0040F4B0	wc2-insertion
src/main.c	00427BC0	00437D92	00427C30	00465EA9	0	815	811				00465CBC	free_view_buffer	20			004279D0	wc2-insertion
src/main.c	00427BC0	00437D92	00427C30	00465EA9	0	815	812				00465CF6	initialize_view_buffer	29			00427A00	wc2-insertion
src/main.c	00427BC0	00437D92	00427C30	00465EA9	0	815	813				00465D55	dump_buffer_to_screen	50			00427A40	wc2-insertion
src/main.c	00427BC0	00437D92	00427C30	00465EA9	0	815	814				00465E25	SelectNextExternalViewObject	29			00428C90	wc2-insertion
src/main.c	00427BC0	00437D92	00427C30	00465EA9	0	815	815				00465E88	clear_view_buffer	15			00427B00	wc2-insertion
src/main.c	00427C50	00465EE9	00427CA0	00465F5B	1	1	1	00427C80	TriggerPlayerHitPaletteFlash	5	00465F3A	TriggerPlayerHitPaletteFlash	13	00465F3A	86.67	00427C80	confirmed-order
src/main.c	00427D40	0046604F	00427E40	004661C2	1	0	1	00427DF0	init_player_input	16							wc1-elimination
src/main.c	00427E40	004661C2	00428480	00466908	1	1	1	00427F20	process_player_input	293	004663A2	process_player_input	249	004663A2	46.37	00427F20	confirmed-order
src/mathfp.c	00434CF0	004618FF	00434D20	00461942	1	1	1	00434D10	_rand	1	00461922	GetRandomWord	15				untracked-export
src/mathfp.c	00434D20	00461942	00434E00	00461A91	3	3	1	00434D50	RandomBelowOrEqual	17	004619A1	RandomBelowOrEqual	25	004619A1	80.00	00434D50	confirmed-order
src/mathfp.c	00434D20	00461942	00434E00	00461A91	3	3	2	00434D80	MultiplyFixed	10	004619E2	MultiplyFixed	27	004619E2	85.19	00434D80	confirmed-order
src/mathfp.c	00434D20	00461942	00434E00	00461A91	3	3	3	00434DB0	DivideFixed	19	00461A2D	DivideFixed	32	00461A2D	87.50	00434DB0	confirmed-order
src/mathfp.c	00434FF0	00461DBD	00435090	00461E97	2	2	1	00435010	ReleaseVideoResourcesHook	1	00461DE0	FUN_00461DE0	11				candidate-unmapped
src/mathfp.c	00434FF0	00461DBD	00435090	00461E97	2	2	2	00435020	GetShapeFrameBounds	34	00461DF0	GetShapeFrameBounds	57	00461DF0	80.70	00435020	confirmed-order
src/mono.c	00403D60	004378D9	00403DB0	00437946	0	1	1				00437907	FUN_00437907	25				wc2-insertion
src/music.c	0042D870	0044F1C7	0042E020	0045CA50	4	246	1	0042D880	DecompressPacketSection	222	0044F1F0	SampleBothJoysticks	39			0040CAA0	unequal-gap-position
src/music.c	0042D870	0044F1C7	0042E020	0045CA50	4	246	2	0042DB70	GetTargetColourIndex	5	0044F247	FUN_0044F247	41				unequal-gap-position
src/music.c	0042D870	0044F1C7	0042E020	0045CA50	4	246	3	0042DB90	show_target_disp	223	0044F2B8	FUN_0044F2B8	12	0043FAC0	75.34		unequal-gap-position
src/music.c	0042D870	0044F1C7	0042E020	0045CA50	4	246	4	0042DEA0	DrawTargetRangeReadout	103	0044F2CD	FUN_0044F2CD	19	0043FF40	63.89		unequal-gap-position
src/music.c	0042D870	0044F1C7	0042E020	0045CA50	4	246	5				0044F300	FUN_0044F300	11				wc2-insertion
src/music.c	0042D870	0044F1C7	0042E020	0045CA50	4	246	6				0044F310	FUN_0044F310	12				wc2-insertion
src/music.c	0042D870	0044F1C7	0042E020	0045CA50	4	246	7				0044F322	FUN_0044F322	11				wc2-insertion
src/music.c	0042D870	0044F1C7	0042E020	0045CA50	4	246	8				0044F332	SetAwakenBarracksMenuLabel	41			0041B110	wc2-insertion
src/music.c	0042D870	0044F1C7	0042E020	0045CA50	4	246	9				0044F3A4	FUN_0044F3A4	22				wc2-insertion
src/music.c	0042D870	0044F1C7	0042E020	0045CA50	4	246	10				0044F52E	FUN_0044F52E	35				wc2-insertion
src/music.c	0042D870	0044F1C7	0042E020	0045CA50	4	246	11				0044F581	FUN_0044F581	12				wc2-insertion
src/music.c	0042D870	0044F1C7	0042E020	0045CA50	4	246	12				0044F5B1	FUN_0044F5B1	11				wc2-insertion
src/music.c	0042D870	0044F1C7	0042E020	0045CA50	4	246	13				0044F5C5	FUN_0044F5C5	13				wc2-insertion
src/music.c	0042D870	0044F1C7	0042E020	0045CA50	4	246	14				0044F84F	FUN_0044F84F	132				wc2-insertion
src/music.c	0042D870	0044F1C7	0042E020	0045CA50	4	246	15				0044FA31	FUN_0044FA31	19				wc2-insertion
src/music.c	0042D870	0044F1C7	0042E020	0045CA50	4	246	16				0044FA70	DrawNavTextLine	36			0040CB60	wc2-insertion
src/music.c	0042D870	0044F1C7	0042E020	0045CA50	4	246	17				0044FADA	SetNavMapCoordinateScaling	12			0040CBB0	wc2-insertion
src/music.c	0042D870	0044F1C7	0042E020	0045CA50	4	246	18				0044FAEF	ScaleNavMapMarkerSize	20			0040CBC0	wc2-insertion
src/music.c	0042D870	0044F1C7	0042E020	0045CA50	4	246	19				0044FB19	ScaleNavMapCoordinates	29			0040CBE0	wc2-insertion
src/music.c	0042D870	0044F1C7	0042E020	0045CA50	4	246	20				0044FB68	nav_getxy	39			0040CC30	wc2-insertion
src/music.c	0042D870	0044F1C7	0042E020	0045CA50	4	246	21				0044FBC8	CheckPoint	38			0040CC80	wc2-insertion
src/music.c	0042D870	0044F1C7	0042E020	0045CA50	4	246	22				0044FC37	IncludeNavMapWorldPoint	27			0040CCF0	wc2-insertion
src/music.c	0042D870	0044F1C7	0042E020	0045CA50	4	246	23				0044FC6D	SetScale	158			0040CD30	wc2-insertion
src/music.c	0042D870	0044F1C7	0042E020	0045CA50	4	246	24				0044FE9F	Build_objective_list	167			0040CED0	wc2-insertion
src/music.c	0042D870	0044F1C7	0042E020	0045CA50	4	246	25				00450136	FUN_00450136	34				wc2-insertion
src/music.c	0042D870	0044F1C7	0042E020	0045CA50	4	246	26				004501B2	NavMapLabelFits	30			0040D0E0	wc2-insertion
src/music.c	0042D870	0044F1C7	0042E020	0045CA50	4	246	27				00450210	NavMapLabelPositionAvailable	81			0040D120	wc2-insertion
src/music.c	0042D870	0044F1C7	0042E020	0045CA50	4	246	28				00450329	ResetNavMapReservedAreas	11			0040D1D0	wc2-insertion
src/music.c	0042D870	0044F1C7	0042E020	0045CA50	4	246	29				0045033D	ReserveNavMapArea	27			0040D1E0	wc2-insertion
src/music.c	0042D870	0044F1C7	0042E020	0045CA50	4	246	30				004503A7	ResetNavMapLabels	11			0040D240	wc2-insertion
src/music.c	0042D870	0044F1C7	0042E020	0045CA50	4	246	31				004503BB	TryPlaceNavMapLabel	50			0040D250	wc2-insertion
src/music.c	0042D870	0044F1C7	0042E020	0045CA50	4	246	32				00450458	PlaceNavMapLabel	152			0040D2C0	wc2-insertion
src/music.c	0042D870	0044F1C7	0042E020	0045CA50	4	246	33				00450623	FUN_00450623	55				wc2-insertion
src/music.c	0042D870	0044F1C7	0042E020	0045CA50	4	246	34				004506F8	AddUniqueObjectiveNavLabel	73			0040D410	wc2-insertion
src/music.c	0042D870	0044F1C7	0042E020	0045CA50	4	246	35				004507DA	IsPointInNavMapLabel	46			0040D490	wc2-insertion
src/music.c	0042D870	0044F1C7	0042E020	0045CA50	4	246	36				0045087F	DrawNavMapLabels	38			0040D540	wc2-insertion
src/music.c	0042D870	0044F1C7	0042E020	0045CA50	4	246	37				00450900	DrawNavRectangleMarker	80			0040D5A0	wc2-insertion
src/music.c	0042D870	0044F1C7	0042E020	0045CA50	4	246	38				004509C9	DrawNavSquareOutline	32			0040D640	wc2-insertion
src/music.c	0042D870	0044F1C7	0042E020	0045CA50	4	246	39				00450A12	DrawNavSquareMarker	94			0040D680	wc2-insertion
src/music.c	0042D870	0044F1C7	0042E020	0045CA50	4	246	40				00450B03	DrawNavTriangleOutline	72			0040D740	wc2-insertion
src/music.c	0042D870	0044F1C7	0042E020	0045CA50	4	246	41				00450BBA	DrawNavTriangleMarker	46			0040D7D0	wc2-insertion
src/music.c	0042D870	0044F1C7	0042E020	0045CA50	4	246	42				00450C2A	DrawNavCrossMarker	78			0040D830	wc2-insertion
src/music.c	0042D870	0044F1C7	0042E020	0045CA50	4	246	43				00450CF8	FUN_00450CF8	66				wc2-insertion
src/music.c	0042D870	0044F1C7	0042E020	0045CA50	4	246	44				00450DF6	SetScreenClipRect	21			0040D8C0	wc2-insertion
src/music.c	0042D870	0044F1C7	0042E020	0045CA50	4	246	45				00450E1E	DrawNavHazardMarker	55			0040D8F0	wc2-insertion
src/music.c	0042D870	0044F1C7	0042E020	0045CA50	4	246	46				00450E98	DrawNavPlayerMarker	53			0040D980	wc2-insertion
src/music.c	0042D870	0044F1C7	0042E020	0045CA50	4	246	47				00450F1E	FUN_00450F1E	73				wc2-insertion
src/music.c	0042D870	0044F1C7	0042E020	0045CA50	4	246	48				00450FE2	BuildMap	391			0040DA00	wc2-insertion
src/music.c	0042D870	0044F1C7	0042E020	0045CA50	4	246	49				0045153A	UpdateInflightNavText	70			0040DDA0	wc2-insertion
src/music.c	0042D870	0044F1C7	0042E020	0045CA50	4	246	50				00451637	FormatNavCoordinates	24			0040DE70	wc2-insertion
src/music.c	0042D870	0044F1C7	0042E020	0045CA50	4	246	51				00451673	DrawSelectedNavLegendEntry	27			0040DEA0	wc2-insertion
src/music.c	0042D870	0044F1C7	0042E020	0045CA50	4	246	52				004516C0	DrawNavMapLegend	48			0040DEE0	wc2-insertion
src/music.c	0042D870	0044F1C7	0042E020	0045CA50	4	246	53				00451756	nav_note	55			0040DF50	wc2-insertion
src/music.c	0042D870	0044F1C7	0042E020	0045CA50	4	246	54				0045180F	DrawNavLocationReadout	188			0040DF70	wc2-insertion
src/music.c	0042D870	0044F1C7	0042E020	0045CA50	4	246	55				00451AD3	BriefingMap_LoadShapes	47			0040E190	wc2-insertion
src/music.c	0042D870	0044F1C7	0042E020	0045CA50	4	246	56				00451B70	BriefingMap_DisplayMap	61			0040E210	wc2-insertion
src/music.c	0042D870	0044F1C7	0042E020	0045CA50	4	246	57				00451C5C	SelectNavObjectiveAtPoint	107			0040E2B0	wc2-insertion
src/music.c	0042D870	0044F1C7	0042E020	0045CA50	4	246	58				00451DDB	CentreMouseOnCurrentNavObjective	41			0040E3C0	wc2-insertion
src/music.c	0042D870	0044F1C7	0042E020	0045CA50	4	246	59				00451E57	ShowConfedNavScan	36			0040E430	wc2-insertion
src/music.c	0042D870	0044F1C7	0042E020	0045CA50	4	246	60				00451EC9	FUN_00451EC9	55				wc2-insertion
src/music.c	0042D870	0044F1C7	0042E020	0045CA50	4	246	61				00451FAA	InflightComputer	303			0040E480	wc2-insertion
src/music.c	0042D870	0044F1C7	0042E020	0045CA50	4	246	62				00452450	FUN_00452450	325				wc2-insertion
src/music.c	0042D870	0044F1C7	0042E020	0045CA50	4	246	63				00452930	FUN_00452930	59				wc2-insertion
src/music.c	0042D870	0044F1C7	0042E020	0045CA50	4	246	64				00452A00	StopMusicStream	11				wc2-insertion
src/music.c	0042D870	0044F1C7	0042E020	0045CA50	4	246	65				00452A10	SetMusBreakpt	10			0042E380	wc2-insertion
src/music.c	0042D870	0044F1C7	0042E020	0045CA50	4	246	66				00452A1B	FUN_00452A1B	10				wc2-insertion
src/music.c	0042D870	0044F1C7	0042E020	0045CA50	4	246	67				00452A26	StopMusic	12			0042E350	wc2-insertion
src/music.c	0042D870	0044F1C7	0042E020	0045CA50	4	246	68				00452A40	FUN_00452A40	17				wc2-insertion
src/music.c	0042D870	0044F1C7	0042E020	0045CA50	4	246	69				00452A64	FUN_00452A64	23				wc2-insertion
src/music.c	0042D870	0044F1C7	0042E020	0045CA50	4	246	70				00452A99	PaletteFadeHook	12			0042E390	wc2-insertion
src/music.c	0042D870	0044F1C7	0042E020	0045CA50	4	246	71				00452AAB	FlushSoundEffect	14			0042E3A0	wc2-insertion
src/music.c	0042D870	0044F1C7	0042E020	0045CA50	4	246	72				00452AC8	FlushSoundEffects	14			0042E3C0	wc2-insertion
src/music.c	0042D870	0044F1C7	0042E020	0045CA50	4	246	73				00452AE5	FadeMusic	10			0042E320	wc2-insertion
src/music.c	0042D870	0044F1C7	0042E020	0045CA50	4	246	74				00452AF0	SceneLeaveHook	12			0042E3E0	wc2-insertion
src/music.c	0042D870	0044F1C7	0042E020	0045CA50	4	246	75				00452B03	ProcessMusicScriptCommand	128			0042E6F0	wc2-insertion
src/music.c	0042D870	0044F1C7	0042E020	0045CA50	4	246	76				00452CF4	spacetrack	24			0042E880	wc2-insertion
src/music.c	0042D870	0044F1C7	0042E020	0045CA50	4	246	77				00452D32	StopMusicUnlessSuppressed	19			0042E8B0	wc2-insertion
src/music.c	0042D870	0044F1C7	0042E020	0045CA50	4	246	78				00452D66	IsMusicTrackComplete	23			0042E8D0	wc2-insertion
src/music.c	0042D870	0044F1C7	0042E020	0045CA50	4	246	79				00452DB0	wait_for_end_of_music	42			0042E900	wc2-insertion
src/music.c	0042D870	0044F1C7	0042E020	0045CA50	4	246	80				00452E46	new_space_music_changes	91			0042E9E0	wc2-insertion
src/music.c	0042D870	0044F1C7	0042E020	0045CA50	4	246	81				00452F90	changetrack	53			0042EAD0	wc2-insertion
src/music.c	0042D870	0044F1C7	0042E020	0045CA50	4	246	82				00453085	gametrack	104			0042EB60	wc2-insertion
src/music.c	0042D870	0044F1C7	0042E020	0045CA50	4	246	83				00453240	servicetrack	142			0042ECB0	wc2-insertion
src/music.c	0042D870	0044F1C7	0042E020	0045CA50	4	246	84				00453496	ResetSoundState	13			0042EE80	wc2-insertion
src/music.c	0042D870	0044F1C7	0042E020	0045CA50	4	246	85				004534BA	ResetSoundStateForScene	12			0042EEA0	wc2-insertion
src/music.c	0042D870	0044F1C7	0042E020	0045CA50	4	246	86				004534D3	ResetSoundStateForFlight	12			0042EEB0	wc2-insertion
src/music.c	0042D870	0044F1C7	0042E020	0045CA50	4	246	87				004534F1	FUN_004534F1	10				wc2-insertion
src/music.c	0042D870	0044F1C7	0042E020	0045CA50	4	246	88				004534FC	EnableMusicForScene	14			0042EEE0	wc2-insertion
src/music.c	0042D870	0044F1C7	0042E020	0045CA50	4	246	89				0045351A	LogUnknownSoundEffect	16				wc2-insertion
src/music.c	0042D870	0044F1C7	0042E020	0045CA50	4	246	90				0045357E	FlushSoundEffectsAndLog	16			0042EF10	wc2-insertion
src/music.c	0042D870	0044F1C7	0042E020	0045CA50	4	246	91				004535BB	sound_effect	19			0042EF20	wc2-insertion
src/music.c	0042D870	0044F1C7	0042E020	0045CA50	4	246	92				0045373B	PlaySfxWaveFileByNumber	64			0042EF30	wc2-insertion
src/music.c	0042D870	0044F1C7	0042E020	0045CA50	4	246	93				00453820	FadeViewportPaletteToColour	179			0042A700	wc2-insertion
src/music.c	0042D870	0044F1C7	0042E020	0045CA50	4	246	94				00453A70	GetPacketSize	56			0042F810	wc2-insertion
src/music.c	0042D870	0044F1C7	0042E020	0045CA50	4	246	95				00453B30	MeasureTextPixelWidthClamped	52			00418080	wc2-insertion
src/music.c	0042D870	0044F1C7	0042E020	0045CA50	4	246	96				00453BD0	FUN_00453BD0	58				wc2-insertion
src/music.c	0042D870	0044F1C7	0042E020	0045CA50	4	246	97				00453C80	FUN_00453C80	12				wc2-insertion
src/music.c	0042D870	0044F1C7	0042E020	0045CA50	4	246	98				00453C95	CheckLauncherAndConfig	94			00401D10	wc2-insertion
src/music.c	0042D870	0044F1C7	0042E020	0045CA50	4	246	99				00453E60	WinMain	169			00401E30	wc2-insertion
src/music.c	0042D870	0044F1C7	0042E020	0045CA50	4	246	100				00454103	ShutdownGameWindow	41			00402070	wc2-insertion
src/music.c	0042D870	0044F1C7	0042E020	0045CA50	4	246	101				0045418B	ShowNoticeMessageBox	21			004020E0	wc2-insertion
src/music.c	0042D870	0044F1C7	0042E020	0045CA50	4	246	102				004541BD	FUN_004541BD	37				wc2-insertion
src/music.c	0042D870	0044F1C7	0042E020	0045CA50	4	246	103				0045422D	AbortToDesktop	41			00402110	wc2-insertion
src/music.c	0042D870	0044F1C7	0042E020	0045CA50	4	246	104				004542B7	CreateMainWindow	108			00402180	wc2-insertion
src/music.c	0042D870	0044F1C7	0042E020	0045CA50	4	246	105				0045445A	PumpWindowMessages	114			00402320	wc2-insertion
src/music.c	0042D870	0044F1C7	0042E020	0045CA50	4	246	106				00454625	MainWindowProc	561			00402530	wc2-insertion
src/music.c	0042D870	0044F1C7	0042E020	0045CA50	4	246	107				004551E7	FUN_004551E7	88			00402A20	wc2-insertion
src/music.c	0042D870	0044F1C7	0042E020	0045CA50	4	246	108				00455346	GetJoystickButtons	17			00402AC0	wc2-insertion
src/music.c	0042D870	0044F1C7	0042E020	0045CA50	4	246	109				0045536F	FUN_0045536F	52			00402AE0	wc2-insertion
src/music.c	0042D870	0044F1C7	0042E020	0045CA50	4	246	110				00455427	GetApplicationInstance	12			00402B80	wc2-insertion
src/music.c	0042D870	0044F1C7	0042E020	0045CA50	4	246	111				0045543C	GetMainWindowHandle	12			00402B90	wc2-insertion
src/music.c	0042D870	0044F1C7	0042E020	0045CA50	4	246	112				00455451	GetMainWindowDeviceContext	12			00402BA0	wc2-insertion
src/music.c	0042D870	0044F1C7	0042E020	0045CA50	4	246	113				00455466	AllocateGuardedMemory	73			00402BB0	wc2-insertion
src/music.c	0042D870	0044F1C7	0042E020	0045CA50	4	246	114				00455565	ReportHeapGuardCorruption	52			00402CA0	wc2-insertion
src/music.c	0042D870	0044F1C7	0042E020	0045CA50	4	246	115				00455624	CheckAllGuardedAllocations	10			00402D40	wc2-insertion
src/music.c	0042D870	0044F1C7	0042E020	0045CA50	4	246	116				0045562F	IsFreedHeapBlockTracked	34				wc2-insertion
src/music.c	0042D870	0044F1C7	0042E020	0045CA50	4	246	117				00455697	FUN_00455697	38				wc2-insertion
src/music.c	0042D870	0044F1C7	0042E020	0045CA50	4	246	118				00455715	TrackFreedHeapBlock	33				wc2-insertion
src/music.c	0042D870	0044F1C7	0042E020	0045CA50	4	246	119				00455787	FUN_00455787	52				wc2-insertion
src/music.c	0042D870	0044F1C7	0042E020	0045CA50	4	246	120				00455836	FUN_00455836	27				wc2-insertion
src/music.c	0042D870	0044F1C7	0042E020	0045CA50	4	246	121				00455882	FUN_00455882	133				wc2-insertion
src/music.c	0042D870	0044F1C7	0042E020	0045CA50	4	246	122				00455A85	SetMousePosition	15			00402E80	wc2-insertion
src/music.c	0042D870	0044F1C7	0042E020	0045CA50	4	246	123				00455A9E	FUN_00455A9E	17				wc2-insertion
src/music.c	0042D870	0044F1C7	0042E020	0045CA50	4	246	124				00455AC8	PollKeyboardState	129			00402EA0	wc2-insertion
src/music.c	0042D870	0044F1C7	0042E020	0045CA50	4	246	125				00455D2D	FUN_00455D2D	14				wc2-insertion
src/music.c	0042D870	0044F1C7	0042E020	0045CA50	4	246	126				00455D48	FUN_00455D48	14				wc2-insertion
src/music.c	0042D870	0044F1C7	0042E020	0045CA50	4	246	127				00455D63	FUN_00455D63	14				wc2-insertion
src/music.c	0042D870	0044F1C7	0042E020	0045CA50	4	246	128				00455D7E	FUN_00455D7E	14				wc2-insertion
src/music.c	0042D870	0044F1C7	0042E020	0045CA50	4	246	129				00455D99	FUN_00455D99	14				wc2-insertion
src/music.c	0042D870	0044F1C7	0042E020	0045CA50	4	246	130				00455DB4	FUN_00455DB4	14				wc2-insertion
src/music.c	0042D870	0044F1C7	0042E020	0045CA50	4	246	131				00455DCF	FUN_00455DCF	14				wc2-insertion
src/music.c	0042D870	0044F1C7	0042E020	0045CA50	4	246	132				00455DEA	FUN_00455DEA	14				wc2-insertion
src/music.c	0042D870	0044F1C7	0042E020	0045CA50	4	246	133				00455E05	FUN_00455E05	14				wc2-insertion
src/music.c	0042D870	0044F1C7	0042E020	0045CA50	4	246	134				00455E23	FUN_00455E23	14				wc2-insertion
src/music.c	0042D870	0044F1C7	0042E020	0045CA50	4	246	135				00455E3E	FUN_00455E3E	14				wc2-insertion
src/music.c	0042D870	0044F1C7	0042E020	0045CA50	4	246	136				00455E59	FUN_00455E59	14				wc2-insertion
src/music.c	0042D870	0044F1C7	0042E020	0045CA50	4	246	137				00455E74	FUN_00455E74	14				wc2-insertion
src/music.c	0042D870	0044F1C7	0042E020	0045CA50	4	246	138				00455E8F	GetShiftKeyState	14			00403060	wc2-insertion
src/music.c	0042D870	0044F1C7	0042E020	0045CA50	4	246	139				00455EAA	GetKeyboardModifiers	12			00403080	wc2-insertion
src/music.c	0042D870	0044F1C7	0042E020	0045CA50	4	246	140				00455EBF	GetControlKeyState	14			00403070	wc2-insertion
src/music.c	0042D870	0044F1C7	0042E020	0045CA50	4	246	141				00455EDA	FUN_00455EDA	14				wc2-insertion
src/music.c	0042D870	0044F1C7	0042E020	0045CA50	4	246	142				00455EF5	GetGameClockTicks	19			00403090	wc2-insertion
src/music.c	0042D870	0044F1C7	0042E020	0045CA50	4	246	143				00455F23	InitGameClockEpoch	19			004030B0	wc2-insertion
src/music.c	0042D870	0044F1C7	0042E020	0045CA50	4	246	144				00455F59	WriteDebugString	36			004030D0	wc2-insertion
src/music.c	0042D870	0044F1C7	0042E020	0045CA50	4	246	145				00455FD3	FUN_00455FD3	16				wc2-insertion
src/music.c	0042D870	0044F1C7	0042E020	0045CA50	4	246	146				00455FF1	FUN_00455FF1	69				wc2-insertion
src/music.c	0042D870	0044F1C7	0042E020	0045CA50	4	246	147				004560C0	FUN_004560C0	35				wc2-insertion
src/music.c	0042D870	0044F1C7	0042E020	0045CA50	4	246	148				00456123	LocateStreamsDirOnDisc	68			004031C0	wc2-insertion
src/music.c	0042D870	0044F1C7	0042E020	0045CA50	4	246	149				00456236	FindCdRomDriveByVolumeLabel	108			00403290	wc2-insertion
src/music.c	0042D870	0044F1C7	0042E020	0045CA50	4	246	150				004563A3	SetCurrentDirOnDrive	36			004033E0	wc2-insertion
src/music.c	0042D870	0044F1C7	0042E020	0045CA50	4	246	151				0045641B	TakeInputPressCount	16				wc2-insertion
src/music.c	0042D870	0044F1C7	0042E020	0045CA50	4	246	152				00456443	PromptInsertCorrectCd	48			00403450	wc2-insertion
src/music.c	0042D870	0044F1C7	0042E020	0045CA50	4	246	153				004564F0	FUN_004564F0	31				wc2-insertion
src/music.c	0042D870	0044F1C7	0042E020	0045CA50	4	246	154				0045655D	FUN_0045655D	190				wc2-insertion
src/music.c	0042D870	0044F1C7	0042E020	0045CA50	4	246	155				004568E0	LoadShapeSet	58			00423CE0	wc2-insertion
src/music.c	0042D870	0044F1C7	0042E020	0045CA50	4	246	156				00456988	FreeShapeSet	26			00423D50	wc2-insertion
src/music.c	0042D870	0044F1C7	0042E020	0045CA50	4	246	157				004569C8	LoadPacketResourceList	56			00423D80	wc2-insertion
src/music.c	0042D870	0044F1C7	0042E020	0045CA50	4	246	158				00456A68	ResetCockpitPaletteEntries	50			00423E10	wc2-insertion
src/music.c	0042D870	0044F1C7	0042E020	0045CA50	4	246	159				00456B1A	initialize_cockpit	558			00423E90	wc2-insertion
src/music.c	0042D870	0044F1C7	0042E020	0045CA50	4	246	160				00457434	InitializeConstellationObject	100			004242D0	wc2-insertion
src/music.c	0042D870	0044F1C7	0042E020	0045CA50	4	246	161				00457587	FreeConstellationObject	20			004243B0	wc2-insertion
src/music.c	0042D870	0044F1C7	0042E020	0045CA50	4	246	162				004575B4	init_constellation	64			004243E0	wc2-insertion
src/music.c	0042D870	0044F1C7	0042E020	0045CA50	4	246	163				004576AB	free_constellation	34			00424490	wc2-insertion
src/music.c	0042D870	0044F1C7	0042E020	0045CA50	4	246	164				00457720	init_vdus	48			004244E0	wc2-insertion
src/music.c	0042D870	0044F1C7	0042E020	0045CA50	4	246	165				004577D7	InitializeCockpitResources	598			004245B0	wc2-insertion
src/music.c	0042D870	0044F1C7	0042E020	0045CA50	4	246	166				00458196	free_cockpit	178			004249A0	wc2-insertion
src/music.c	0042D870	0044F1C7	0042E020	0045CA50	4	246	167				00458467	init_3Space_objects	46			00424A80	wc2-insertion
src/music.c	0042D870	0044F1C7	0042E020	0045CA50	4	246	168				00458532	load_common_3Space_objects	76			00424B00	wc2-insertion
src/music.c	0042D870	0044F1C7	0042E020	0045CA50	4	246	169				0045865D	remove_all_3d_objects	22			00424B80	wc2-insertion
src/music.c	0042D870	0044F1C7	0042E020	0045CA50	4	246	170				00458698	free_3Space	32			00424BA0	wc2-insertion
src/music.c	0042D870	0044F1C7	0042E020	0045CA50	4	246	171				00458716	free_3Space_objects	52			00424BE0	wc2-insertion
src/music.c	0042D870	0044F1C7	0042E020	0045CA50	4	246	172				004587E0	init_inflight_music	13			00424C60	wc2-insertion
src/music.c	0042D870	0044F1C7	0042E020	0045CA50	4	246	173				00458806	free_inflight_music	26			00424C80	wc2-insertion
src/music.c	0042D870	0044F1C7	0042E020	0045CA50	4	246	174				0045887B	FUN_0045887B	42				wc2-insertion
src/music.c	0042D870	0044F1C7	0042E020	0045CA50	4	246	175				0045890E	FUN_0045890E	47				wc2-insertion
src/music.c	0042D870	0044F1C7	0042E020	0045CA50	4	246	176				004589D0	FUN_004589D0	60				wc2-insertion
src/music.c	0042D870	0044F1C7	0042E020	0045CA50	4	246	177				00458A90	FUN_00458A90	83				wc2-insertion
src/music.c	0042D870	0044F1C7	0042E020	0045CA50	4	246	178				00458B8C	FUN_00458B8C	79				wc2-insertion
src/music.c	0042D870	0044F1C7	0042E020	0045CA50	4	246	179				00458C81	FUN_00458C81	95				wc2-insertion
src/music.c	0042D870	0044F1C7	0042E020	0045CA50	4	246	180				00458D94	FUN_00458D94	44				wc2-insertion
src/music.c	0042D870	0044F1C7	0042E020	0045CA50	4	246	181				00458E10	FUN_00458E10	11				wc2-insertion
src/music.c	0042D870	0044F1C7	0042E020	0045CA50	4	246	182				00458E20	IsSoundHardwarePresent	13			0042F940	wc2-insertion
src/music.c	0042D870	0044F1C7	0042E020	0045CA50	4	246	183				00458E39	MessagePumpHook	11			0042F950	wc2-insertion
src/music.c	0042D870	0044F1C7	0042E020	0045CA50	4	246	184				00458E49	PushMemoryStackFrame	45			0042F960	wc2-insertion
src/music.c	0042D870	0044F1C7	0042E020	0045CA50	4	246	185				00458EED	IsPushedPacketHandle	31			0042F9E0	wc2-insertion
src/music.c	0042D870	0044F1C7	0042E020	0045CA50	4	246	186				00458F5A	MapPacketHandleToBlock	50			0042FA20	wc2-insertion
src/music.c	0042D870	0044F1C7	0042E020	0045CA50	4	246	187				0045901D	AllocateTaggedMemory	37			0042FA90	wc2-insertion
src/music.c	0042D870	0044F1C7	0042E020	0045CA50	4	246	188				00459082	ReleasePacketHandle	48			0042FAE0	wc2-insertion
src/music.c	0042D870	0044F1C7	0042E020	0045CA50	4	246	189				00459134	GetAvailableFarMemoryByType	12			0042FB20	wc2-insertion
src/music.c	0042D870	0044F1C7	0042E020	0045CA50	4	246	190				00459149	GetLargestFreeMemoryBlockByType	12			0042FB30	wc2-insertion
src/music.c	0042D870	0044F1C7	0042E020	0045CA50	4	246	191				00459160	FUN_00459160	76			0042B9A0	wc2-insertion
src/music.c	0042D870	0044F1C7	0042E020	0045CA50	4	246	192				0045924D	FUN_0045924D	26				wc2-insertion
src/music.c	0042D870	0044F1C7	0042E020	0045CA50	4	246	193				00459294	FUN_00459294	38				wc2-insertion
src/music.c	0042D870	0044F1C7	0042E020	0045CA50	4	246	194				0045930A	FUN_0045930A	23				wc2-insertion
src/music.c	0042D870	0044F1C7	0042E020	0045CA50	4	246	195				00459348	ClearTextInputCharacter	49			00426140	wc2-insertion
src/music.c	0042D870	0044F1C7	0042E020	0045CA50	4	246	196				004593D6	InitializeModalTextPanel	118			0041A9D0	wc2-insertion
src/music.c	0042D870	0044F1C7	0042E020	0045CA50	4	246	197				00459527	DrawModalTextPanel	48			0041AAE0	wc2-insertion
src/music.c	0042D870	0044F1C7	0042E020	0045CA50	4	246	198				004595AA	RestoreModalTextPanel	28			0041AB60	wc2-insertion
src/music.c	0042D870	0044F1C7	0042E020	0045CA50	4	246	199				004595EF	ShowModalTextPanel	124			0041AB90	wc2-insertion
src/music.c	0042D870	0044F1C7	0042E020	0045CA50	4	246	200				0045979B	ReleaseModalTextPanel	23			0041AD10	wc2-insertion
src/music.c	0042D870	0044F1C7	0042E020	0045CA50	4	246	201				004597E3	FUN_004597E3	263			00426200	wc2-insertion
src/music.c	0042D870	0044F1C7	0042E020	0045CA50	4	246	202				00459BC8	LoadPaletteTripletsFile	43			00404610	wc2-insertion
src/music.c	0042D870	0044F1C7	0042E020	0045CA50	4	246	203				00459C4D	ShowChalkBoard	81			00440510	wc2-insertion
src/music.c	0042D870	0044F1C7	0042E020	0045CA50	4	246	204				00459D74	funeral_sequence	153			00408DE0	wc2-insertion
src/music.c	0042D870	0044F1C7	0042E020	0045CA50	4	246	205				0045A010	OpenDataFileOrDie	22			004034D0	wc2-insertion
src/music.c	0042D870	0044F1C7	0042E020	0045CA50	4	246	206				0045A04A	CloseDataFile	16			00403500	wc2-insertion
src/music.c	0042D870	0044F1C7	0042E020	0045CA50	4	246	207				0045A06C	WriteDataFileAtOffset	58			00403520	wc2-insertion
src/music.c	0042D870	0044F1C7	0042E020	0045CA50	4	246	208				0045A12D	CreateDataFile	35			004035C0	wc2-insertion
src/music.c	0042D870	0044F1C7	0042E020	0045CA50	4	246	209				0045A19B	ReadDataFileAtOffset	58			00403610	wc2-insertion
src/music.c	0042D870	0044F1C7	0042E020	0045CA50	4	246	210				0045A259	SeekDataFile	35			004036B0	wc2-insertion
src/music.c	0042D870	0044F1C7	0042E020	0045CA50	4	246	211				0045A2C0	InitializeFireworks	21			0042D270	wc2-insertion
src/music.c	0042D870	0044F1C7	0042E020	0045CA50	4	246	212				0045A300	TheEndFireWorks	85			0042D2A0	wc2-insertion
src/music.c	0042D870	0044F1C7	0042E020	0045CA50	4	246	213				0045A441	InitializeConstellationField	102			0042D390	wc2-insertion
src/music.c	0042D870	0044F1C7	0042E020	0045CA50	4	246	214				0045A5C7	FUN_0045A5C7	34				wc2-insertion
src/music.c	0042D870	0044F1C7	0042E020	0045CA50	4	246	215				0045A634	DrawConstellationField	394			0042D500	wc2-insertion
src/music.c	0042D870	0044F1C7	0042E020	0045CA50	4	246	216				0045AC50	DebugOverlayConsole::DebugOverlayConsole	158			0041C760	wc2-insertion
src/music.c	0042D870	0044F1C7	0042E020	0045CA50	4	246	217				0045AE6C	FUN_0045AE6C	36				wc2-insertion
src/music.c	0042D870	0044F1C7	0042E020	0045CA50	4	246	218				0045AEE4	DebugOverlayWorkerProc	95			0041C960	wc2-insertion
src/music.c	0042D870	0044F1C7	0042E020	0045CA50	4	246	219				0045B04E	FUN_0045B04E	38				wc2-insertion
src/music.c	0042D870	0044F1C7	0042E020	0045CA50	4	246	220				0045B0BB	DebugOverlayPrintf	146			0041CAB0	wc2-insertion
src/music.c	0042D870	0044F1C7	0042E020	0045CA50	4	246	221				0045B2E0	DebugOverlayConsole::Clear	39			0041CC00	wc2-insertion
src/music.c	0042D870	0044F1C7	0042E020	0045CA50	4	246	222				0045B348	DebugOverlayConsole::Scroll	57			0041CC50	wc2-insertion
src/music.c	0042D870	0044F1C7	0042E020	0045CA50	4	246	223				0045B3DC	DebugOverlayConsole::DrawPendingLines	64			0041CCC0	wc2-insertion
src/music.c	0042D870	0044F1C7	0042E020	0045CA50	4	246	224				0045B49C	DebugOverlayConsole::WaitForKey	55			0041CD40	wc2-insertion
src/music.c	0042D870	0044F1C7	0042E020	0045CA50	4	246	225				0045B55C	DebugOverlayConsole::DisableReverseVideo	41			0041CF50	wc2-insertion
src/music.c	0042D870	0044F1C7	0042E020	0045CA50	4	246	226				0045B5D8	DebugOverlayConsole::EnableReverseVideo	41			0041CF00	wc2-insertion
src/music.c	0042D870	0044F1C7	0042E020	0045CA50	4	246	227				0045B654	DebugOverlayConsole::SetOverlayTextColor	38			0041CFA0	wc2-insertion
src/music.c	0042D870	0044F1C7	0042E020	0045CA50	4	246	228				0045B6BB	DebugOverlayConsole::SetOverlayBackgroundColor	38			0041CFF0	wc2-insertion
src/music.c	0042D870	0044F1C7	0042E020	0045CA50	4	246	229				0045B722	DebugOverlayConsole::SetTransparentBackground	32			0041D040	wc2-insertion
src/music.c	0042D870	0044F1C7	0042E020	0045CA50	4	246	230				0045B77A	FUN_0045B77A	32				wc2-insertion
src/music.c	0042D870	0044F1C7	0042E020	0045CA50	4	246	231				0045B7E0	FUN_0045B7E0	17				wc2-insertion
src/music.c	0042D870	0044F1C7	0042E020	0045CA50	4	246	232				0045B810	LoadGamePaletteFile	63			004219C0	wc2-insertion
src/music.c	0042D870	0044F1C7	0042E020	0045CA50	4	246	233				0045B905	EMShutDown	14			00421A40	wc2-insertion
src/music.c	0042D870	0044F1C7	0042E020	0045CA50	4	246	234				0045B924	EMStartUp	46			00421AB0	wc2-insertion
src/music.c	0042D870	0044F1C7	0042E020	0045CA50	4	246	235				0045B9D3	LoadOriginFxDrivers	301			00421B10	wc2-insertion
src/music.c	0042D870	0044F1C7	0042E020	0045CA50	4	246	236				0045BF30	FUN_0045BF30	49				wc2-insertion
src/music.c	0042D870	0044F1C7	0042E020	0045CA50	4	246	237				0045C04B	FUN_0045C04B	22				wc2-insertion
src/music.c	0042D870	0044F1C7	0042E020	0045CA50	4	246	238				0045C088	InitializeGameTextContexts	42			00421D80	wc2-insertion
src/music.c	0042D870	0044F1C7	0042E020	0045CA50	4	246	239				0045C128	InitializeRoomViewports	33			0043F810	wc2-insertion
src/music.c	0042D870	0044F1C7	0042E020	0045CA50	4	246	240				0045C1A1	initialize_direction_view_frame	66			00421E20	wc2-insertion
src/music.c	0042D870	0044F1C7	0042E020	0045CA50	4	246	241				0045C279	initialize_direction_view_frames	70			00421EF0	wc2-insertion
src/music.c	0042D870	0044F1C7	0042E020	0045CA50	4	246	242				0045C35C	FUN_0045C35C	41				wc2-insertion
src/music.c	0042D870	0044F1C7	0042E020	0045CA50	4	246	243				0045C3EF	FUN_0045C3EF	10				wc2-insertion
src/music.c	0042D870	0044F1C7	0042E020	0045CA50	4	246	244				0045C3FA	FUN_0045C3FA	14				wc2-insertion
src/music.c	0042D870	0044F1C7	0042E020	0045CA50	4	246	245				0045C419	FUN_0045C419	77				wc2-insertion
src/music.c	0042D870	0044F1C7	0042E020	0045CA50	4	246	246				0045C558	main	258			004274E0	wc2-insertion
src/music.c	0042E380	00452A10	0042E390	00452A99	0	4	1				00452A1B	FUN_00452A1B	10				wc2-insertion
src/music.c	0042E380	00452A10	0042E390	00452A99	0	4	2				00452A26	StopMusic	12			0042E350	wc2-insertion
src/music.c	0042E380	00452A10	0042E390	00452A99	0	4	3				00452A40	FUN_00452A40	17				wc2-insertion
src/music.c	0042E380	00452A10	0042E390	00452A99	0	4	4				00452A64	FUN_00452A64	23				wc2-insertion
src/music.c	0042E3C0	00452AC8	0042E6F0	00452B03	3	2	1	0042E3E0	SceneLeaveHook	1	00452AE5	FadeMusic	10	00452AF0	83.33	0042E320	unequal-gap-position
src/music.c	0042E3C0	00452AC8	0042E6F0	00452B03	3	2	2	0042E3F0	SelectFlightMusicTrack	68	00452AF0	SceneLeaveHook	12			0042E3E0	unequal-gap-position
src/music.c	0042E3C0	00452AC8	0042E6F0	00452B03	3	2	3	0042E520	MapMusicTrackToStreamerCommand	92							wc1-elimination
src/music.c	0042E900	00452DB0	0042EAD0	00452F90	1	1	1	0042E9E0	new_space_music_changes	77	00452E46	new_space_music_changes	91	00452E46	88.17	0042E9E0	confirmed-order
src/music.c	0042EAD0	00452F90	0042EE80	00453496	2	2	1	0042EB60	gametrack	91	00453085	gametrack	104	00453085	68.81	0042EB60	confirmed-order
src/music.c	0042EAD0	00452F90	0042EE80	00453496	2	2	2	0042ECB0	servicetrack	115	00453240	servicetrack	142	00453240	62.42	0042ECB0	confirmed-order
src/music.c	0042EEA0	004534BA	0042EEE0	004534FC	1	2	1	0042EEB0	ResetSoundStateForFlight	3	004534D3	ResetSoundStateForFlight	12	004534D3	83.33	0042EEB0	unequal-gap-position
src/music.c	0042EEA0	004534BA	0042EEE0	004534FC	1	2	2				004534F1	FUN_004534F1	10				wc2-insertion
src/music.c	0042EEE0	004534FC	0042EF10	0045357E	1	1	1	0042EF00	SoundFxTick	5	0045351A	LogUnknownSoundEffect	16				candidate-unmapped
src/nav.c	0040D0E0	004501B2	0040D1D0	00450329	1	1	1	0040D120	NavMapLabelPositionAvailable	64	00450210	NavMapLabelPositionAvailable	81	00450210	85.19	0040D120	confirmed-order
src/nav.c	0040D250	004503BB	0040D490	004507DA	2	3	1	0040D2C0	PlaceNavMapLabel	111	00450458	PlaceNavMapLabel	152	00450458	75.66	0040D2C0	unequal-gap-position
src/nav.c	0040D250	004503BB	0040D490	004507DA	2	3	2	0040D410	AddUniqueObjectiveNavLabel	47	00450623	FUN_00450623	55	004506F8	69.44		unequal-gap-position
src/nav.c	0040D250	004503BB	0040D490	004507DA	2	3	3				004506F8	AddUniqueObjectiveNavLabel	73			0040D410	wc2-insertion
src/nav.c	0040D830	00450C2A	0040D8C0	00450DF6	0	1	1				00450CF8	FUN_00450CF8	66				wc2-insertion
src/nav.c	0040D980	00450E98	0040DDA0	0045153A	1	2	1	0040DA00	BuildMap	274	00450F1E	FUN_00450F1E	73	00450FE2	82.73		unequal-gap-position
src/nav.c	0040D980	00450E98	0040DDA0	0045153A	1	2	2				00450FE2	BuildMap	391			0040DA00	wc2-insertion
src/nav.c	0040DDA0	0045153A	0040DEA0	00451673	1	1	1	0040DE70	FormatNavCoordinates	11	00451637	FormatNavCoordinates	24	00451637	83.33	0040DE70	confirmed-order
src/nav.c	0040DEE0	004516C0	0040E190	00451AD3	2	2	1	0040DF50	nav_note	9	00451756	nav_note	55	00451756	39.62	0040DF50	confirmed-order
src/nav.c	0040DEE0	004516C0	0040E190	00451AD3	2	2	2	0040DF70	DrawNavLocationReadout	130	0045180F	DrawNavLocationReadout	188	0045180F	72.34	0040DF70	confirmed-order
src/screen.c	0042F210	00421BFC	0042F270	00421CF6	1	1	1	0042F240	disobey_formation	16	00421C35	disobey_formation	51	00421C35	55.10	0042F240	confirmed-order
src/screen.c	0042F270	00421CF6	0042F810	00453A70	6	727	1	0042F2B0	can_land	52	00421D59	CanPlayerLand	70	00421D59	50.00	0042F2B0	unequal-gap-position
src/screen.c	0042F270	00421CF6	0042F810	00453A70	6	727	2	0042F350	i_wanna_rout	43	00421E6D	ShouldWingmanAcceptRoutCommand	70	00421E6D	59.70	0042F350	unequal-gap-position
src/screen.c	0042F270	00421CF6	0042F810	00453A70	6	727	3	0042F3F0	request	291	00421F86	request	392	00421F86	55.64	0042F3F0	unequal-gap-position
src/screen.c	0042F270	00421CF6	0042F810	00453A70	6	727	4	0042F730	ShouldSuspendCursorForRect	2	004225A0	StepPaletteTransition	186			0041C510	unequal-gap-position
src/screen.c	0042F270	00421CF6	0042F810	00453A70	6	727	5	0042F740	InitializeDIBScreenViewport	36	004228B0	visit_the_cinema	43	0040FB80	72.31	00403E50	unequal-gap-position
src/screen.c	0042F270	00421CF6	0042F810	00453A70	6	727	6	0042F7E0	InitFullScreenViewport	13	00422953	player_wingman	21	0040FC7E	86.67	00403EE0	unequal-gap-position
src/screen.c	0042F270	00421CF6	0042F810	00453A70	6	727	7				00422990	set_speed	18			00403F10	wc2-insertion
src/screen.c	0042F270	00421CF6	0042F810	00453A70	6	727	8				004229B9	auto_position	100			00403F40	wc2-insertion
src/screen.c	0042F270	00421CF6	0042F810	00453A70	6	727	9				00422B1C	auto_pilot_sequence	582			00404050	wc2-insertion
src/screen.c	0042F270	00421CF6	0042F810	00453A70	6	727	10				00423480	LoadJoystickCalibrationFile	276			00431A10	wc2-insertion
src/screen.c	0042F270	00421CF6	0042F810	00453A70	6	727	11				004238E9	ReadCalibratedJoystick	193			00431D20	wc2-insertion
src/screen.c	0042F270	00421CF6	0042F810	00453A70	6	727	12				00423C60	FUN_00423C60	22				wc2-insertion
src/screen.c	0042F270	00421CF6	0042F810	00453A70	6	727	13				00423CA0	InitializeAudioSystem	30			0042B160	wc2-insertion
src/screen.c	0042F270	00421CF6	0042F810	00453A70	6	727	14				00423D02	ServiceAudioStream	21			0042B1B0	wc2-insertion
src/screen.c	0042F270	00421CF6	0042F810	00453A70	6	727	15				00423D4F	AllocateWaveTableEntry	31			0042B1F0	wc2-insertion
src/screen.c	0042F270	00421CF6	0042F810	00453A70	6	727	16				00423DBB	FindWaveTableEntryByName	32			0042B240	wc2-insertion
src/screen.c	0042F270	00421CF6	0042F810	00453A70	6	727	17				00423E12	RemoveWaveTableEntry	56			0042B290	wc2-insertion
src/screen.c	0042F270	00421CF6	0042F810	00453A70	6	727	18				00423ED1	FreeWaveTable	35			0042B300	wc2-insertion
src/screen.c	0042F270	00421CF6	0042F810	00453A70	6	727	19				00423F3F	AllocateActiveSoundEntry	31			0042B340	wc2-insertion
src/screen.c	0042F270	00421CF6	0042F810	00453A70	6	727	20				00423FAB	RemoveActiveSoundEntry	51			0042B390	wc2-insertion
src/screen.c	0042F270	00421CF6	0042F810	00453A70	6	727	21				0042405E	FUN_0042405E	28				wc2-insertion
src/screen.c	0042F270	00421CF6	0042F810	00453A70	6	727	22				004240AE	ReleaseFinishedSoundEntries	36			0042B410	wc2-insertion
src/screen.c	0042F270	00421CF6	0042F810	00453A70	6	727	23				00424113	StopSoundsUsingWave	40			0042B450	wc2-insertion
src/screen.c	0042F270	00421CF6	0042F810	00453A70	6	727	24				0042418C	playWAVE	203			0042B4A0	wc2-insertion
src/screen.c	0042F270	00421CF6	0042F810	00453A70	6	727	25				00424417	FUN_00424417	100				wc2-insertion
src/screen.c	0042F270	00421CF6	0042F810	00453A70	6	727	26				004245A2	stop_all_sounds	22			0042B640	wc2-insertion
src/screen.c	0042F270	00421CF6	0042F810	00453A70	6	727	27				004245F8	PlaySnowStaticSound	104			0042B680	wc2-insertion
src/screen.c	0042F270	00421CF6	0042F810	00453A70	6	727	28				0042476B	ServiceSoundSystem	39			0042B7D0	wc2-insertion
src/screen.c	0042F270	00421CF6	0042F810	00453A70	6	727	29				0042482E	SetSoundEffectsVolume	18			0042B7E0	wc2-insertion
src/screen.c	0042F270	00421CF6	0042F810	00453A70	6	727	30				0042485C	RegistryQueryValue	23			0042B810	wc2-insertion
src/screen.c	0042F270	00421CF6	0042F810	00453A70	6	727	31				00424888	RegistryStoreValue	23			0042B840	wc2-insertion
src/screen.c	0042F270	00421CF6	0042F810	00453A70	6	727	32				004248B4	LoadVolumeSettingsFromRegistry	62			0042B870	wc2-insertion
src/screen.c	0042F270	00421CF6	0042F810	00453A70	6	727	33				00424980	SaveVolumeSettingsToRegistry	40			0042B930	wc2-insertion
src/screen.c	0042F270	00421CF6	0042F810	00453A70	6	727	34				00424A00	FUN_00424A00	20				wc2-insertion
src/screen.c	0042F270	00421CF6	0042F810	00453A70	6	727	35				00424A40	FUN_00424A40	15				wc2-insertion
src/screen.c	0042F270	00421CF6	0042F810	00453A70	6	727	36				00424A60	ReserveContiguousPaletteEntries	40			00431900	wc2-insertion
src/screen.c	0042F270	00421CF6	0042F810	00453A70	6	727	37				00424AEE	arrive_from_warp	77			0042A950	wc2-insertion
src/screen.c	0042F270	00421CF6	0042F810	00453A70	6	727	38				00424C05	unwarp	94			0042AA10	wc2-insertion
src/screen.c	0042F270	00421CF6	0042F810	00453A70	6	727	39				00424D4D	DeBriefing	90			004056F0	wc2-insertion
src/screen.c	0042F270	00421CF6	0042F810	00453A70	6	727	40				00424E8C	MarkPilotDead	13				wc2-insertion
src/screen.c	0042F270	00421CF6	0042F810	00453A70	6	727	41				00424EA7	FUN_00424EA7	24				wc2-insertion
src/screen.c	0042F270	00421CF6	0042F810	00453A70	6	727	42				00424EFF	FUN_00424EFF	163				wc2-insertion
src/screen.c	0042F270	00421CF6	0042F810	00453A70	6	727	43				004251F2	stranded_sequence	160			00404BE0	wc2-insertion
src/screen.c	0042F270	00421CF6	0042F810	00453A70	6	727	44				004254C0	CheckHeapBlockSignature	26			004408A0	wc2-insertion
src/screen.c	0042F270	00421CF6	0042F810	00453A70	6	727	45				0042550E	HasValidShapeAllocationSignature	17				wc2-insertion
src/screen.c	0042F270	00421CF6	0042F810	00453A70	6	727	46				0042553A	GetPreparedShapeData	13			004408C0	wc2-insertion
src/screen.c	0042F270	00421CF6	0042F810	00453A70	6	727	47				00425550	GetShapeFrameCount	21			004408D0	wc2-insertion
src/screen.c	0042F270	00421CF6	0042F810	00453A70	6	727	48				0042557C	GetShapeFrameExtents	56			004408F0	wc2-insertion
src/screen.c	0042F270	00421CF6	0042F810	00453A70	6	727	49				00425618	DecodeShapeFrame	279			00440960	wc2-insertion
src/screen.c	0042F270	00421CF6	0042F810	00453A70	6	727	50				004259E2	SignExtendClipCoord	19			00440BE0	wc2-insertion
src/screen.c	0042F270	00421CF6	0042F810	00453A70	6	727	51				00425A16	ValidateViewportBounds	114			00440C00	wc2-insertion
src/screen.c	0042F270	00421CF6	0042F810	00453A70	6	727	52				00425B9E	ClipViewportToScreen	16			00440CF0	wc2-insertion
src/screen.c	0042F270	00421CF6	0042F810	00453A70	6	727	53				00425BBF	SetSolidColourTranslation	21			00440D10	wc2-insertion
src/screen.c	0042F270	00421CF6	0042F810	00453A70	6	727	54				00425BF6	PrepareShapeRLEData	308			00440D50	wc2-insertion
src/screen.c	0042F270	00421CF6	0042F810	00453A70	6	727	55				00425FB4	DrawSpriteTransformed	169			00440FE0	wc2-insertion
src/screen.c	0042F270	00421CF6	0042F810	00453A70	6	727	56				004261D5	RasterLineHook	11			00441140	wc2-insertion
src/screen.c	0042F270	00421CF6	0042F810	00453A70	6	727	57				004261E5	DrawFontGlyph	253			00441150	wc2-insertion
src/screen.c	0042F270	00421CF6	0042F810	00453A70	6	727	58				0042665A	FUN_0042665A	14				wc2-insertion
src/screen.c	0042F270	00421CF6	0042F810	00453A70	6	727	59				00426677	FUN_00426677	14				wc2-insertion
src/screen.c	0042F270	00421CF6	0042F810	00453A70	6	727	60				00426694	MarkActivePaletteEntries	14			00441370	wc2-insertion
src/screen.c	0042F270	00421CF6	0042F810	00453A70	6	727	61				004266B1	GetPaletteEntry	16			004413C0	wc2-insertion
src/screen.c	0042F270	00421CF6	0042F810	00453A70	6	727	62				004266CC	SetPaletteEntry	16			004413E0	wc2-insertion
src/screen.c	0042F270	00421CF6	0042F810	00453A70	6	727	63				004266E7	DrawSpriteDefault	45			00441400	wc2-insertion
src/screen.c	0042F270	00421CF6	0042F810	00453A70	6	727	64				00426769	CaptureSpriteBackground	305			00441450	wc2-insertion
src/screen.c	0042F270	00421CF6	0042F810	00453A70	6	727	65				00426B96	RestoreSpriteBackground	310			00441740	wc2-insertion
src/screen.c	0042F270	00421CF6	0042F810	00453A70	6	727	66				00426FD9	DrawSolidColourSprite	42			00441A40	wc2-insertion
src/screen.c	0042F270	00421CF6	0042F810	00453A70	6	727	67				00427047	CopyViewportContents	69			00441A90	wc2-insertion
src/screen.c	0042F270	00421CF6	0042F810	00453A70	6	727	68				00427123	ClearViewport	30			00441AE0	wc2-insertion
src/screen.c	0042F270	00421CF6	0042F810	00453A70	6	727	69				00427179	DrawViewportPixel	34			00441B20	wc2-insertion
src/screen.c	0042F270	00421CF6	0042F810	00453A70	6	727	70				004271D2	GetViewportPixel	34			00441B60	wc2-insertion
src/screen.c	0042F270	00421CF6	0042F810	00453A70	6	727	71				0042722E	DrawViewportLine	45			00441BA0	wc2-insertion
src/screen.c	0042F270	00421CF6	0042F810	00453A70	6	727	72				004272A5	TriangleRasterizerHook	13			00441BF0	wc2-insertion
src/screen.c	0042F270	00421CF6	0042F810	00453A70	6	727	73				00427D9F	FUN_00427D9F	28				wc2-insertion
src/screen.c	0042F270	00421CF6	0042F810	00453A70	6	727	74				00427DE8	snow_viewport	19			00442300	wc2-insertion
src/screen.c	0042F270	00421CF6	0042F810	00453A70	6	727	75				00427E1B	DrawFilledViewportRect	59			00441C70	wc2-insertion
src/screen.c	0042F270	00421CF6	0042F810	00453A70	6	727	76				00427EC8	DrawViewportBorder	123			00441CF0	wc2-insertion
src/screen.c	0042F270	00421CF6	0042F810	00453A70	6	727	77				00428023	DrawViewportEllipse	38			00441DD0	wc2-insertion
src/screen.c	0042F270	00421CF6	0042F810	00453A70	6	727	78				0042808F	FillViewportEllipse	38			00441E20	wc2-insertion
src/screen.c	0042F270	00421CF6	0042F810	00453A70	6	727	79				004280FB	DrawViewportEllipseShadow	38			00441E70	wc2-insertion
src/screen.c	0042F270	00421CF6	0042F810	00453A70	6	727	80				00428167	FUN_00428167	24				wc2-insertion
src/screen.c	0042F270	00421CF6	0042F810	00453A70	6	727	81				004281AE	FUN_004281AE	41				wc2-insertion
src/screen.c	0042F270	00421CF6	0042F810	00453A70	6	727	82				00428217	FUN_00428217	72				wc2-insertion
src/screen.c	0042F270	00421CF6	0042F810	00453A70	6	727	83				004282F0	FUN_004282F0	37				wc2-insertion
src/screen.c	0042F270	00421CF6	0042F810	00453A70	6	727	84				00428344	DrawSolidColourSpriteScaled	41			00442000	wc2-insertion
src/screen.c	0042F270	00421CF6	0042F810	00453A70	6	727	85				004283A4	GetTransformedShapeBounds	205			00442050	wc2-insertion
src/screen.c	0042F270	00421CF6	0042F810	00453A70	6	727	86				00428690	fizzle_fade	86			00442200	wc2-insertion
src/screen.c	0042F270	00421CF6	0042F810	00453A70	6	727	87				004287A4	FUN_004287A4	24				wc2-insertion
src/screen.c	0042F270	00421CF6	0042F810	00453A70	6	727	88				004287EB	FUN_004287EB	83				wc2-insertion
src/screen.c	0042F270	00421CF6	0042F810	00453A70	6	727	89				00428900	InitializeAudioStreamer	27			00442370	wc2-insertion
src/screen.c	0042F270	00421CF6	0042F810	00453A70	6	727	90				0042894B	SignalAudioMixerWakeEvent	18			00442350	wc2-insertion
src/screen.c	0042F270	00421CF6	0042F810	00453A70	6	727	91				00428979	UpdateStreamerStoppedFlag	20			00442330	wc2-insertion
src/screen.c	0042F270	00421CF6	0042F810	00453A70	6	727	92				004289BF	Streamer_open	33			004423B0	wc2-insertion
src/screen.c	0042F270	00421CF6	0042F810	00453A70	6	727	93				00428A2F	Streamer_play	18			00442430	wc2-insertion
src/screen.c	0042F270	00421CF6	0042F810	00453A70	6	727	94				00428A6D	Streamer_stop	18			00442460	wc2-insertion
src/screen.c	0042F270	00421CF6	0042F810	00453A70	6	727	95				00428AAB	SetStreamerIntensity	21			00442520	wc2-insertion
src/screen.c	0042F270	00421CF6	0042F810	00453A70	6	727	96				00428AEB	SetStreamerTrigger	26			004424D0	wc2-insertion
src/screen.c	0042F270	00421CF6	0042F810	00453A70	6	727	97				00428B3C	ForceStreamerTrigger	23			00442550	wc2-insertion
src/screen.c	0042F270	00421CF6	0042F810	00453A70	6	727	98				00428B86	Streamer_close	15			004425D0	wc2-insertion
src/screen.c	0042F270	00421CF6	0042F810	00453A70	6	727	99				00428BAD	DestroyAudioStreamer	15				wc2-insertion
src/screen.c	0042F270	00421CF6	0042F810	00453A70	6	727	100				00428BD4	ix_log_printf	31			004426A0	wc2-insertion
src/screen.c	0042F270	00421CF6	0042F810	00453A70	6	727	101				00428C35	FUN_00428C35	62				wc2-insertion
src/screen.c	0042F270	00421CF6	0042F810	00453A70	6	727	102				00428D09	ReadCheaterFlagFromRegistry	46			00442600	wc2-insertion
src/screen.c	0042F270	00421CF6	0042F810	00453A70	6	727	103				00428DA3	SetMusicStreamVolume	15			00442590	wc2-insertion
src/screen.c	0042F270	00421CF6	0042F810	00453A70	6	727	104				00428DBF	GetMusicStreamVolume	13				wc2-insertion
src/screen.c	0042F270	00421CF6	0042F810	00453A70	6	727	105				00428DE0	GetStreamerState	12				wc2-insertion
src/screen.c	0042F270	00421CF6	0042F810	00453A70	6	727	106				00428E00	FUN_00428E00	28				wc2-insertion
src/screen.c	0042F270	00421CF6	0042F810	00453A70	6	727	107				00428E5C	FUN_00428E5C	21				wc2-insertion
src/screen.c	0042F270	00421CF6	0042F810	00453A70	6	727	108				00428E98	FUN_00428E98	24				wc2-insertion
src/screen.c	0042F270	00421CF6	0042F810	00453A70	6	727	109				00428EDC	FUN_00428EDC	172				wc2-insertion
src/screen.c	0042F270	00421CF6	0042F810	00453A70	6	727	110				0042917D	FUN_0042917D	59				wc2-insertion
src/screen.c	0042F270	00421CF6	0042F810	00453A70	6	727	111				00429261	ShowTheEndScreen	105			004304F0	wc2-insertion
src/screen.c	0042F270	00421CF6	0042F810	00453A70	6	727	112				004293F9	LoadTemporaryCampaignGlobals	17				wc2-insertion
src/screen.c	0042F270	00421CF6	0042F810	00453A70	6	727	113				00429423	SaveAndFreeTemporaryCampaignGlobals	40				wc2-insertion
src/screen.c	0042F270	00421CF6	0042F810	00453A70	6	727	114				0042949F	LoadWholeDataFile	56				wc2-insertion
src/screen.c	0042F270	00421CF6	0042F810	00453A70	6	727	115				00429550	SendKilrathiAceGreetingOnce	19			00422090	wc2-insertion
src/screen.c	0042F270	00421CF6	0042F810	00453A70	6	727	116				00429581	signed_random	19			004220F0	wc2-insertion
src/screen.c	0042F270	00421CF6	0042F810	00453A70	6	727	117				004295A9	alert_flag	18			00422110	wc2-insertion
src/screen.c	0042F270	00421CF6	0042F810	00453A70	6	727	118				004295D9	set_alert	13			00422140	wc2-insertion
src/screen.c	0042F270	00421CF6	0042F810	00453A70	6	727	119				004295F2	clear_alert	16			00422160	wc2-insertion
src/screen.c	0042F270	00421CF6	0042F810	00453A70	6	727	120				00429625	start_collision_alert	36			00422180	wc2-insertion
src/screen.c	0042F270	00421CF6	0042F810	00453A70	6	727	121				00429698	try2end_collision_alert	26			004221E0	wc2-insertion
src/screen.c	0042F270	00421CF6	0042F810	00453A70	6	727	122				004296E2	normal_speed	27			00422220	wc2-insertion
src/screen.c	0042F270	00421CF6	0042F810	00453A70	6	727	123				00429736	real_crash_time	166			00422260	wc2-insertion
src/screen.c	0042F270	00421CF6	0042F810	00453A70	6	727	124				00429958	crash_time	32			00422460	wc2-insertion
src/screen.c	0042F270	00421CF6	0042F810	00453A70	6	727	125				004299C9	detect_collisions	97			004224F0	wc2-insertion
src/screen.c	0042F270	00421CF6	0042F810	00453A70	6	727	126				00429B55	unactive	25			00422560	wc2-insertion
src/screen.c	0042F270	00421CF6	0042F810	00453A70	6	727	127				00429BA8	are_alive	25			00422590	wc2-insertion
src/screen.c	0042F270	00421CF6	0042F810	00453A70	6	727	128				00429BF0	trim_goals	48			004225C0	wc2-insertion
src/screen.c	0042F270	00421CF6	0042F810	00453A70	6	727	129				00429CAD	report_kilrathi_rout	86			00422640	wc2-insertion
src/screen.c	0042F270	00421CF6	0042F810	00453A70	6	727	130				00429E24	find_ship_index	45			00422710	wc2-insertion
src/screen.c	0042F270	00421CF6	0042F810	00453A70	6	727	131				00429EE0	try2rout	76			00422780	wc2-insertion
src/screen.c	0042F270	00421CF6	0042F810	00453A70	6	727	132				0042A003	CanSetNewShipTurnGoal	29				wc2-insertion
src/screen.c	0042F270	00421CF6	0042F810	00453A70	6	727	133				0042A062	no_goal	23			00422830	wc2-insertion
src/screen.c	0042F270	00421CF6	0042F810	00453A70	6	727	134				0042A0A9	being_tailed	29			00422860	wc2-insertion
src/screen.c	0042F270	00421CF6	0042F810	00453A70	6	727	135				0042A108	detect_enemy_tail	50			00422930	wc2-insertion
src/screen.c	0042F270	00421CF6	0042F810	00453A70	6	727	136				0042A1C5	is_ship_tailing_player_target	33			004229B0	wc2-insertion
src/screen.c	0042F270	00421CF6	0042F810	00453A70	6	727	137				0042A222	FindMissileTargetingObject	31			004229F0	wc2-insertion
src/screen.c	0042F270	00421CF6	0042F810	00453A70	6	727	138				0042A28E	build_squad_list	36			00422A70	wc2-insertion
src/screen.c	0042F270	00421CF6	0042F810	00453A70	6	727	139				0042A313	find_squad_center	45			00422AC0	wc2-insertion
src/screen.c	0042F270	00421CF6	0042F810	00453A70	6	727	140				0042A39A	init_formation_burst	74			00422B30	wc2-insertion
src/screen.c	0042F270	00421CF6	0042F810	00453A70	6	727	141				0042A490	reset_mission_type	28			00422BE0	wc2-insertion
src/screen.c	0042F270	00421CF6	0042F810	00453A70	6	727	142				0042A4E5	change_mission_type	24			00422C30	wc2-insertion
src/screen.c	0042F270	00421CF6	0042F810	00453A70	6	727	143				0042A52A	reset_objective	22			00422C70	wc2-insertion
src/screen.c	0042F270	00421CF6	0042F810	00453A70	6	727	144				0042A55F	alter_objective	22			00422CA0	wc2-insertion
src/screen.c	0042F270	00421CF6	0042F810	00453A70	6	727	145				0042A594	reset_tactic	20			00422CD0	wc2-insertion
src/screen.c	0042F270	00421CF6	0042F810	00453A70	6	727	146				0042A5C8	alter_tactic	18			00422D00	wc2-insertion
src/screen.c	0042F270	00421CF6	0042F810	00453A70	6	727	147				0042A5F1	reset_maneuver	17			00422D30	wc2-insertion
src/screen.c	0042F270	00421CF6	0042F810	00453A70	6	727	148				0042A625	try2reset_maneuver	25			00422D60	wc2-insertion
src/screen.c	0042F270	00421CF6	0042F810	00453A70	6	727	149				0042A664	set_special	36			00422D90	wc2-insertion
src/screen.c	0042F270	00421CF6	0042F810	00453A70	6	727	150				0042A6E8	approach_zero_speed	15			00422DD0	wc2-insertion
src/screen.c	0042F270	00421CF6	0042F810	00453A70	6	727	151				0042A701	approach_min_speed	15			00422DF0	wc2-insertion
src/screen.c	0042F270	00421CF6	0042F810	00453A70	6	727	152				0042A71D	approach_half_speed	22			00422E10	wc2-insertion
src/screen.c	0042F270	00421CF6	0042F810	00453A70	6	727	153				0042A754	approach_cruise_speed	21			00422E50	wc2-insertion
src/screen.c	0042F270	00421CF6	0042F810	00453A70	6	727	154				0042A788	approach_full_speed	18			00422E80	wc2-insertion
src/screen.c	0042F270	00421CF6	0042F810	00453A70	6	727	155				0042A7AF	approach_ship_speed	17			00422EA0	wc2-insertion
src/screen.c	0042F270	00421CF6	0042F810	00453A70	6	727	156				0042A7D2	ComputePointAheadOfObject	32			00422EC0	wc2-insertion
src/screen.c	0042F270	00421CF6	0042F810	00453A70	6	727	157				0042A823	ComputePointBehindObject	33			00422F10	wc2-insertion
src/screen.c	0042F270	00421CF6	0042F810	00453A70	6	727	158				0042A876	close_behind	21			00422F60	wc2-insertion
src/screen.c	0042F270	00421CF6	0042F810	00453A70	6	727	159				0042A8B5	scan_for_enemy	86			00422F80	wc2-insertion
src/screen.c	0042F270	00421CF6	0042F810	00453A70	6	727	160				0042AA0D	any_enemy	50			00423070	wc2-insertion
src/screen.c	0042F270	00421CF6	0042F810	00453A70	6	727	161				0042AAD3	FUN_0042AAD3	47				wc2-insertion
src/screen.c	0042F270	00421CF6	0042F810	00453A70	6	727	162				0042AB81	ships_within_range	30			00423260	wc2-insertion
src/screen.c	0042F270	00421CF6	0042F810	00453A70	6	727	163				0042ABCE	attacker_in_range	56			004232B0	wc2-insertion
src/screen.c	0042F270	00421CF6	0042F810	00453A70	6	727	164				0042ACAF	in_danger	64			00423350	wc2-insertion
src/screen.c	0042F270	00421CF6	0042F810	00453A70	6	727	165				0042ADB8	target_within_range	42			00423400	wc2-insertion
src/screen.c	0042F270	00421CF6	0042F810	00453A70	6	727	166				0042AE32	build_target_list	72			00423440	wc2-insertion
src/screen.c	0042F270	00421CF6	0042F810	00453A70	6	727	167				0042AF60	inherit_leader_mission	43			00423530	wc2-insertion
src/screen.c	0042F270	00421CF6	0042F810	00453A70	6	727	168				0042B00A	inherit_leader	44			004235B0	wc2-insertion
src/screen.c	0042F270	00421CF6	0042F810	00453A70	6	727	169				0042B0B7	dead_ship	23			00423610	wc2-insertion
src/screen.c	0042F270	00421CF6	0042F810	00453A70	6	727	170				0042B0FB	gone_ship	29			00423640	wc2-insertion
src/screen.c	0042F270	00421CF6	0042F810	00453A70	6	727	171				0042B15A	skill_check	27			004236B0	wc2-insertion
src/screen.c	0042F270	00421CF6	0042F810	00453A70	6	727	172				0042B1AE	find_ships_sphere	64			004236F0	wc2-insertion
src/screen.c	0042F270	00421CF6	0042F810	00453A70	6	727	173				0042B2A7	locate_ship	75			00423780	wc2-insertion
src/screen.c	0042F270	00421CF6	0042F810	00453A70	6	727	174				0042B38F	get_follow_point	113			00423820	wc2-insertion
src/screen.c	0042F270	00421CF6	0042F810	00453A70	6	727	175				0042B524	get_first_follow_point	24			00423930	wc2-insertion
src/screen.c	0042F270	00421CF6	0042F810	00453A70	6	727	176				0042B565	hostile_sphere	41			00423970	wc2-insertion
src/screen.c	0042F270	00421CF6	0042F810	00453A70	6	727	177				0042B5F7	abandoned	63			004239D0	wc2-insertion
src/screen.c	0042F270	00421CF6	0042F810	00453A70	6	727	178				0042B6C5	engage	36			00423A50	wc2-insertion
src/screen.c	0042F270	00421CF6	0042F810	00453A70	6	727	179				0042B73B	target_valid	59			00423AC0	wc2-insertion
src/screen.c	0042F270	00421CF6	0042F810	00453A70	6	727	180				0042B80C	FUN_0042B80C	62				wc2-insertion
src/screen.c	0042F270	00421CF6	0042F810	00453A70	6	727	181				0042B916	FUN_0042B916	38				wc2-insertion
src/screen.c	0042F270	00421CF6	0042F810	00453A70	6	727	182				0042B985	evaluate_damage	88			00423C00	wc2-insertion
src/screen.c	0042F270	00421CF6	0042F810	00453A70	6	727	183				0042BAC0	FillGraphicSuffix	35			00436C70	wc2-insertion
src/screen.c	0042F270	00421CF6	0042F810	00453A70	6	727	184				0042BB17	ConvertChar_Int	32			00436CB0	wc2-insertion
src/screen.c	0042F270	00421CF6	0042F810	00453A70	6	727	185				0042BB70	PostMission	143			0040F010	wc2-insertion
src/screen.c	0042F270	00421CF6	0042F810	00453A70	6	727	186				0042BDDB	FUN_0042BDDB	16				wc2-insertion
src/screen.c	0042F270	00421CF6	0042F810	00453A70	6	727	187				0042BDFE	FUN_0042BDFE	10				wc2-insertion
src/screen.c	0042F270	00421CF6	0042F810	00453A70	6	727	188				0042BE09	FUN_0042BE09	23				wc2-insertion
src/screen.c	0042F270	00421CF6	0042F810	00453A70	6	727	189				0042BE4B	FUN_0042BE4B	60				wc2-insertion
src/screen.c	0042F270	00421CF6	0042F810	00453A70	6	727	190				0042BF0C	FUN_0042BF0C	55				wc2-insertion
src/screen.c	0042F270	00421CF6	0042F810	00453A70	6	727	191				0042BFB8	FUN_0042BFB8	39				wc2-insertion
src/screen.c	0042F270	00421CF6	0042F810	00453A70	6	727	192				0042C04B	FUN_0042C04B	25				wc2-insertion
src/screen.c	0042F270	00421CF6	0042F810	00453A70	6	727	193				0042C0A2	FUN_0042C0A2	25				wc2-insertion
src/screen.c	0042F270	00421CF6	0042F810	00453A70	6	727	194				0042C0F1	print_subtitle	155			00403920	wc2-insertion
src/screen.c	0042F270	00421CF6	0042F810	00453A70	6	727	195				0042C373	FUN_0042C373	21				wc2-insertion
src/screen.c	0042F270	00421CF6	0042F810	00453A70	6	727	196				0042C3A7	FUN_0042C3A7	43				wc2-insertion
src/screen.c	0042F270	00421CF6	0042F810	00453A70	6	727	197				0042C43D	DisplayTrainSimHighScoreTable	100			00425C60	wc2-insertion
src/screen.c	0042F270	00421CF6	0042F810	00453A70	6	727	198				0042C5A2	FUN_0042C5A2	34				wc2-insertion
src/screen.c	0042F270	00421CF6	0042F810	00453A70	6	727	199				0042C607	FUN_0042C607	27				wc2-insertion
src/screen.c	0042F270	00421CF6	0042F810	00453A70	6	727	200				0042C659	FUN_0042C659	27				wc2-insertion
src/screen.c	0042F270	00421CF6	0042F810	00453A70	6	727	201				0042C6AC	FUN_0042C6AC	42				wc2-insertion
src/screen.c	0042F270	00421CF6	0042F810	00453A70	6	727	202				0042C725	FUN_0042C725	25				wc2-insertion
src/screen.c	0042F270	00421CF6	0042F810	00453A70	6	727	203				0042C75D	FUN_0042C75D	27				wc2-insertion
src/screen.c	0042F270	00421CF6	0042F810	00453A70	6	727	204				0042C7BC	FUN_0042C7BC	78				wc2-insertion
src/screen.c	0042F270	00421CF6	0042F810	00453A70	6	727	205				0042C8E1	FUN_0042C8E1	57				wc2-insertion
src/screen.c	0042F270	00421CF6	0042F810	00453A70	6	727	206				0042C9B0	FUN_0042C9B0	39				wc2-insertion
src/screen.c	0042F270	00421CF6	0042F810	00453A70	6	727	207				0042CA28	FUN_0042CA28	65				wc2-insertion
src/screen.c	0042F270	00421CF6	0042F810	00453A70	6	727	208				0042CB08	FUN_0042CB08	90				wc2-insertion
src/screen.c	0042F270	00421CF6	0042F810	00453A70	6	727	209				0042CC42	FUN_0042CC42	91				wc2-insertion
src/screen.c	0042F270	00421CF6	0042F810	00453A70	6	727	210				0042CDB5	FUN_0042CDB5	165				wc2-insertion
src/screen.c	0042F270	00421CF6	0042F810	00453A70	6	727	211				0042CFDB	FUN_0042CFDB	127				wc2-insertion
src/screen.c	0042F270	00421CF6	0042F810	00453A70	6	727	212				0042D181	FUN_0042D181	56				wc2-insertion
src/screen.c	0042F270	00421CF6	0042F810	00453A70	6	727	213				0042D227	FUN_0042D227	124				wc2-insertion
src/screen.c	0042F270	00421CF6	0042F810	00453A70	6	727	214				0042D444	FUN_0042D444	30				wc2-insertion
src/screen.c	0042F270	00421CF6	0042F810	00453A70	6	727	215				0042D4C1	FUN_0042D4C1	20				wc2-insertion
src/screen.c	0042F270	00421CF6	0042F810	00453A70	6	727	216				0042D4FA	FUN_0042D4FA	29				wc2-insertion
src/screen.c	0042F270	00421CF6	0042F810	00453A70	6	727	217				0042D568	ViewMedals	159			00436E30	wc2-insertion
src/screen.c	0042F270	00421CF6	0042F810	00453A70	6	727	218				0042D81C	FUN_0042D81C	54				wc2-insertion
src/screen.c	0042F270	00421CF6	0042F810	00453A70	6	727	219				0042D8E2	FUN_0042D8E2	57				wc2-insertion
src/screen.c	0042F270	00421CF6	0042F810	00453A70	6	727	220				0042D98C	FUN_0042D98C	52				wc2-insertion
src/screen.c	0042F270	00421CF6	0042F810	00453A70	6	727	221				0042DA25	FUN_0042DA25	250				wc2-insertion
src/screen.c	0042F270	00421CF6	0042F810	00453A70	6	727	222				0042DD9F	FUN_0042DD9F	55				wc2-insertion
src/screen.c	0042F270	00421CF6	0042F810	00453A70	6	727	223				0042DE62	FUN_0042DE62	23				wc2-insertion
src/screen.c	0042F270	00421CF6	0042F810	00453A70	6	727	224				0042DE9D	FUN_0042DE9D	46				wc2-insertion
src/screen.c	0042F270	00421CF6	0042F810	00453A70	6	727	225				0042DF32	FUN_0042DF32	28				wc2-insertion
src/screen.c	0042F270	00421CF6	0042F810	00453A70	6	727	226				0042DF80	FUN_0042DF80	128				wc2-insertion
src/screen.c	0042F270	00421CF6	0042F810	00453A70	6	727	227				0042E12A	FUN_0042E12A	172				wc2-insertion
src/screen.c	0042F270	00421CF6	0042F810	00453A70	6	727	228				0042E3CF	PromptForTextInput	106			0041B420	wc2-insertion
src/screen.c	0042F270	00421CF6	0042F810	00453A70	6	727	229				0042E553	FUN_0042E553	93				wc2-insertion
src/screen.c	0042F270	00421CF6	0042F810	00453A70	6	727	230				0042E692	FUN_0042E692	29				wc2-insertion
src/screen.c	0042F270	00421CF6	0042F810	00453A70	6	727	231				0042E6EB	FUN_0042E6EB	40				wc2-insertion
src/screen.c	0042F270	00421CF6	0042F810	00453A70	6	727	232				0042E762	FUN_0042E762	66				wc2-insertion
src/screen.c	0042F270	00421CF6	0042F810	00453A70	6	727	233				0042E868	DrawFuneralLongShot	219			00439220	wc2-insertion
src/screen.c	0042F270	00421CF6	0042F810	00453A70	6	727	234				0042EBD0	FUN_0042EBD0	55			00426700	wc2-insertion
src/screen.c	0042F270	00421CF6	0042F810	00453A70	6	727	235				0042EC7F	FUN_0042EC7F	24				wc2-insertion
src/screen.c	0042F270	00421CF6	0042F810	00453A70	6	727	236				0042ECCB	UpdateMap	100			00405CC0	wc2-insertion
src/screen.c	0042F270	00421CF6	0042F810	00453A70	6	727	237				0042EE4F	FUN_0042EE4F	24				wc2-insertion
src/screen.c	0042F270	00421CF6	0042F810	00453A70	6	727	238				0042EE86	FUN_0042EE86	41				wc2-insertion
src/screen.c	0042F270	00421CF6	0042F810	00453A70	6	727	239				0042EF12	FUN_0042EF12	105				wc2-insertion
src/screen.c	0042F270	00421CF6	0042F810	00453A70	6	727	240				0042F0B3	FUN_0042F0B3	26				wc2-insertion
src/screen.c	0042F270	00421CF6	0042F810	00453A70	6	727	241				0042F100	FUN_0042F100	22				wc2-insertion
src/screen.c	0042F270	00421CF6	0042F810	00453A70	6	727	242				0042F135	FUN_0042F135	37				wc2-insertion
src/screen.c	0042F270	00421CF6	0042F810	00453A70	6	727	243				0042F19A	FUN_0042F19A	37				wc2-insertion
src/screen.c	0042F270	00421CF6	0042F810	00453A70	6	727	244				0042F1FD	FUN_0042F1FD	3599				wc2-insertion
src/screen.c	0042F270	00421CF6	0042F810	00453A70	6	727	245				00432DCC	FUN_00432DCC	31				wc2-insertion
src/screen.c	0042F270	00421CF6	0042F810	00453A70	6	727	246				00432E23	RewriteDiskFileGraphicsExtensions	34			0042C510	wc2-insertion
src/screen.c	0042F270	00421CF6	0042F810	00453A70	6	727	247				00432E83	FUN_00432E83	34				wc2-insertion
src/screen.c	0042F270	00421CF6	0042F810	00453A70	6	727	248				00432EE4	FUN_00432EE4	28				wc2-insertion
src/screen.c	0042F270	00421CF6	0042F810	00453A70	6	727	249				00432F2A	FUN_00432F2A	205				wc2-insertion
src/screen.c	0042F270	00421CF6	0042F810	00453A70	6	727	250				00433269	FUN_00433269	52				wc2-insertion
src/screen.c	0042F270	00421CF6	0042F810	00453A70	6	727	251				00433328	FUN_00433328	59				wc2-insertion
src/screen.c	0042F270	00421CF6	0042F810	00453A70	6	727	252				004333F8	SceneEnterHook	13			00425AF0	wc2-insertion
src/screen.c	0042F270	00421CF6	0042F810	00453A70	6	727	253				00433410	PanToScreen	201			00439430	wc2-insertion
src/screen.c	0042F270	00421CF6	0042F810	00453A70	6	727	254				00433690	FUN_00433690	63				wc2-insertion
src/screen.c	0042F270	00421CF6	0042F810	00453A70	6	727	255				0043374E	FUN_0043374E	17				wc2-insertion
src/screen.c	0042F270	00421CF6	0042F810	00453A70	6	727	256				00433777	FUN_00433777	181				wc2-insertion
src/screen.c	0042F270	00421CF6	0042F810	00453A70	6	727	257				00433A14	FUN_00433A14	37				wc2-insertion
src/screen.c	0042F270	00421CF6	0042F810	00453A70	6	727	258				00433A75	FUN_00433A75	26				wc2-insertion
src/screen.c	0042F270	00421CF6	0042F810	00453A70	6	727	259				00433AB0	FUN_00433AB0	12				wc2-insertion
src/screen.c	0042F270	00421CF6	0042F810	00453A70	6	727	260				00433AD0	FUN_00433AD0	92				wc2-insertion
src/screen.c	0042F270	00421CF6	0042F810	00453A70	6	727	261				00433C84	FUN_00433C84	136				wc2-insertion
src/screen.c	0042F270	00421CF6	0042F810	00453A70	6	727	262				00433E8C	FUN_00433E8C	25				wc2-insertion
src/screen.c	0042F270	00421CF6	0042F810	00453A70	6	727	263				00433ED7	GetBunkInfo	60			0041BB20	wc2-insertion
src/screen.c	0042F270	00421CF6	0042F810	00453A70	6	727	264				00433F94	Dismissed	57			00437B80	wc2-insertion
src/screen.c	0042F270	00421CF6	0042F810	00453A70	6	727	265				00434043	get_pilot_talk	98			0040C1C0	wc2-insertion
src/screen.c	0042F270	00421CF6	0042F810	00453A70	6	727	266				00434177	DrawMedalLongShot	93			00437250	wc2-insertion
src/screen.c	0042F270	00421CF6	0042F810	00453A70	6	727	267				004342E8	OpenDiskDataFile	170			0041D6C0	wc2-insertion
src/screen.c	0042F270	00421CF6	0042F810	00453A70	6	727	268				0043456E	FUN_0043456E	24				wc2-insertion
src/screen.c	0042F270	00421CF6	0042F810	00453A70	6	727	269				004345A1	EraseLastTextInputCharacter	94			0041DDF0	wc2-insertion
src/screen.c	0042F270	00421CF6	0042F810	00453A70	6	727	270				004346E9	WarnLoadGameFirst	69			0041B550	wc2-insertion
src/screen.c	0042F270	00421CF6	0042F810	00453A70	6	727	271				004347D6	FUN_004347D6	69			00426660	wc2-insertion
src/screen.c	0042F270	00421CF6	0042F810	00453A70	6	727	272				004348C3	FUN_004348C3	148			00426600	wc2-insertion
src/screen.c	0042F270	00421CF6	0042F810	00453A70	6	727	273				00434ACE	FUN_00434ACE	64				wc2-insertion
src/screen.c	0042F270	00421CF6	0042F810	00453A70	6	727	274				00434BB5	FUN_00434BB5	178				wc2-insertion
src/screen.c	0042F270	00421CF6	0042F810	00453A70	6	727	275				00434EBC	DrawArcadeScorePanel	64			00429E90	wc2-insertion
src/screen.c	0042F270	00421CF6	0042F810	00453A70	6	727	276				00434F7D	ConfirmQuitWingCommander	64			0041BF10	wc2-insertion
src/screen.c	0042F270	00421CF6	0042F810	00453A70	6	727	277				00435064	FUN_00435064	207				wc2-insertion
src/screen.c	0042F270	00421CF6	0042F810	00453A70	6	727	278				004353D4	FUN_004353D4	991			00426C70	wc2-insertion
src/screen.c	0042F270	00421CF6	0042F810	00453A70	6	727	279				0043641C	ConfirmReplaceFaultyData	182			0041BFE0	wc2-insertion
src/screen.c	0042F270	00421CF6	0042F810	00453A70	6	727	280				00436722	ConfirmAwakenAfterBadData	182			0041BF60	wc2-insertion
src/screen.c	0042F270	00421CF6	0042F810	00453A70	6	727	281				00436A4D	FUN_00436A4D	23				wc2-insertion
src/screen.c	0042F270	00421CF6	0042F810	00453A70	6	727	282				00436A8F	FUN_00436A8F	789				wc2-insertion
src/screen.c	0042F270	00421CF6	0042F810	00453A70	6	727	283				00437760	SplitGameClockTicks	52			00403C40	wc2-insertion
src/screen.c	0042F270	00421CF6	0042F810	00453A70	6	727	284				004377F0	MonoDebug_install	69			00403C90	wc2-insertion
src/screen.c	0042F270	00421CF6	0042F810	00453A70	6	727	285				004378D9	MonoDebug_remove	16			00403D60	wc2-insertion
src/screen.c	0042F270	00421CF6	0042F810	00453A70	6	727	286				00437907	FUN_00437907	25				wc2-insertion
src/screen.c	0042F270	00421CF6	0042F810	00453A70	6	727	287				00437946	SoundDebugPrintf	24			00403DB0	wc2-insertion
src/screen.c	0042F270	00421CF6	0042F810	00453A70	6	727	288				00437983	MonoDebug_print	29			00403DE0	wc2-insertion
src/screen.c	0042F270	00421CF6	0042F810	00453A70	6	727	289				004379D4	ReadPerformanceCounter	13			00403E30	wc2-insertion
src/screen.c	0042F270	00421CF6	0042F810	00453A70	6	727	290				004379F0	FUN_004379F0	24				wc2-insertion
src/screen.c	0042F270	00421CF6	0042F810	00453A70	6	727	291				00437A44	FUN_00437A44	37				wc2-insertion
src/screen.c	0042F270	00421CF6	0042F810	00453A70	6	727	292				00437AB4	exit_squadron	21			00427370	wc2-insertion
src/screen.c	0042F270	00421CF6	0042F810	00453A70	6	727	293				00437AEC	ShowMemoryStatusDebug	103			004273C0	wc2-insertion
src/screen.c	0042F270	00421CF6	0042F810	00453A70	6	727	294				00437C2E	ShowModalMessage	38			00428F20	wc2-insertion
src/screen.c	0042F270	00421CF6	0042F810	00453A70	6	727	295				00437C96	ReportOutOfMemoryAndExit	18			00428F80	wc2-insertion
src/screen.c	0042F270	00421CF6	0042F810	00453A70	6	727	296				00437CBF	InitializeConversationViewport	42			00427B20	wc2-insertion
src/screen.c	0042F270	00421CF6	0042F810	00453A70	6	727	297				00437D68	ResetScreenClipToFullHeight	15			00427BA0	wc2-insertion
src/screen.c	0042F270	00421CF6	0042F810	00453A70	6	727	298				00437D92	InitializeConversationText	29			00427BC0	wc2-insertion
src/screen.c	0042F270	00421CF6	0042F810	00453A70	6	727	299				00437DFA	ShowOnScreenMessage	86			00428FA0	wc2-insertion
src/screen.c	0042F270	00421CF6	0042F810	00453A70	6	727	300				00437F2F	ShowGamePausedBanner	24			004290A0	wc2-insertion
src/screen.c	0042F270	00421CF6	0042F810	00453A70	6	727	301				00437F77	ShowVersionBanner	16			004290D0	wc2-insertion
src/screen.c	0042F270	00421CF6	0042F810	00453A70	6	727	302				00437F9A	SetMessageDisplaySpeed	23			004290F0	wc2-insertion
src/screen.c	0042F270	00421CF6	0042F810	00453A70	6	727	303				00437FD3	ReportFramesSkipped	29			00429120	wc2-insertion
src/screen.c	0042F270	00421CF6	0042F810	00453A70	6	727	304				00438020	FUN_00438020	32				wc2-insertion
src/screen.c	0042F270	00421CF6	0042F810	00453A70	6	727	305				00438080	FUN_00438080	16				wc2-insertion
src/screen.c	0042F270	00421CF6	0042F810	00453A70	6	727	306				004380B0	FatalErrorAndExit	26			00413CE0	wc2-insertion
src/screen.c	0042F270	00421CF6	0042F810	00453A70	6	727	307				004380FD	IsCockpitExplosionActive	17			00413D20	wc2-insertion
src/screen.c	0042F270	00421CF6	0042F810	00453A70	6	727	308				00438129	EraseCockpitReadoutRegion	37			00413D40	wc2-insertion
src/screen.c	0042F270	00421CF6	0042F810	00453A70	6	727	309				00438194	vdu_polygon	189			00413DA0	wc2-insertion
src/screen.c	0042F270	00421CF6	0042F810	00453A70	6	727	310				00438454	InitializeCockpitReadout	27			00413F70	wc2-insertion
src/screen.c	0042F270	00421CF6	0042F810	00453A70	6	727	311				004384AD	DrawCockpitReadout	73			00413FB0	wc2-insertion
src/screen.c	0042F270	00421CF6	0042F810	00453A70	6	727	312				004385B3	DrawHudMessageSlot	105			004140A0	wc2-insertion
src/screen.c	0042F270	00421CF6	0042F810	00453A70	6	727	313				00438711	ClearHudMessageSlot	43			00414180	wc2-insertion
src/screen.c	0042F270	00421CF6	0042F810	00453A70	6	727	314				004387A7	ClearHudMessageIfMatching	18			004141B0	wc2-insertion
src/screen.c	0042F270	00421CF6	0042F810	00453A70	6	727	315				004387CD	ClearHudGunReadouts	14			004141D0	wc2-insertion
src/screen.c	0042F270	00421CF6	0042F810	00453A70	6	727	316				004387FA	SetHudMessageSlot	38			004141F0	wc2-insertion
src/screen.c	0042F270	00421CF6	0042F810	00453A70	6	727	317				00438864	UpdateMessage	30			00414240	wc2-insertion
src/screen.c	0042F270	00421CF6	0042F810	00453A70	6	727	318				004388B6	set_global_message	27			00414270	wc2-insertion
src/screen.c	0042F270	00421CF6	0042F810	00453A70	6	727	319				004388F5	CockpitMessage	21			004142B0	wc2-insertion
src/screen.c	0042F270	00421CF6	0042F810	00453A70	6	727	320				00438923	FUN_00438923	15				wc2-insertion
src/screen.c	0042F270	00421CF6	0042F810	00453A70	6	727	321				0043893F	remove_message	17			004142E0	wc2-insertion
src/screen.c	0042F270	00421CF6	0042F810	00453A70	6	727	322				0043895F	kilrathi_near	45			00414300	wc2-insertion
src/screen.c	0042F270	00421CF6	0042F810	00453A70	6	727	323				004389FE	IsMissionObjectiveOutOfSystem	56				wc2-insertion
src/screen.c	0042F270	00421CF6	0042F810	00453A70	6	727	324				00438ADD	auto_pilot_valid	129			00414380	wc2-insertion
src/screen.c	0042F270	00421CF6	0042F810	00453A70	6	727	325				00438CEB	reset_cockpit	22			00414410	wc2-insertion
src/screen.c	0042F270	00421CF6	0042F810	00453A70	6	727	326				00438D30	SetCockpitLightBlink	36			00414440	wc2-insertion
src/screen.c	0042F270	00421CF6	0042F810	00453A70	6	727	327				00438DAD	draw_cockpit_lights	108			00414490	wc2-insertion
src/screen.c	0042F270	00421CF6	0042F810	00453A70	6	727	328				00438F62	update_lights	77			004145B0	wc2-insertion
src/screen.c	0042F270	00421CF6	0042F810	00453A70	6	727	329				00439076	update_bars	151			00414690	wc2-insertion
src/screen.c	0042F270	00421CF6	0042F810	00453A70	6	727	330				00439264	get_mode	16			004147E0	wc2-insertion
src/screen.c	0042F270	00421CF6	0042F810	00453A70	6	727	331				0043928E	set_mode	33			00414800	wc2-insertion
src/screen.c	0042F270	00421CF6	0042F810	00453A70	6	727	332				004392F1	SetVduModeIfChanged	32			00414850	wc2-insertion
src/screen.c	0042F270	00421CF6	0042F810	00453A70	6	727	333				0043934D	GetVduModeStackDepth	13			00414890	wc2-insertion
src/screen.c	0042F270	00421CF6	0042F810	00453A70	6	727	334				00439369	push_mode	26			004148A0	wc2-insertion
src/screen.c	0042F270	00421CF6	0042F810	00453A70	6	727	335				004393B3	pop_mode	20			004148E0	wc2-insertion
src/screen.c	0042F270	00421CF6	0042F810	00453A70	6	727	336				004393E1	set_new_vdu	56			00414910	wc2-insertion
src/screen.c	0042F270	00421CF6	0042F810	00453A70	6	727	337				004394A0	update_vid_disp	31			00414980	wc2-insertion
src/screen.c	0042F270	00421CF6	0042F810	00453A70	6	727	338				00439500	InvalidateVduMode	12			004149C0	wc2-insertion
src/screen.c	0042F270	00421CF6	0042F810	00453A70	6	727	339				0043951A	clear_message_time	11			004149E0	wc2-insertion
src/screen.c	0042F270	00421CF6	0042F810	00453A70	6	727	340				0043952E	message_showing	17			004149F0	wc2-insertion
src/screen.c	0042F270	00421CF6	0042F810	00453A70	6	727	341				00439559	set_message_time	16			00414A10	wc2-insertion
src/screen.c	0042F270	00421CF6	0042F810	00453A70	6	727	342				00439588	check_message	69			00414A20	wc2-insertion
src/screen.c	0042F270	00421CF6	0042F810	00453A70	6	727	343				004396BF	update_digital_readouts	50			00414A50	wc2-insertion
src/screen.c	0042F270	00421CF6	0042F810	00453A70	6	727	344				00439753	malf_sound	25			00414AE0	wc2-insertion
src/screen.c	0042F270	00421CF6	0042F810	00453A70	6	727	345				00439789	malf	26			00414AF0	wc2-insertion
src/screen.c	0042F270	00421CF6	0042F810	00453A70	6	727	346				004397D5	vdu_malf	39			00414B20	wc2-insertion
src/screen.c	0042F270	00421CF6	0042F810	00453A70	6	727	347				0043984F	ShowComponentHitHudMessage	40			00414B70	wc2-insertion
src/screen.c	0042F270	00421CF6	0042F810	00453A70	6	727	348				004398CB	damage_your_component	75			00414BF0	wc2-insertion
src/screen.c	0042F270	00421CF6	0042F810	00453A70	6	727	349				004399C6	RemovePlayerReleaseWeapon	36			00414CB0	wc2-insertion
src/screen.c	0042F270	00421CF6	0042F810	00453A70	6	727	350				00439A5A	fire_computer_graphic_missile	87			00414D50	wc2-insertion
src/screen.c	0042F270	00421CF6	0042F810	00453A70	6	727	351				00439BB7	show_weapon_disp	239			00414EA0	wc2-insertion
src/screen.c	0042F270	00421CF6	0042F810	00453A70	6	727	352				00439F5F	update_status_text	166			00415040	wc2-insertion
src/screen.c	0042F270	00421CF6	0042F810	00453A70	6	727	353				0043A1EB	sighted	19			00415050	wc2-insertion
src/screen.c	0042F270	00421CF6	0042F810	00453A70	6	727	354				0043A21E	visited	19			00415070	wc2-insertion
src/screen.c	0042F270	00421CF6	0042F810	00453A70	6	727	355				0043A251	achieved	25			00415090	wc2-insertion
src/screen.c	0042F270	00421CF6	0042F810	00453A70	6	727	356				0043A29E	flag_objective	19			004150B0	wc2-insertion
src/screen.c	0042F270	00421CF6	0042F810	00453A70	6	727	357				0043A2CD	DrawCalculatingLabel	49			004150D0	wc2-insertion
src/screen.c	0042F270	00421CF6	0042F810	00453A70	6	727	358				0043A374	objective_name	39			00415130	wc2-insertion
src/screen.c	0042F270	00421CF6	0042F810	00453A70	6	727	359				0043A3F8	show_navigation_disp	38			00415180	wc2-insertion
src/screen.c	0042F270	00421CF6	0042F810	00453A70	6	727	360				0043A474	hidden_objective	184			004151F0	wc2-insertion
src/screen.c	0042F270	00421CF6	0042F810	00453A70	6	727	361				0043A75E	set_new_objective	60			004152C0	wc2-insertion
src/screen.c	0042F270	00421CF6	0042F810	00453A70	6	727	362				0043A851	cycle_next_objective	42			00415370	wc2-insertion
src/screen.c	0042F270	00421CF6	0042F810	00453A70	6	727	363				0043A8EA	set_next_destination	60			004153D0	wc2-insertion
src/screen.c	0042F270	00421CF6	0042F810	00453A70	6	727	364				0043A9D7	LocateMobileObjective	36			00415470	wc2-insertion
src/screen.c	0042F270	00421CF6	0042F810	00453A70	6	727	365				0043AA3F	is_any_ship_returning_to_current_nav_point	35			004154C0	wc2-insertion
src/screen.c	0042F270	00421CF6	0042F810	00453A70	6	727	366				0043AAC3	escorting_a_ship	21			00415510	wc2-insertion
src/screen.c	0042F270	00421CF6	0042F810	00453A70	6	727	367				0043AAFF	flag_reached	153			00415530	wc2-insertion
src/screen.c	0042F270	00421CF6	0042F810	00453A70	6	727	368				0043AD61	check_sighting	32			004156D0	wc2-insertion
src/screen.c	0042F270	00421CF6	0042F810	00453A70	6	727	369				0043ADC4	check_visit	33			00415720	wc2-insertion
src/screen.c	0042F270	00421CF6	0042F810	00453A70	6	727	370				0043AE2F	update_objective_location	124			00415770	wc2-insertion
src/screen.c	0042F270	00421CF6	0042F810	00453A70	6	727	371				0043AFD3	objective_lost	49			00415850	wc2-insertion
src/screen.c	0042F270	00421CF6	0042F810	00453A70	6	727	372				0043B089	check_objectives	30			004158A0	wc2-insertion
src/screen.c	0042F270	00421CF6	0042F810	00453A70	6	727	373				0043B0EB	rotational_pos_to_scanner_pos	78			004158F0	wc2-insertion
src/screen.c	0042F270	00421CF6	0042F810	00453A70	6	727	374				0043B1F0	mobile_objective	32			00415A30	wc2-insertion
src/screen.c	0042F270	00421CF6	0042F810	00453A70	6	727	375				0043B258	ResetScannerContacts	21			00415A70	wc2-insertion
src/screen.c	0042F270	00421CF6	0042F810	00453A70	6	727	376				0043B29D	clear_head_up_display	129			00415A90	wc2-insertion
src/screen.c	0042F270	00421CF6	0042F810	00453A70	6	727	377				0043B4CF	set_objective_range	57			00415B70	wc2-insertion
src/screen.c	0042F270	00421CF6	0042F810	00453A70	6	727	378				0043B570	FUN_0043B570	50				wc2-insertion
src/screen.c	0042F270	00421CF6	0042F810	00453A70	6	727	379				0043B61F	get_color	95			00415C00	wc2-insertion
src/screen.c	0042F270	00421CF6	0042F810	00453A70	6	727	380				0043B7C0	draw_3d_scanner	414			00415CE0	wc2-insertion
src/screen.c	0042F270	00421CF6	0042F810	00453A70	6	727	381				0043BE1B	start_lock	18			00415FC0	wc2-insertion
src/screen.c	0042F270	00421CF6	0042F810	00453A70	6	727	382				0043BE55	starting_lock	21			00415FF0	wc2-insertion
src/screen.c	0042F270	00421CF6	0042F810	00453A70	6	727	383				0043BE8D	lock_off	29			00416010	wc2-insertion
src/screen.c	0042F270	00421CF6	0042F810	00453A70	6	727	384				0043BEFF	CheckTargetLockMalfunction	35			00416040	wc2-insertion
src/screen.c	0042F270	00421CF6	0042F810	00453A70	6	727	385				0043BF67	decrement_lock_time	60			00416090	wc2-insertion
src/screen.c	0042F270	00421CF6	0042F810	00453A70	6	727	386				0043C048	target_locking	169			00416120	wc2-insertion
src/screen.c	0042F270	00421CF6	0042F810	00453A70	6	727	387				0043C30D	SetRectBounds	22			00416220	wc2-insertion
src/screen.c	0042F270	00421CF6	0042F810	00453A70	6	727	388				0043C344	GetRectHeight	16			00416250	wc2-insertion
src/screen.c	0042F270	00421CF6	0042F810	00453A70	6	727	389				0043C364	print_message_text	153			00416260	wc2-insertion
src/screen.c	0042F270	00421CF6	0042F810	00453A70	6	727	390				0043C570	ShowHudTextLine	24			00416460	wc2-insertion
src/screen.c	0042F270	00421CF6	0042F810	00453A70	6	727	391				0043C5B0	RestoreHudMessageBackground	27				wc2-insertion
src/screen.c	0042F270	00421CF6	0042F810	00453A70	6	727	392				0043C601	SetHudTextColour	25			00416480	wc2-insertion
src/screen.c	0042F270	00421CF6	0042F810	00453A70	6	727	393				0043C64D	ClearHudMessageDisplay	37				wc2-insertion
src/screen.c	0042F270	00421CF6	0042F810	00453A70	6	727	394				0043C6D8	draw_target_box	368			004164B0	wc2-insertion
src/screen.c	0042F270	00421CF6	0042F810	00453A70	6	727	395				0043CBD3	remove_nav_pointer	17			004168A0	wc2-insertion
src/screen.c	0042F270	00421CF6	0042F810	00453A70	6	727	396				0043CBFD	draw_nav_pointer	160			004168C0	wc2-insertion
src/screen.c	0042F270	00421CF6	0042F810	00453A70	6	727	397				0043CE8F	sort_viable_target_list	52			0041E860	wc2-insertion
src/screen.c	0042F270	00421CF6	0042F810	00453A70	6	727	398				0043CF5A	FUN_0043CF5A	258				wc2-insertion
src/screen.c	0042F270	00421CF6	0042F810	00453A70	6	727	399				0043D323	FUN_0043D323	30				wc2-insertion
src/screen.c	0042F270	00421CF6	0042F810	00453A70	6	727	400				0043D386	overlay_head_up_display	269			00416AC0	wc2-insertion
src/screen.c	0042F270	00421CF6	0042F810	00453A70	6	727	401				0043D7F2	RestoreCockpitExplosionIfVisible	17			00416C90	wc2-insertion
src/screen.c	0042F270	00421CF6	0042F810	00453A70	6	727	402				0043D81F	RestoreTransientCockpitGraphics	86			00416CB0	wc2-insertion
src/screen.c	0042F270	00421CF6	0042F810	00453A70	6	727	403				0043D956	SetHudMessageText	28			00416DE0	wc2-insertion
src/screen.c	0042F270	00421CF6	0042F810	00453A70	6	727	404				0043D9AB	FUN_0043D9AB	20				wc2-insertion
src/screen.c	0042F270	00421CF6	0042F810	00453A70	6	727	405				0043D9DA	malf_noise	46			00416E20	wc2-insertion
src/screen.c	0042F270	00421CF6	0042F810	00453A70	6	727	406				0043DA68	build_your_target_list	164			00416E90	wc2-insertion
src/screen.c	0042F270	00421CF6	0042F810	00453A70	6	727	407				0043DD1B	cycle_onscreen_targets	56			00416F30	wc2-insertion
src/screen.c	0042F270	00421CF6	0042F810	00453A70	6	727	408				0043DDFC	check_target	162			00416FD0	wc2-insertion
src/screen.c	0042F270	00421CF6	0042F810	00453A70	6	727	409				0043E101	FUN_0043E101	52				wc2-insertion
src/screen.c	0042F270	00421CF6	0042F810	00453A70	6	727	410				0043E1B2	update_missile_warning	60			00417190	wc2-insertion
src/screen.c	0042F270	00421CF6	0042F810	00453A70	6	727	411				0043E297	determine_pilot_hand	67			004171D0	wc2-insertion
src/screen.c	0042F270	00421CF6	0042F810	00453A70	6	727	412				0043E371	DrawPilotHandFrame	56			00417260	wc2-insertion
src/screen.c	0042F270	00421CF6	0042F810	00453A70	6	727	413				0043E43A	animate_pilot	18			004173C0	wc2-insertion
src/screen.c	0042F270	00421CF6	0042F810	00453A70	6	727	414				0043E472	ResetPilotHandAnimation	18			004173F0	wc2-insertion
src/screen.c	0042F270	00421CF6	0042F810	00453A70	6	727	415				0043E4A8	send_message	69			00417420	wc2-insertion
src/screen.c	0042F270	00421CF6	0042F810	00453A70	6	727	416				0043E5DA	npc_communication	153			004174F0	wc2-insertion
src/screen.c	0042F270	00421CF6	0042F810	00453A70	6	727	417				0043E870	clear_cockpit_damage	22			00417610	wc2-insertion
src/screen.c	0042F270	00421CF6	0042F810	00453A70	6	727	418				0043E8B2	explosion_draw	77			00417630	wc2-insertion
src/screen.c	0042F270	00421CF6	0042F810	00453A70	6	727	419				0043E9E2	DrawPendingCockpitDamage	63			004176C0	wc2-insertion
src/screen.c	0042F270	00421CF6	0042F810	00453A70	6	727	420				0043EAE3	RestoreCockpitExplosionBackground	31			00417760	wc2-insertion
src/screen.c	0042F270	00421CF6	0042F810	00453A70	6	727	421				0043EB46	cockpit_explosion	69			004177B0	wc2-insertion
src/screen.c	0042F270	00421CF6	0042F810	00453A70	6	727	422				0043EC50	place_damage_on_cockpit	34			004178A0	wc2-insertion
src/screen.c	0042F270	00421CF6	0042F810	00453A70	6	727	423				0043ECD9	vid_transmit	210			00417910	wc2-insertion
src/screen.c	0042F270	00421CF6	0042F810	00453A70	6	727	424				0043F042	vid_equiv	30			00417AC0	wc2-insertion
src/screen.c	0042F270	00421CF6	0042F810	00453A70	6	727	425				0043F09D	update_dead_disp	19			00417B10	wc2-insertion
src/screen.c	0042F270	00421CF6	0042F810	00453A70	6	727	426				0043F0C3	check_stranded	24			00417B30	wc2-insertion
src/screen.c	0042F270	00421CF6	0042F810	00453A70	6	727	427				0043F110	CopyTrainSimPilotViewToVdus	117			00417320	wc2-insertion
src/screen.c	0042F270	00421CF6	0042F810	00453A70	6	727	428				0043F2F5	update_VDUs	212			00417B70	wc2-insertion
src/screen.c	0042F270	00421CF6	0042F810	00453A70	6	727	429				0043F6C9	update_cockpit	77			00417E70	wc2-insertion
src/screen.c	0042F270	00421CF6	0042F810	00453A70	6	727	430				0043F81B	IsCockpitWeaponShapeLoaded	17				wc2-insertion
src/screen.c	0042F270	00421CF6	0042F810	00453A70	6	727	431				0043F849	PlayCockpitSelectionSfx	15			00417F00	wc2-insertion
src/screen.c	0042F270	00421CF6	0042F810	00453A70	6	727	432				0043F862	vdu_pop_all	36			00417F10	wc2-insertion
src/screen.c	0042F270	00421CF6	0042F810	00453A70	6	727	433				0043F8CD	SelectCockpitVduMode	116			00417F60	wc2-insertion
src/screen.c	0042F270	00421CF6	0042F810	00453A70	6	727	434				0043FAC0	show_target_disp	292			0042DB90	wc2-insertion
src/screen.c	0042F270	00421CF6	0042F810	00453A70	6	727	435				0043FF40	DrawTargetRangeReadout	144			0042DEA0	wc2-insertion
src/screen.c	0042F270	00421CF6	0042F810	00453A70	6	727	436				004401C0	LoadMissionData	238			004059B0	wc2-insertion
src/screen.c	0042F270	00421CF6	0042F810	00453A70	6	727	437				00440490	HandleUnsupportedManeuver	24				wc2-insertion
src/screen.c	0042F270	00421CF6	0042F810	00453A70	6	727	438				004404CC	FUN_004404CC	34				wc2-insertion
src/screen.c	0042F270	00421CF6	0042F810	00453A70	6	727	439				00440549	ResetShipWeaponFireState	14				wc2-insertion
src/screen.c	0042F270	00421CF6	0042F810	00453A70	6	727	440				00440571	chase_speed	46			00434C70	wc2-insertion
src/screen.c	0042F270	00421CF6	0042F810	00453A70	6	727	441				00440606	SetShipAiScratchWord	12			004060A0	wc2-insertion
src/screen.c	0042F270	00421CF6	0042F810	00453A70	6	727	442				0044061B	maneuver_complete	20			004060B0	wc2-insertion
src/screen.c	0042F270	00421CF6	0042F810	00453A70	6	727	443				00440642	Mline_up_drop	39			004060D0	wc2-insertion
src/screen.c	0042F270	00421CF6	0042F810	00453A70	6	727	444				004406BA	Mwabble	69			00406130	wc2-insertion
src/screen.c	0042F270	00421CF6	0042F810	00453A70	6	727	445				004407B0	advance	16			004061E0	wc2-insertion
src/screen.c	0042F270	00421CF6	0042F810	00453A70	6	727	446				004407DA	ShipAiState35	17			00406200	wc2-insertion
src/screen.c	0042F270	00421CF6	0042F810	00453A70	6	727	447				004407F7	Mfull_ahead	17			00406310	wc2-insertion
src/screen.c	0042F270	00421CF6	0042F810	00453A70	6	727	448				00440814	Mchill	17			00406350	wc2-insertion
src/screen.c	0042F270	00421CF6	0042F810	00453A70	6	727	449				00440831	Mdrop_a_mine	17			004063B0	wc2-insertion
src/screen.c	0042F270	00421CF6	0042F810	00453A70	6	727	450				0044084E	Mthink	17			00406400	wc2-insertion
src/screen.c	0042F270	00421CF6	0042F810	00453A70	6	727	451				0044086B	Mtight_loop	71			00406440	wc2-insertion
src/screen.c	0042F270	00421CF6	0042F810	00453A70	6	727	452				00440967	Mhard_break	72			004064F0	wc2-insertion
src/screen.c	0042F270	00421CF6	0042F810	00453A70	6	727	453				00440A93	Msit_n_spin	163			004065A0	wc2-insertion
src/screen.c	0042F270	00421CF6	0042F810	00453A70	6	727	454				00440D0B	Mturn_n_spin	83			004067A0	wc2-insertion
src/screen.c	0042F270	00421CF6	0042F810	00453A70	6	727	455				00440E46	Mburnout	58			00406860	wc2-insertion
src/screen.c	0042F270	00421CF6	0042F810	00453A70	6	727	456				00440F01	Mkickit	37			004068D0	wc2-insertion
src/screen.c	0042F270	00421CF6	0042F810	00453A70	6	727	457				00440F76	Mturn_n_kick	91			00406910	wc2-insertion
src/screen.c	0042F270	00421CF6	0042F810	00453A70	6	727	458				004410C0	Mroll_over	41			00406990	wc2-insertion
src/screen.c	0042F270	00421CF6	0042F810	00453A70	6	727	459				00441146	Mhard_turn	48			004069F0	wc2-insertion
src/screen.c	0042F270	00421CF6	0042F810	00453A70	6	727	460				004411E1	Mfish_hook	110			00406A50	wc2-insertion
src/screen.c	0042F270	00421CF6	0042F810	00453A70	6	727	461				00441379	Mtry2tail	73			00406B60	wc2-insertion
src/screen.c	0042F270	00421CF6	0042F810	00453A70	6	727	462				0044145A	Msplit_left	57			00406BD0	wc2-insertion
src/screen.c	0042F270	00421CF6	0042F810	00453A70	6	727	463				0044151B	Msplit_right	57			00406C20	wc2-insertion
src/screen.c	0042F270	00421CF6	0042F810	00453A70	6	727	464				004415DC	Mgloat	66			00406C70	wc2-insertion
src/screen.c	0042F270	00421CF6	0042F810	00453A70	6	727	465				004416D5	Mtail_fire	40			00406D20	wc2-insertion
src/screen.c	0042F270	00421CF6	0042F810	00453A70	6	727	466				00441742	Mzip_past	76			00406D80	wc2-insertion
src/screen.c	0042F270	00421CF6	0042F810	00453A70	6	727	467				00441837	FUN_00441837	32				wc2-insertion
src/screen.c	0042F270	00421CF6	0042F810	00453A70	6	727	468				00441895	FUN_00441895	17				wc2-insertion
src/screen.c	0042F270	00421CF6	0042F810	00453A70	6	727	469				004418B2	FUN_004418B2	68				wc2-insertion
src/screen.c	0042F270	00421CF6	0042F810	00453A70	6	727	470				0044199B	Mram_missile	41			00406EC0	wc2-insertion
src/screen.c	0042F270	00421CF6	0042F810	00453A70	6	727	471				00441A13	Mbuzz_debris	70			00406F20	wc2-insertion
src/screen.c	0042F270	00421CF6	0042F810	00453A70	6	727	472				00441AFC	Mstrafe_enemy	58			00406FB0	wc2-insertion
src/screen.c	0042F270	00421CF6	0042F810	00453A70	6	727	473				00441BC1	Mbest_strafe	26			00407030	wc2-insertion
src/screen.c	0042F270	00421CF6	0042F810	00453A70	6	727	474				00441C01	Mtarget_missile	76			00406E10	wc2-insertion
src/screen.c	0042F270	00421CF6	0042F810	00453A70	6	727	475				00441D00	Msit_n_fire	41			00407060	wc2-insertion
src/screen.c	0042F270	00421CF6	0042F810	00453A70	6	727	476				00441D71	Mstrafe_n_roll	23			004070D0	wc2-insertion
src/screen.c	0042F270	00421CF6	0042F810	00453A70	6	727	477				00441DB3	Mkill_missile	74			00407100	wc2-insertion
src/screen.c	0042F270	00421CF6	0042F810	00453A70	6	727	478				00441E9C	Msuicide_run	21			004071B0	wc2-insertion
src/screen.c	0042F270	00421CF6	0042F810	00453A70	6	727	479				00441EC8	Mget_distance	60			004071E0	wc2-insertion
src/screen.c	0042F270	00421CF6	0042F810	00453A70	6	727	480				00441F86	general_zig	93			00407270	wc2-insertion
src/screen.c	0042F270	00421CF6	0042F810	00453A70	6	727	481				0044210C	Mzig_zag	17			00407350	wc2-insertion
src/screen.c	0042F270	00421CF6	0042F810	00453A70	6	727	482				00442129	Mzig_zag_pitch	17			00407370	wc2-insertion
src/screen.c	0042F270	00421CF6	0042F810	00453A70	6	727	483				00442146	Mcorkscrew	67			00407390	wc2-insertion
src/screen.c	0042F270	00421CF6	0042F810	00453A70	6	727	484				00442252	Mveer_away	117			00407450	wc2-insertion
src/screen.c	0042F270	00421CF6	0042F810	00453A70	6	727	485				004423E2	ShipAiState44	16			00407560	wc2-insertion
src/screen.c	0042F270	00421CF6	0042F810	00453A70	6	727	486				00442404	Mtarget_laser	17			00407580	wc2-insertion
src/screen.c	0042F270	00421CF6	0042F810	00453A70	6	727	487				00442421	Mrout_me	14			004075A0	wc2-insertion
src/screen.c	0042F270	00421CF6	0042F810	00453A70	6	727	488				00442438	FUN_00442438	17				wc2-insertion
src/screen.c	0042F270	00421CF6	0042F810	00453A70	6	727	489				00442455	FUN_00442455	40				wc2-insertion
src/screen.c	0042F270	00421CF6	0042F810	00453A70	6	727	490				004424C2	Mnone	10			004075B0	wc2-insertion
src/screen.c	0042F270	00421CF6	0042F810	00453A70	6	727	491				004424CD	Mreset	14			004075C0	wc2-insertion
src/screen.c	0042F270	00421CF6	0042F810	00453A70	6	727	492				004424E4	perform_maneuver	164			004075D0	wc2-insertion
src/screen.c	0042F270	00421CF6	0042F810	00453A70	6	727	493				00442770	cruise_home	155			00409760	wc2-insertion
src/screen.c	0042F270	00421CF6	0042F810	00453A70	6	727	494				004429A7	FUN_004429A7	15				wc2-insertion
src/screen.c	0042F270	00421CF6	0042F810	00453A70	6	727	495				004429C0	FUN_004429C0	124				wc2-insertion
src/screen.c	0042F270	00421CF6	0042F810	00453A70	6	727	496				00442B78	run_away	99			004099C0	wc2-insertion
src/screen.c	0042F270	00421CF6	0042F810	00453A70	6	727	497				00442CC3	check_engage_target	45			00409AC0	wc2-insertion
src/screen.c	0042F270	00421CF6	0042F810	00453A70	6	727	498				00442D58	check_destroy_target	113			00409B10	wc2-insertion
src/screen.c	0042F270	00421CF6	0042F810	00453A70	6	727	499				00442EFC	maneuvering	21			00409C20	wc2-insertion
src/screen.c	0042F270	00421CF6	0042F810	00453A70	6	727	500				00442F2D	formation_burst	57			00409C50	wc2-insertion
src/screen.c	0042F270	00421CF6	0042F810	00453A70	6	727	501				00442FE9	disallow_engage	11			00409CE0	wc2-insertion
src/screen.c	0042F270	00421CF6	0042F810	00453A70	6	727	502				00442FFD	allow_engage	12			00409CF0	wc2-insertion
src/screen.c	0042F270	00421CF6	0042F810	00453A70	6	727	503				0044301A	try2allow_engage	33			00409D10	wc2-insertion
src/screen.c	0042F270	00421CF6	0042F810	00453A70	6	727	504				00443095	imperial_formation	157			00409D60	wc2-insertion
src/screen.c	0042F270	00421CF6	0042F810	00453A70	6	727	505				004432EB	formation_break	52			00409F00	wc2-insertion
src/screen.c	0042F270	00421CF6	0042F810	00453A70	6	727	506				004433B1	imperial_wingman	64			00409F80	wc2-insertion
src/screen.c	0042F270	00421CF6	0042F810	00453A70	6	727	507				00443499	kilrathi_wingman	103			0040A030	wc2-insertion
src/screen.c	0042F270	00421CF6	0042F810	00453A70	6	727	508				00443631	wingman_mission	23			0040A130	wc2-insertion
src/screen.c	0042F270	00421CF6	0042F810	00453A70	6	727	509				0044366D	dist_from_home	19			0040A160	wc2-insertion
src/screen.c	0042F270	00421CF6	0042F810	00453A70	6	727	510				00443698	scan_and_lock	32			0040A180	wc2-insertion
src/screen.c	0042F270	00421CF6	0042F810	00453A70	6	727	511				00443707	patrol_area	158			0040A1C0	wc2-insertion
src/screen.c	0042F270	00421CF6	0042F810	00453A70	6	727	512				00443930	kilrathi_patrol	53			0040A360	wc2-insertion
src/screen.c	0042F270	00421CF6	0042F810	00453A70	6	727	513				00443A08	cruise_to_destination	159			0040A410	wc2-insertion
src/screen.c	0042F270	00421CF6	0042F810	00453A70	6	727	514				00443C45	prepare_for_jump	81			0040A540	wc2-insertion
src/screen.c	0042F270	00421CF6	0042F810	00453A70	6	727	515				00443D6E	accelerate_and_jump	27			0040A630	wc2-insertion
src/screen.c	0042F270	00421CF6	0042F810	00453A70	6	727	516				00443DBD	reach_warp	57			0040A670	wc2-insertion
src/screen.c	0042F270	00421CF6	0042F810	00453A70	6	727	517				00443E8C	FUN_00443E8C	26				wc2-insertion
src/screen.c	0042F270	00421CF6	0042F810	00453A70	6	727	518				00443EE9	warp_arrival	24			0040A710	wc2-insertion
src/screen.c	0042F270	00421CF6	0042F810	00453A70	6	727	519				00443F28	return_to_buddy	47			0040A740	wc2-insertion
src/screen.c	0042F270	00421CF6	0042F810	00453A70	6	727	520				00443FA2	escort_buddy	29			0040A7A0	wc2-insertion
src/screen.c	0042F270	00421CF6	0042F810	00453A70	6	727	521				00443FE4	escort_mission	121			0040A7D0	wc2-insertion
src/screen.c	0042F270	00421CF6	0042F810	00453A70	6	727	522				00444199	check_goal	29			0040A900	wc2-insertion
src/screen.c	0042F270	00421CF6	0042F810	00453A70	6	727	523				004441E5	streak_toward	59			0040A940	wc2-insertion
src/screen.c	0042F270	00421CF6	0042F810	00453A70	6	727	524				00444291	approach_and_engage	116			0040A9B0	wc2-insertion
src/screen.c	0042F270	00421CF6	0042F810	00453A70	6	727	525				00444420	strike_mission	172			0040AAC0	wc2-insertion
src/screen.c	0042F270	00421CF6	0042F810	00453A70	6	727	526				004446C9	return_to_master	40			0040ABB0	wc2-insertion
src/screen.c	0042F270	00421CF6	0042F810	00453A70	6	727	527				0044472C	defend_mission	155			0040AC00	wc2-insertion
src/screen.c	0042F270	00421CF6	0042F810	00453A70	6	727	528				00444966	rendezvous_mission	116			0040AD80	wc2-insertion
src/screen.c	0042F270	00421CF6	0042F810	00453A70	6	727	529				00444ADC	ship_intelligence	108			0040AE80	wc2-insertion
src/screen.c	0042F270	00421CF6	0042F810	00453A70	6	727	530				00444C80	orbit_sphere	73			0040AF70	wc2-insertion
src/screen.c	0042F270	00421CF6	0042F810	00453A70	6	727	531				00444D5C	tanker_intelligence	76			0040B010	wc2-insertion
src/screen.c	0042F270	00421CF6	0042F810	00453A70	6	727	532				00444E51	destroyer_intelligence	32			0040B0C0	wc2-insertion
src/screen.c	0042F270	00421CF6	0042F810	00453A70	6	727	533				00444EA7	stationary_intelligence	42			0040B110	wc2-insertion
src/screen.c	0042F270	00421CF6	0042F810	00453A70	6	727	534				00444F53	FUN_00444F53	92				wc2-insertion
src/screen.c	0042F270	00421CF6	0042F810	00453A70	6	727	535				00445087	FUN_00445087	723				wc2-insertion
src/screen.c	0042F270	00421CF6	0042F810	00453A70	6	727	536				00445AAC	capital_ship_intelligence	184			0040B140	wc2-insertion
src/screen.c	0042F270	00421CF6	0042F810	00453A70	6	727	537				00445D9A	futurion_intelligence	46			0040B320	wc2-insertion
src/screen.c	0042F270	00421CF6	0042F810	00453A70	6	727	538				00445E68	heat_seeking_missile_intelligence	169			0040B430	wc2-insertion
src/screen.c	0042F270	00421CF6	0042F810	00453A70	6	727	539				00446133	FF_missile_intelligence	143			0040B570	wc2-insertion
src/screen.c	0042F270	00421CF6	0042F810	00453A70	6	727	540				00446395	FUN_00446395	59				wc2-insertion
src/screen.c	0042F270	00421CF6	0042F810	00453A70	6	727	541				00446474	mine_intelligence	62			0040B3A0	wc2-insertion
src/screen.c	0042F270	00421CF6	0042F810	00453A70	6	727	542				00446560	FUN_00446560	12				wc2-insertion
src/screen.c	0042F270	00421CF6	0042F810	00453A70	6	727	543				00446580	FUN_00446580	17				wc2-insertion
src/screen.c	0042F270	00421CF6	0042F810	00453A70	6	727	544				004465A0	PacketLoad	98			0042B050	wc2-insertion
src/screen.c	0042F270	00421CF6	0042F810	00453A70	6	727	545				00446710	DrawPodiumShot	67			00439070	wc2-insertion
src/screen.c	0042F270	00421CF6	0042F810	00453A70	6	727	546				00446823	FUN_00446823	61				wc2-insertion
src/screen.c	0042F270	00421CF6	0042F810	00453A70	6	727	547				00446910	DosStrcat	25			0041C740	wc2-insertion
src/screen.c	0042F270	00421CF6	0042F810	00453A70	6	727	548				00446950	FUN_00446950	11				wc2-insertion
src/screen.c	0042F270	00421CF6	0042F810	00453A70	6	727	549				00446960	FUN_00446960	18				wc2-insertion
src/screen.c	0042F270	00421CF6	0042F810	00453A70	6	727	550				0044698F	FUN_0044698F	42				wc2-insertion
src/screen.c	0042F270	00421CF6	0042F810	00453A70	6	727	551				00446A1D	FUN_00446A1D	82				wc2-insertion
src/screen.c	0042F270	00421CF6	0042F810	00453A70	6	727	552				00446B6A	FUN_00446B6A	94				wc2-insertion
src/screen.c	0042F270	00421CF6	0042F810	00453A70	6	727	553				00446CC2	FUN_00446CC2	29				wc2-insertion
src/screen.c	0042F270	00421CF6	0042F810	00453A70	6	727	554				00446D0D	FUN_00446D0D	30				wc2-insertion
src/screen.c	0042F270	00421CF6	0042F810	00453A70	6	727	555				00446D55	FUN_00446D55	86				wc2-insertion
src/screen.c	0042F270	00421CF6	0042F810	00453A70	6	727	556				00446E9D	FUN_00446E9D	38				wc2-insertion
src/screen.c	0042F270	00421CF6	0042F810	00453A70	6	727	557				00446F14	FUN_00446F14	57				wc2-insertion
src/screen.c	0042F270	00421CF6	0042F810	00453A70	6	727	558				00446FC8	FUN_00446FC8	95				wc2-insertion
src/screen.c	0042F270	00421CF6	0042F810	00453A70	6	727	559				00447170	GetShapeFrameExtent	26			00407710	wc2-insertion
src/screen.c	0042F270	00421CF6	0042F810	00453A70	6	727	560				004471B0	free_viewport	76			0040F940	wc2-insertion
src/screen.c	0042F270	00421CF6	0042F810	00453A70	6	727	561				00447300	LoadCommPortraitResources	33			00431520	wc2-insertion
src/screen.c	0042F270	00421CF6	0042F810	00453A70	6	727	562				00447369	FUN_00447369	28				wc2-insertion
src/screen.c	0042F270	00421CF6	0042F810	00453A70	6	727	563				004473D1	IsCommMenuIdle	17			00430CA0	wc2-insertion
src/screen.c	0042F270	00421CF6	0042F810	00453A70	6	727	564				004473FC	AppendCommMenuChoice	30			00430CB0	wc2-insertion
src/screen.c	0042F270	00421CF6	0042F810	00453A70	6	727	565				00447479	SendCommMenuChoice	27			00430D30	wc2-insertion
src/screen.c	0042F270	00421CF6	0042F810	00453A70	6	727	566				004474CA	OpenCommMenuForTarget	19			00430D50	wc2-insertion
src/screen.c	0042F270	00421CF6	0042F810	00453A70	6	727	567				004474F4	IsCommChoiceMenuOpen	20			00430D80	wc2-insertion
src/screen.c	0042F270	00421CF6	0042F810	00453A70	6	727	568				00447526	OpenCommRecipientMenu	15			00430DC0	wc2-insertion
src/screen.c	0042F270	00421CF6	0042F810	00453A70	6	727	569				00447544	CloseCommChoiceMenu	19			00430DE0	wc2-insertion
src/screen.c	0042F270	00421CF6	0042F810	00453A70	6	727	570				0044756F	wingman_dead	17			00430E10	wc2-insertion
src/screen.c	0042F270	00421CF6	0042F810	00453A70	6	727	571				0044759B	have_target	21			00430E30	wc2-insertion
src/screen.c	0042F270	00421CF6	0042F810	00453A70	6	727	572				004475D3	CanOpenCommMenu	22			00430E50	wc2-insertion
src/screen.c	0042F270	00421CF6	0042F810	00453A70	6	727	573				0044760F	SelectCommRecipient	13			00430E70	wc2-insertion
src/screen.c	0042F270	00421CF6	0042F810	00453A70	6	727	574				00447629	BuildCommunicationRecipientMenu	144			00430E90	wc2-insertion
src/screen.c	0042F270	00421CF6	0042F810	00453A70	6	727	575				00447890	BuildCommunicationCommandMenu	275			00430FC0	wc2-insertion
src/screen.c	0042F270	00421CF6	0042F810	00453A70	6	727	576				00447D85	RefreshCommunicationMenu	28			00431200	wc2-insertion
src/screen.c	0042F270	00421CF6	0042F810	00453A70	6	727	577				00447DE3	HandleCommunicationMenuRequest	32			00431240	wc2-insertion
src/screen.c	0042F270	00421CF6	0042F810	00453A70	6	727	578				00447E47	show_communications_disp	51			00431290	wc2-insertion
src/screen.c	0042F270	00421CF6	0042F810	00453A70	6	727	579				00447EF5	Chosen_communicate_option	68			00431350	wc2-insertion
src/screen.c	0042F270	00421CF6	0042F810	00453A70	6	727	580				00448008	IssueQuickCommCommand	24			00431400	wc2-insertion
src/screen.c	0042F270	00421CF6	0042F810	00453A70	6	727	581				0044804A	FreeCommDisplayResources	13			00431410	wc2-insertion
src/screen.c	0042F270	00421CF6	0042F810	00453A70	6	727	582				00448070	EndCommSessionWithWingman	30			00431470	wc2-insertion
src/screen.c	0042F270	00421CF6	0042F810	00453A70	6	727	583				004480C6	EndCommMenu	20			004314C0	wc2-insertion
src/screen.c	0042F270	00421CF6	0042F810	00453A70	6	727	584				00448100	ShowCentredPrompt	22			004314F0	wc2-insertion
src/screen.c	0042F270	00421CF6	0042F810	00453A70	6	727	585				00448136	ExpandCommMessageTokens	102			004315C0	wc2-insertion
src/screen.c	0042F270	00421CF6	0042F810	00453A70	6	727	586				004482CA	real_vid_transmit	180			004316E0	wc2-insertion
src/screen.c	0042F270	00421CF6	0042F810	00453A70	6	727	587				00448570	FUN_00448570	435				wc2-insertion
src/screen.c	0042F270	00421CF6	0042F810	00453A70	6	727	588				00448D1A	SetViewportHorizontalBounds	16				wc2-insertion
src/screen.c	0042F270	00421CF6	0042F810	00453A70	6	727	589				00448D39	SetViewportVerticalBounds	16				wc2-insertion
src/screen.c	0042F270	00421CF6	0042F810	00453A70	6	727	590				00448D58	FUN_00448D58	1107				wc2-insertion
src/screen.c	0042F270	00421CF6	0042F810	00453A70	6	727	591				00449FAE	FUN_00449FAE	34				wc2-insertion
src/screen.c	0042F270	00421CF6	0042F810	00453A70	6	727	592				0044A009	FUN_0044A009	22				wc2-insertion
src/screen.c	0042F270	00421CF6	0042F810	00453A70	6	727	593				0044A03C	FUN_0044A03C	539				wc2-insertion
src/screen.c	0042F270	00421CF6	0042F810	00453A70	6	727	594				0044A910	FUN_0044A910	129				wc2-insertion
src/screen.c	0042F270	00421CF6	0042F810	00453A70	6	727	595				0044AAE5	FUN_0044AAE5	263				wc2-insertion
src/screen.c	0042F270	00421CF6	0042F810	00453A70	6	727	596				0044ADE0	SetFleetOverviewView	292			00410740	wc2-insertion
src/screen.c	0042F270	00421CF6	0042F810	00453A70	6	727	597				0044B200	set_sphere_point	26			0040B670	wc2-insertion
src/screen.c	0042F270	00421CF6	0042F810	00453A70	6	727	598				0044B239	is_alive	14			0040B6A0	wc2-insertion
src/screen.c	0042F270	00421CF6	0042F810	00453A70	6	727	599				0044B257	check_futurion	20			0040B700	wc2-insertion
src/screen.c	0042F270	00421CF6	0042F810	00453A70	6	727	600				0044B29D	FUN_0044B29D	22				wc2-insertion
src/screen.c	0042F270	00421CF6	0042F810	00453A70	6	727	601				0044B2E2	init_mission	86			0040B730	wc2-insertion
src/screen.c	0042F270	00421CF6	0042F810	00453A70	6	727	602				0044B48F	FUN_0044B48F	207				wc2-insertion
src/screen.c	0042F270	00421CF6	0042F810	00453A70	6	727	603				0044B83C	FUN_0044B83C	99				wc2-insertion
src/screen.c	0042F270	00421CF6	0042F810	00453A70	6	727	604				0044B981	FUN_0044B981	61				wc2-insertion
src/screen.c	0042F270	00421CF6	0042F810	00453A70	6	727	605				0044BA73	prepare_mission	154			0040B7A0	wc2-insertion
src/screen.c	0042F270	00421CF6	0042F810	00453A70	6	727	606				0044BCF7	release_all_capital_ship_shapes	37			0040B940	wc2-insertion
src/screen.c	0042F270	00421CF6	0042F810	00453A70	6	727	607				0044BD83	release_capital_ship_shapes	64			0040B990	wc2-insertion
src/screen.c	0042F270	00421CF6	0042F810	00453A70	6	727	608				0044BE84	FUN_0044BE84	30				wc2-insertion
src/screen.c	0042F270	00421CF6	0042F810	00453A70	6	727	609				0044BEE5	load_ship	553			0040B9F0	wc2-insertion
src/screen.c	0042F270	00421CF6	0042F810	00453A70	6	727	610				0044C796	free_ship	302			0040BC70	wc2-insertion
src/screen.c	0042F270	00421CF6	0042F810	00453A70	6	727	611				0044CC84	free_all_slots	30			0040BE20	wc2-insertion
src/screen.c	0042F270	00421CF6	0042F810	00453A70	6	727	612				0044CCE1	load_all_slots	63			0040BE60	wc2-insertion
src/screen.c	0042F270	00421CF6	0042F810	00453A70	6	727	613				0044CDCF	remove_nav_point_objects	22			0040BEA0	wc2-insertion
src/screen.c	0042F270	00421CF6	0042F810	00453A70	6	727	614				0044CE0A	get_shape_slot	29			0040BEC0	wc2-insertion
src/screen.c	0042F270	00421CF6	0042F810	00453A70	6	727	615				0044CE68	shape_loaded	30			0040BEF0	wc2-insertion
src/screen.c	0042F270	00421CF6	0042F810	00453A70	6	727	616				0044CEC8	shape_needed	31			0040BF20	wc2-insertion
src/screen.c	0042F270	00421CF6	0042F810	00453A70	6	727	617				0044CF2D	new_sphere_shapes	115			0040BF50	wc2-insertion
src/screen.c	0042F270	00421CF6	0042F810	00453A70	6	727	618				0044D0C7	FUN_0044D0C7	156				wc2-insertion
src/screen.c	0042F270	00421CF6	0042F810	00453A70	6	727	619				0044D35D	set_up_action_sphere	229			0040BFF0	wc2-insertion
src/screen.c	0042F270	00421CF6	0042F810	00453A70	6	727	620				0044D72E	room_for_me	67			0040C350	wc2-insertion
src/screen.c	0042F270	00421CF6	0042F810	00453A70	6	727	621				0044D81F	place_ship_near_player_until_valid	36			0040C360	wc2-insertion
src/screen.c	0042F270	00421CF6	0042F810	00453A70	6	727	622				0044D888	set_up_next_wave	90			0040C3C0	wc2-insertion
src/screen.c	0042F270	00421CF6	0042F810	00453A70	6	727	623				0044D9E2	sub_int_vector	31			0040C4A0	wc2-insertion
src/screen.c	0042F270	00421CF6	0042F810	00453A70	6	727	624				0044DA2F	set_formation_position	101			0040C4E0	wc2-insertion
src/screen.c	0042F270	00421CF6	0042F810	00453A70	6	727	625				0044DB7E	Set_up_ship_info	270			0040C5E0	wc2-insertion
src/screen.c	0042F270	00421CF6	0042F810	00453A70	6	727	626				0044E028	is_team_member	33			0040C740	wc2-insertion
src/screen.c	0042F270	00421CF6	0042F810	00453A70	6	727	627				0044E09C	find_next_ship_turn_slot	55			0040C780	wc2-insertion
src/screen.c	0042F270	00421CF6	0042F810	00453A70	6	727	628				0044E187	init_ship	209			0040C800	wc2-insertion
src/screen.c	0042F270	00421CF6	0042F810	00453A70	6	727	629				0044E44F	init_intelligence_data	356			0040C950	wc2-insertion
src/screen.c	0042F270	00421CF6	0042F810	00453A70	6	727	630				0044EA50	FUN_0044EA50	57				wc2-insertion
src/screen.c	0042F270	00421CF6	0042F810	00453A70	6	727	631				0044EB4E	FUN_0044EB4E	37				wc2-insertion
src/screen.c	0042F270	00421CF6	0042F810	00453A70	6	727	632				0044EBCA	ejection_sequence	272			004046A0	wc2-insertion
src/screen.c	0042F270	00421CF6	0042F810	00453A70	6	727	633				0044F010	OpenPacketSection	135			0042D730	wc2-insertion
src/screen.c	0042F270	00421CF6	0042F810	00453A70	6	727	634				0044F1C7	CloseDataFileByHandle	15			0042D870	wc2-insertion
src/screen.c	0042F270	00421CF6	0042F810	00453A70	6	727	635				0044F1F0	SampleBothJoysticks	39			0040CAA0	wc2-insertion
src/screen.c	0042F270	00421CF6	0042F810	00453A70	6	727	636				0044F247	FUN_0044F247	41				wc2-insertion
src/screen.c	0042F270	00421CF6	0042F810	00453A70	6	727	637				0044F2B8	FUN_0044F2B8	12				wc2-insertion
src/screen.c	0042F270	00421CF6	0042F810	00453A70	6	727	638				0044F2CD	FUN_0044F2CD	19				wc2-insertion
src/screen.c	0042F270	00421CF6	0042F810	00453A70	6	727	639				0044F300	FUN_0044F300	11				wc2-insertion
src/screen.c	0042F270	00421CF6	0042F810	00453A70	6	727	640				0044F310	FUN_0044F310	12				wc2-insertion
src/screen.c	0042F270	00421CF6	0042F810	00453A70	6	727	641				0044F322	FUN_0044F322	11				wc2-insertion
src/screen.c	0042F270	00421CF6	0042F810	00453A70	6	727	642				0044F332	SetAwakenBarracksMenuLabel	41			0041B110	wc2-insertion
src/screen.c	0042F270	00421CF6	0042F810	00453A70	6	727	643				0044F3A4	FUN_0044F3A4	22				wc2-insertion
src/screen.c	0042F270	00421CF6	0042F810	00453A70	6	727	644				0044F52E	FUN_0044F52E	35				wc2-insertion
src/screen.c	0042F270	00421CF6	0042F810	00453A70	6	727	645				0044F581	FUN_0044F581	12				wc2-insertion
src/screen.c	0042F270	00421CF6	0042F810	00453A70	6	727	646				0044F5B1	FUN_0044F5B1	11				wc2-insertion
src/screen.c	0042F270	00421CF6	0042F810	00453A70	6	727	647				0044F5C5	FUN_0044F5C5	13				wc2-insertion
src/screen.c	0042F270	00421CF6	0042F810	00453A70	6	727	648				0044F84F	FUN_0044F84F	132				wc2-insertion
src/screen.c	0042F270	00421CF6	0042F810	00453A70	6	727	649				0044FA31	FUN_0044FA31	19				wc2-insertion
src/screen.c	0042F270	00421CF6	0042F810	00453A70	6	727	650				0044FA70	DrawNavTextLine	36			0040CB60	wc2-insertion
src/screen.c	0042F270	00421CF6	0042F810	00453A70	6	727	651				0044FADA	SetNavMapCoordinateScaling	12			0040CBB0	wc2-insertion
src/screen.c	0042F270	00421CF6	0042F810	00453A70	6	727	652				0044FAEF	ScaleNavMapMarkerSize	20			0040CBC0	wc2-insertion
src/screen.c	0042F270	00421CF6	0042F810	00453A70	6	727	653				0044FB19	ScaleNavMapCoordinates	29			0040CBE0	wc2-insertion
src/screen.c	0042F270	00421CF6	0042F810	00453A70	6	727	654				0044FB68	nav_getxy	39			0040CC30	wc2-insertion
src/screen.c	0042F270	00421CF6	0042F810	00453A70	6	727	655				0044FBC8	CheckPoint	38			0040CC80	wc2-insertion
src/screen.c	0042F270	00421CF6	0042F810	00453A70	6	727	656				0044FC37	IncludeNavMapWorldPoint	27			0040CCF0	wc2-insertion
src/screen.c	0042F270	00421CF6	0042F810	00453A70	6	727	657				0044FC6D	SetScale	158			0040CD30	wc2-insertion
src/screen.c	0042F270	00421CF6	0042F810	00453A70	6	727	658				0044FE9F	Build_objective_list	167			0040CED0	wc2-insertion
src/screen.c	0042F270	00421CF6	0042F810	00453A70	6	727	659				00450136	FUN_00450136	34				wc2-insertion
src/screen.c	0042F270	00421CF6	0042F810	00453A70	6	727	660				004501B2	NavMapLabelFits	30			0040D0E0	wc2-insertion
src/screen.c	0042F270	00421CF6	0042F810	00453A70	6	727	661				00450210	NavMapLabelPositionAvailable	81			0040D120	wc2-insertion
src/screen.c	0042F270	00421CF6	0042F810	00453A70	6	727	662				00450329	ResetNavMapReservedAreas	11			0040D1D0	wc2-insertion
src/screen.c	0042F270	00421CF6	0042F810	00453A70	6	727	663				0045033D	ReserveNavMapArea	27			0040D1E0	wc2-insertion
src/screen.c	0042F270	00421CF6	0042F810	00453A70	6	727	664				004503A7	ResetNavMapLabels	11			0040D240	wc2-insertion
src/screen.c	0042F270	00421CF6	0042F810	00453A70	6	727	665				004503BB	TryPlaceNavMapLabel	50			0040D250	wc2-insertion
src/screen.c	0042F270	00421CF6	0042F810	00453A70	6	727	666				00450458	PlaceNavMapLabel	152			0040D2C0	wc2-insertion
src/screen.c	0042F270	00421CF6	0042F810	00453A70	6	727	667				00450623	FUN_00450623	55				wc2-insertion
src/screen.c	0042F270	00421CF6	0042F810	00453A70	6	727	668				004506F8	AddUniqueObjectiveNavLabel	73			0040D410	wc2-insertion
src/screen.c	0042F270	00421CF6	0042F810	00453A70	6	727	669				004507DA	IsPointInNavMapLabel	46			0040D490	wc2-insertion
src/screen.c	0042F270	00421CF6	0042F810	00453A70	6	727	670				0045087F	DrawNavMapLabels	38			0040D540	wc2-insertion
src/screen.c	0042F270	00421CF6	0042F810	00453A70	6	727	671				00450900	DrawNavRectangleMarker	80			0040D5A0	wc2-insertion
src/screen.c	0042F270	00421CF6	0042F810	00453A70	6	727	672				004509C9	DrawNavSquareOutline	32			0040D640	wc2-insertion
src/screen.c	0042F270	00421CF6	0042F810	00453A70	6	727	673				00450A12	DrawNavSquareMarker	94			0040D680	wc2-insertion
src/screen.c	0042F270	00421CF6	0042F810	00453A70	6	727	674				00450B03	DrawNavTriangleOutline	72			0040D740	wc2-insertion
src/screen.c	0042F270	00421CF6	0042F810	00453A70	6	727	675				00450BBA	DrawNavTriangleMarker	46			0040D7D0	wc2-insertion
src/screen.c	0042F270	00421CF6	0042F810	00453A70	6	727	676				00450C2A	DrawNavCrossMarker	78			0040D830	wc2-insertion
src/screen.c	0042F270	00421CF6	0042F810	00453A70	6	727	677				00450CF8	FUN_00450CF8	66				wc2-insertion
src/screen.c	0042F270	00421CF6	0042F810	00453A70	6	727	678				00450DF6	SetScreenClipRect	21			0040D8C0	wc2-insertion
src/screen.c	0042F270	00421CF6	0042F810	00453A70	6	727	679				00450E1E	DrawNavHazardMarker	55			0040D8F0	wc2-insertion
src/screen.c	0042F270	00421CF6	0042F810	00453A70	6	727	680				00450E98	DrawNavPlayerMarker	53			0040D980	wc2-insertion
src/screen.c	0042F270	00421CF6	0042F810	00453A70	6	727	681				00450F1E	FUN_00450F1E	73				wc2-insertion
src/screen.c	0042F270	00421CF6	0042F810	00453A70	6	727	682				00450FE2	BuildMap	391			0040DA00	wc2-insertion
src/screen.c	0042F270	00421CF6	0042F810	00453A70	6	727	683				0045153A	UpdateInflightNavText	70			0040DDA0	wc2-insertion
src/screen.c	0042F270	00421CF6	0042F810	00453A70	6	727	684				00451637	FormatNavCoordinates	24			0040DE70	wc2-insertion
src/screen.c	0042F270	00421CF6	0042F810	00453A70	6	727	685				00451673	DrawSelectedNavLegendEntry	27			0040DEA0	wc2-insertion
src/screen.c	0042F270	00421CF6	0042F810	00453A70	6	727	686				004516C0	DrawNavMapLegend	48			0040DEE0	wc2-insertion
src/screen.c	0042F270	00421CF6	0042F810	00453A70	6	727	687				00451756	nav_note	55			0040DF50	wc2-insertion
src/screen.c	0042F270	00421CF6	0042F810	00453A70	6	727	688				0045180F	DrawNavLocationReadout	188			0040DF70	wc2-insertion
src/screen.c	0042F270	00421CF6	0042F810	00453A70	6	727	689				00451AD3	BriefingMap_LoadShapes	47			0040E190	wc2-insertion
src/screen.c	0042F270	00421CF6	0042F810	00453A70	6	727	690				00451B70	BriefingMap_DisplayMap	61			0040E210	wc2-insertion
src/screen.c	0042F270	00421CF6	0042F810	00453A70	6	727	691				00451C5C	SelectNavObjectiveAtPoint	107			0040E2B0	wc2-insertion
src/screen.c	0042F270	00421CF6	0042F810	00453A70	6	727	692				00451DDB	CentreMouseOnCurrentNavObjective	41			0040E3C0	wc2-insertion
src/screen.c	0042F270	00421CF6	0042F810	00453A70	6	727	693				00451E57	ShowConfedNavScan	36			0040E430	wc2-insertion
src/screen.c	0042F270	00421CF6	0042F810	00453A70	6	727	694				00451EC9	FUN_00451EC9	55				wc2-insertion
src/screen.c	0042F270	00421CF6	0042F810	00453A70	6	727	695				00451FAA	InflightComputer	303			0040E480	wc2-insertion
src/screen.c	0042F270	00421CF6	0042F810	00453A70	6	727	696				00452450	FUN_00452450	325				wc2-insertion
src/screen.c	0042F270	00421CF6	0042F810	00453A70	6	727	697				00452930	FUN_00452930	59				wc2-insertion
src/screen.c	0042F270	00421CF6	0042F810	00453A70	6	727	698				00452A00	StopMusicStream	11				wc2-insertion
src/screen.c	0042F270	00421CF6	0042F810	00453A70	6	727	699				00452A10	SetMusBreakpt	10			0042E380	wc2-insertion
src/screen.c	0042F270	00421CF6	0042F810	00453A70	6	727	700				00452A1B	FUN_00452A1B	10				wc2-insertion
src/screen.c	0042F270	00421CF6	0042F810	00453A70	6	727	701				00452A26	StopMusic	12			0042E350	wc2-insertion
src/screen.c	0042F270	00421CF6	0042F810	00453A70	6	727	702				00452A40	FUN_00452A40	17				wc2-insertion
src/screen.c	0042F270	00421CF6	0042F810	00453A70	6	727	703				00452A64	FUN_00452A64	23				wc2-insertion
src/screen.c	0042F270	00421CF6	0042F810	00453A70	6	727	704				00452A99	PaletteFadeHook	12			0042E390	wc2-insertion
src/screen.c	0042F270	00421CF6	0042F810	00453A70	6	727	705				00452AAB	FlushSoundEffect	14			0042E3A0	wc2-insertion
src/screen.c	0042F270	00421CF6	0042F810	00453A70	6	727	706				00452AC8	FlushSoundEffects	14			0042E3C0	wc2-insertion
src/screen.c	0042F270	00421CF6	0042F810	00453A70	6	727	707				00452AE5	FadeMusic	10			0042E320	wc2-insertion
src/screen.c	0042F270	00421CF6	0042F810	00453A70	6	727	708				00452AF0	SceneLeaveHook	12			0042E3E0	wc2-insertion
src/screen.c	0042F270	00421CF6	0042F810	00453A70	6	727	709				00452B03	ProcessMusicScriptCommand	128			0042E6F0	wc2-insertion
src/screen.c	0042F270	00421CF6	0042F810	00453A70	6	727	710				00452CF4	spacetrack	24			0042E880	wc2-insertion
src/screen.c	0042F270	00421CF6	0042F810	00453A70	6	727	711				00452D32	StopMusicUnlessSuppressed	19			0042E8B0	wc2-insertion
src/screen.c	0042F270	00421CF6	0042F810	00453A70	6	727	712				00452D66	IsMusicTrackComplete	23			0042E8D0	wc2-insertion
src/screen.c	0042F270	00421CF6	0042F810	00453A70	6	727	713				00452DB0	wait_for_end_of_music	42			0042E900	wc2-insertion
src/screen.c	0042F270	00421CF6	0042F810	00453A70	6	727	714				00452E46	new_space_music_changes	91			0042E9E0	wc2-insertion
src/screen.c	0042F270	00421CF6	0042F810	00453A70	6	727	715				00452F90	changetrack	53			0042EAD0	wc2-insertion
src/screen.c	0042F270	00421CF6	0042F810	00453A70	6	727	716				00453085	gametrack	104			0042EB60	wc2-insertion
src/screen.c	0042F270	00421CF6	0042F810	00453A70	6	727	717				00453240	servicetrack	142			0042ECB0	wc2-insertion
src/screen.c	0042F270	00421CF6	0042F810	00453A70	6	727	718				00453496	ResetSoundState	13			0042EE80	wc2-insertion
src/screen.c	0042F270	00421CF6	0042F810	00453A70	6	727	719				004534BA	ResetSoundStateForScene	12			0042EEA0	wc2-insertion
src/screen.c	0042F270	00421CF6	0042F810	00453A70	6	727	720				004534D3	ResetSoundStateForFlight	12			0042EEB0	wc2-insertion
src/screen.c	0042F270	00421CF6	0042F810	00453A70	6	727	721				004534F1	FUN_004534F1	10				wc2-insertion
src/screen.c	0042F270	00421CF6	0042F810	00453A70	6	727	722				004534FC	EnableMusicForScene	14			0042EEE0	wc2-insertion
src/screen.c	0042F270	00421CF6	0042F810	00453A70	6	727	723				0045351A	LogUnknownSoundEffect	16				wc2-insertion
src/screen.c	0042F270	00421CF6	0042F810	00453A70	6	727	724				0045357E	FlushSoundEffectsAndLog	16			0042EF10	wc2-insertion
src/screen.c	0042F270	00421CF6	0042F810	00453A70	6	727	725				004535BB	sound_effect	19			0042EF20	wc2-insertion
src/screen.c	0042F270	00421CF6	0042F810	00453A70	6	727	726				0045373B	PlaySfxWaveFileByNumber	64			0042EF30	wc2-insertion
src/screen.c	0042F270	00421CF6	0042F810	00453A70	6	727	727				00453820	FadeViewportPaletteToColour	179			0042A700	wc2-insertion
src/screen.c	0042F810	00453A70	0042F940	00458E20	2	87	1	0042F890	GetFreeNearHeapBytes	22	00453B30	MeasureTextPixelWidthClamped	52	00421144	56.90	00418080	unequal-gap-position
src/screen.c	0042F810	00453A70	0042F940	00458E20	2	87	2	0042F930	FrameStartHook	1	00453BD0	FUN_00453BD0	58				unequal-gap-position
src/screen.c	0042F810	00453A70	0042F940	00458E20	2	87	3				00453C80	FUN_00453C80	12				wc2-insertion
src/screen.c	0042F810	00453A70	0042F940	00458E20	2	87	4				00453C95	CheckLauncherAndConfig	94			00401D10	wc2-insertion
src/screen.c	0042F810	00453A70	0042F940	00458E20	2	87	5				00453E60	WinMain	169			00401E30	wc2-insertion
src/screen.c	0042F810	00453A70	0042F940	00458E20	2	87	6				00454103	ShutdownGameWindow	41			00402070	wc2-insertion
src/screen.c	0042F810	00453A70	0042F940	00458E20	2	87	7				0045418B	ShowNoticeMessageBox	21			004020E0	wc2-insertion
src/screen.c	0042F810	00453A70	0042F940	00458E20	2	87	8				004541BD	FUN_004541BD	37				wc2-insertion
src/screen.c	0042F810	00453A70	0042F940	00458E20	2	87	9				0045422D	AbortToDesktop	41			00402110	wc2-insertion
src/screen.c	0042F810	00453A70	0042F940	00458E20	2	87	10				004542B7	CreateMainWindow	108			00402180	wc2-insertion
src/screen.c	0042F810	00453A70	0042F940	00458E20	2	87	11				0045445A	PumpWindowMessages	114			00402320	wc2-insertion
src/screen.c	0042F810	00453A70	0042F940	00458E20	2	87	12				00454625	MainWindowProc	561			00402530	wc2-insertion
src/screen.c	0042F810	00453A70	0042F940	00458E20	2	87	13				004551E7	FUN_004551E7	88			00402A20	wc2-insertion
src/screen.c	0042F810	00453A70	0042F940	00458E20	2	87	14				00455346	GetJoystickButtons	17			00402AC0	wc2-insertion
src/screen.c	0042F810	00453A70	0042F940	00458E20	2	87	15				0045536F	FUN_0045536F	52			00402AE0	wc2-insertion
src/screen.c	0042F810	00453A70	0042F940	00458E20	2	87	16				00455427	GetApplicationInstance	12			00402B80	wc2-insertion
src/screen.c	0042F810	00453A70	0042F940	00458E20	2	87	17				0045543C	GetMainWindowHandle	12			00402B90	wc2-insertion
src/screen.c	0042F810	00453A70	0042F940	00458E20	2	87	18				00455451	GetMainWindowDeviceContext	12			00402BA0	wc2-insertion
src/screen.c	0042F810	00453A70	0042F940	00458E20	2	87	19				00455466	AllocateGuardedMemory	73			00402BB0	wc2-insertion
src/screen.c	0042F810	00453A70	0042F940	00458E20	2	87	20				00455565	ReportHeapGuardCorruption	52			00402CA0	wc2-insertion
src/screen.c	0042F810	00453A70	0042F940	00458E20	2	87	21				00455624	CheckAllGuardedAllocations	10			00402D40	wc2-insertion
src/screen.c	0042F810	00453A70	0042F940	00458E20	2	87	22				0045562F	IsFreedHeapBlockTracked	34				wc2-insertion
src/screen.c	0042F810	00453A70	0042F940	00458E20	2	87	23				00455697	FUN_00455697	38				wc2-insertion
src/screen.c	0042F810	00453A70	0042F940	00458E20	2	87	24				00455715	TrackFreedHeapBlock	33				wc2-insertion
src/screen.c	0042F810	00453A70	0042F940	00458E20	2	87	25				00455787	FUN_00455787	52				wc2-insertion
src/screen.c	0042F810	00453A70	0042F940	00458E20	2	87	26				00455836	FUN_00455836	27				wc2-insertion
src/screen.c	0042F810	00453A70	0042F940	00458E20	2	87	27				00455882	FUN_00455882	133				wc2-insertion
src/screen.c	0042F810	00453A70	0042F940	00458E20	2	87	28				00455A85	SetMousePosition	15			00402E80	wc2-insertion
src/screen.c	0042F810	00453A70	0042F940	00458E20	2	87	29				00455A9E	FUN_00455A9E	17				wc2-insertion
src/screen.c	0042F810	00453A70	0042F940	00458E20	2	87	30				00455AC8	PollKeyboardState	129			00402EA0	wc2-insertion
src/screen.c	0042F810	00453A70	0042F940	00458E20	2	87	31				00455D2D	FUN_00455D2D	14				wc2-insertion
src/screen.c	0042F810	00453A70	0042F940	00458E20	2	87	32				00455D48	FUN_00455D48	14				wc2-insertion
src/screen.c	0042F810	00453A70	0042F940	00458E20	2	87	33				00455D63	FUN_00455D63	14				wc2-insertion
src/screen.c	0042F810	00453A70	0042F940	00458E20	2	87	34				00455D7E	FUN_00455D7E	14				wc2-insertion
src/screen.c	0042F810	00453A70	0042F940	00458E20	2	87	35				00455D99	FUN_00455D99	14				wc2-insertion
src/screen.c	0042F810	00453A70	0042F940	00458E20	2	87	36				00455DB4	FUN_00455DB4	14				wc2-insertion
src/screen.c	0042F810	00453A70	0042F940	00458E20	2	87	37				00455DCF	FUN_00455DCF	14				wc2-insertion
src/screen.c	0042F810	00453A70	0042F940	00458E20	2	87	38				00455DEA	FUN_00455DEA	14				wc2-insertion
src/screen.c	0042F810	00453A70	0042F940	00458E20	2	87	39				00455E05	FUN_00455E05	14				wc2-insertion
src/screen.c	0042F810	00453A70	0042F940	00458E20	2	87	40				00455E23	FUN_00455E23	14				wc2-insertion
src/screen.c	0042F810	00453A70	0042F940	00458E20	2	87	41				00455E3E	FUN_00455E3E	14				wc2-insertion
src/screen.c	0042F810	00453A70	0042F940	00458E20	2	87	42				00455E59	FUN_00455E59	14				wc2-insertion
src/screen.c	0042F810	00453A70	0042F940	00458E20	2	87	43				00455E74	FUN_00455E74	14				wc2-insertion
src/screen.c	0042F810	00453A70	0042F940	00458E20	2	87	44				00455E8F	GetShiftKeyState	14			00403060	wc2-insertion
src/screen.c	0042F810	00453A70	0042F940	00458E20	2	87	45				00455EAA	GetKeyboardModifiers	12			00403080	wc2-insertion
src/screen.c	0042F810	00453A70	0042F940	00458E20	2	87	46				00455EBF	GetControlKeyState	14			00403070	wc2-insertion
src/screen.c	0042F810	00453A70	0042F940	00458E20	2	87	47				00455EDA	FUN_00455EDA	14				wc2-insertion
src/screen.c	0042F810	00453A70	0042F940	00458E20	2	87	48				00455EF5	GetGameClockTicks	19			00403090	wc2-insertion
src/screen.c	0042F810	00453A70	0042F940	00458E20	2	87	49				00455F23	InitGameClockEpoch	19			004030B0	wc2-insertion
src/screen.c	0042F810	00453A70	0042F940	00458E20	2	87	50				00455F59	WriteDebugString	36			004030D0	wc2-insertion
src/screen.c	0042F810	00453A70	0042F940	00458E20	2	87	51				00455FD3	FUN_00455FD3	16				wc2-insertion
src/screen.c	0042F810	00453A70	0042F940	00458E20	2	87	52				00455FF1	FUN_00455FF1	69				wc2-insertion
src/screen.c	0042F810	00453A70	0042F940	00458E20	2	87	53				004560C0	FUN_004560C0	35				wc2-insertion
src/screen.c	0042F810	00453A70	0042F940	00458E20	2	87	54				00456123	LocateStreamsDirOnDisc	68			004031C0	wc2-insertion
src/screen.c	0042F810	00453A70	0042F940	00458E20	2	87	55				00456236	FindCdRomDriveByVolumeLabel	108			00403290	wc2-insertion
src/screen.c	0042F810	00453A70	0042F940	00458E20	2	87	56				004563A3	SetCurrentDirOnDrive	36			004033E0	wc2-insertion
src/screen.c	0042F810	00453A70	0042F940	00458E20	2	87	57				0045641B	TakeInputPressCount	16				wc2-insertion
src/screen.c	0042F810	00453A70	0042F940	00458E20	2	87	58				00456443	PromptInsertCorrectCd	48			00403450	wc2-insertion
src/screen.c	0042F810	00453A70	0042F940	00458E20	2	87	59				004564F0	FUN_004564F0	31				wc2-insertion
src/screen.c	0042F810	00453A70	0042F940	00458E20	2	87	60				0045655D	FUN_0045655D	190				wc2-insertion
src/screen.c	0042F810	00453A70	0042F940	00458E20	2	87	61				004568E0	LoadShapeSet	58			00423CE0	wc2-insertion
src/screen.c	0042F810	00453A70	0042F940	00458E20	2	87	62				00456988	FreeShapeSet	26			00423D50	wc2-insertion
src/screen.c	0042F810	00453A70	0042F940	00458E20	2	87	63				004569C8	LoadPacketResourceList	56			00423D80	wc2-insertion
src/screen.c	0042F810	00453A70	0042F940	00458E20	2	87	64				00456A68	ResetCockpitPaletteEntries	50			00423E10	wc2-insertion
src/screen.c	0042F810	00453A70	0042F940	00458E20	2	87	65				00456B1A	initialize_cockpit	558			00423E90	wc2-insertion
src/screen.c	0042F810	00453A70	0042F940	00458E20	2	87	66				00457434	InitializeConstellationObject	100			004242D0	wc2-insertion
src/screen.c	0042F810	00453A70	0042F940	00458E20	2	87	67				00457587	FreeConstellationObject	20			004243B0	wc2-insertion
src/screen.c	0042F810	00453A70	0042F940	00458E20	2	87	68				004575B4	init_constellation	64			004243E0	wc2-insertion
src/screen.c	0042F810	00453A70	0042F940	00458E20	2	87	69				004576AB	free_constellation	34			00424490	wc2-insertion
src/screen.c	0042F810	00453A70	0042F940	00458E20	2	87	70				00457720	init_vdus	48			004244E0	wc2-insertion
src/screen.c	0042F810	00453A70	0042F940	00458E20	2	87	71				004577D7	InitializeCockpitResources	598			004245B0	wc2-insertion
src/screen.c	0042F810	00453A70	0042F940	00458E20	2	87	72				00458196	free_cockpit	178			004249A0	wc2-insertion
src/screen.c	0042F810	00453A70	0042F940	00458E20	2	87	73				00458467	init_3Space_objects	46			00424A80	wc2-insertion
src/screen.c	0042F810	00453A70	0042F940	00458E20	2	87	74				00458532	load_common_3Space_objects	76			00424B00	wc2-insertion
src/screen.c	0042F810	00453A70	0042F940	00458E20	2	87	75				0045865D	remove_all_3d_objects	22			00424B80	wc2-insertion
src/screen.c	0042F810	00453A70	0042F940	00458E20	2	87	76				00458698	free_3Space	32			00424BA0	wc2-insertion
src/screen.c	0042F810	00453A70	0042F940	00458E20	2	87	77				00458716	free_3Space_objects	52			00424BE0	wc2-insertion
src/screen.c	0042F810	00453A70	0042F940	00458E20	2	87	78				004587E0	init_inflight_music	13			00424C60	wc2-insertion
src/screen.c	0042F810	00453A70	0042F940	00458E20	2	87	79				00458806	free_inflight_music	26			00424C80	wc2-insertion
src/screen.c	0042F810	00453A70	0042F940	00458E20	2	87	80				0045887B	FUN_0045887B	42				wc2-insertion
src/screen.c	0042F810	00453A70	0042F940	00458E20	2	87	81				0045890E	FUN_0045890E	47				wc2-insertion
src/screen.c	0042F810	00453A70	0042F940	00458E20	2	87	82				004589D0	FUN_004589D0	60				wc2-insertion
src/screen.c	0042F810	00453A70	0042F940	00458E20	2	87	83				00458A90	FUN_00458A90	83				wc2-insertion
src/screen.c	0042F810	00453A70	0042F940	00458E20	2	87	84				00458B8C	FUN_00458B8C	79				wc2-insertion
src/screen.c	0042F810	00453A70	0042F940	00458E20	2	87	85				00458C81	FUN_00458C81	95				wc2-insertion
src/screen.c	0042F810	00453A70	0042F940	00458E20	2	87	86				00458D94	FUN_00458D94	44				wc2-insertion
src/screen.c	0042F810	00453A70	0042F940	00458E20	2	87	87				00458E10	FUN_00458E10	11				wc2-insertion
src/screen.c	0042F950	00458E39	0042F9E0	00458EED	1	1	1	0042F960	PushMemoryStackFrame	43	00458E49	PushMemoryStackFrame	45	00458E49	80.36	0042F960	confirmed-order
src/screen.c	0042FA20	00458F5A	0042FAE0	00459082	1	1	1	0042FA90	AllocateTaggedMemory	22	0045901D	AllocateTaggedMemory	37	0045901D	81.08	0042FA90	confirmed-order
src/screen.c	00430D80	004474F4	00430DE0	00447544	3	1	1	00430DA0	GetPendingMenuAction	2	00447526	OpenCommRecipientMenu	15			00430DC0	unequal-gap-position
src/screen.c	00430D80	004474F4	00430DE0	00447544	3	1	2	00430DB0	SetPendingMenuAction	3							wc1-elimination
src/screen.c	00430D80	004474F4	00430DE0	00447544	3	1	3	00430DC0	OpenCommRecipientMenu	8				00447526	82.35		wc1-elimination
src/screen.c	00430E30	0044759B	00430E70	0044760F	1	1	1	00430E50	CanOpenCommMenu	10	004475D3	CanOpenCommMenu	22	004475D3	81.82	00430E50	confirmed-order
src/screen.c	00430E70	0044760F	00431240	00447DE3	3	3	1	00430E90	BuildCommunicationRecipientMenu	78	00447629	BuildCommunicationRecipientMenu	144	00447629	59.72	00430E90	confirmed-order
src/screen.c	00430E70	0044760F	00431240	00447DE3	3	3	2	00430FC0	BuildCommunicationCommandMenu	154	00447890	BuildCommunicationCommandMenu	275	00447890	37.45	00430FC0	confirmed-order
src/screen.c	00430E70	0044760F	00431240	00447DE3	3	3	3	00431200	RefreshCommunicationMenu	17	00447D85	RefreshCommunicationMenu	28	00447D85	89.66	00431200	confirmed-order
src/screen.c	00431240	00447DE3	00431400	00448008	2	2	1	00431290	show_communications_disp	51	00447E47	show_communications_disp	51	00447E47	62.90	00431290	confirmed-order
src/screen.c	00431240	00447DE3	00431400	00448008	2	2	2	00431350	Chosen_communicate_option	52	00447EF5	Chosen_communicate_option	68	00447EF5	74.29	00431350	confirmed-order
src/ship.c	0041EDB0	0041280B	0041F1A0	00412F03	1	1	1	0041EE20	internal_damage	266	004128A7	internal_damage	397	004128A7	60.81	0041EE20	confirmed-order
src/ship.c	0041F1A0	00412F03	0041F5F0	00413578	2	3	1	0041F220	your_internal_damage	280	00412F90	check_computer_damage	15	00413099	59.12	0041F5D0	unequal-gap-position
src/ship.c	0041F1A0	00412F03	0041F5F0	00413578	2	3	2	0041F5D0	check_computer_damage	7	00412FA9	FUN_00412FA9	65	00412F90	88.24		unequal-gap-position
src/ship.c	0041F1A0	00412F03	0041F5F0	00413578	2	3	3				00413099	your_internal_damage	320			0041F220	wc2-insertion
src/ship.c	0041F5F0	00413578	0041F7C0	004137C2	2	2	1	0041F660	repair_internal_damage	49	004135F1	repair_internal_damage	65	004135F1	88.41	0041F660	confirmed-order
src/ship.c	0041F5F0	00413578	0041F7C0	004137C2	2	2	2	0041F700	Create_ship_hit_debris	57	004136E2	Create_ship_hit_debris	68	004136E2	86.76	0041F700	confirmed-order
src/ship.c	0041F7C0	004137C2	0041F9E0	00413D61	1	2	1	0041F800	Create_explosion_debris	134	004138A8	FreeGuardedAllocation	88	00413A3B	75.81	00402DB0	unequal-gap-position
src/ship.c	0041F7C0	004137C2	0041F9E0	00413D61	1	2	2				00413A3B	Create_explosion_debris	215			0041F800	wc2-insertion
src/ship.c	0041F9E0	00413D61	00420190	00414BE9	7	7	1	0041FA90	score_for_kill	34	00413E4C	score_for_kill	55	00413E4C	81.13	0041FA90	confirmed-order
src/ship.c	0041F9E0	00413D61	00420190	00414BE9	7	7	2	0041FB40	analyze_kill	42	00413F58	analyze_kill	55	00413F58	69.09	0041FB40	confirmed-order
src/ship.c	0041F9E0	00413D61	00420190	00414BE9	7	7	3	0041FBC0	ShipExplosion	74	00414025	explosion_shock_wave	185	004142C8	80.19	0041FEE0	source-and-target-conflict
src/ship.c	0041F9E0	00413D61	00420190	00414BE9	7	7	4	0041FCD0	Explosion	130	004142C8	ShipExplosion	106	0041444C	55.36	0041FBC0	source-and-target-conflict
src/ship.c	0041F9E0	00413D61	00420190	00414BE9	7	7	5	0041FEB0	the_creator	14	0041444C	Explosion	233			0041FCD0	candidate-target-conflict
src/ship.c	0041F9E0	00413D61	00420190	00414BE9	7	7	6	0041FEE0	explosion_shock_wave	115	00414835	explode	48	00414025	69.73	00420040	source-and-target-conflict
src/ship.c	0041F9E0	00413D61	00420190	00414BE9	7	7	7	00420040	explode	108	004148F5	FUN_004148F5	176	00414835	29.77		candidate-remap
src/ship.c	00420260	00414D3D	004207E0	00415508	1	1	1	004202D0	fire	337	00414DC0	fire	445	00414DC0	45.68	004202D0	confirmed-order
src/ship.c	004207E0	00415508	004208C0	00415625	1	1	1	00420840	fire_flack	41	00415563	fire_flack	67	00415563	71.64	00420840	confirmed-order
src/smart.c	00433B90	0041E5C8	00433D90	0041E860	1	1	1	00433C80	prevent_collision	99	0041E6C8	prevent_collision	119	0041E6C8	89.31	00433C80	confirmed-order
src/smart.c	00433D90	0041E860	00433E50	0041EA86	1	2	1	00433DE0	regulate_turn	33	0041E8D3	FUN_0041E8D3	31				unequal-gap-position
src/smart.c	00433D90	0041E860	00433E50	0041EA86	1	2	2				0041E945	FUN_0041E945	76				wc2-insertion
src/smart.c	00433E50	0041EA86	00433F50	0041EBC1	1	1	1	00433EC0	veer_random	29	0041EB1D	veer_random	41	0041EB1D	88.64	00433EC0	confirmed-order
src/smart.c	00433FF0	0041EC73	004340F0	0041EDCC	1	1	1	00434040	control_speed	67	0041ECEF	control_speed	72	0041ECEF	86.67	00434040	confirmed-order
src/smart.c	004340F0	0041EDCC	00434360	0041F0C5	1	1	1	004342C0	goto_location	58	0041EFFE	goto_location	64	0041EFFE	81.33	004342C0	confirmed-order
src/sound.c	0042B450	00424113	0042B640	004245A2	1	2	1	0042B4A0	playWAVE	153	0042418C	playWAVE	203	0042418C	83.74	0042B4A0	unequal-gap-position
src/sound.c	0042B450	00424113	0042B640	004245A2	1	2	2				00424417	FUN_00424417	100				wc2-insertion
src/sound.c	0042B930	00424980	0042C510	00432E23	5	212	1	0042B9A0	DrawLaunchDoorFrame	74	00424A00	FUN_00424A00	20	00459160			unequal-gap-position
src/sound.c	0042B930	00424980	0042C510	00432E23	5	212	2	0042BA90	LaunchPlayerShip	102	00424A40	FUN_00424A40	15				unequal-gap-position
src/sound.c	0042B930	00424980	0042C510	00432E23	5	212	3	0042BC00	ShowCarrierLaunchSequence	520	00424A60	ReserveContiguousPaletteEntries	40			00431900	unequal-gap-position
src/sound.c	0042B930	00424980	0042C510	00432E23	5	212	4	0042C410	FxDriverShutdownHook	1	00424AEE	arrive_from_warp	77			0042A950	unequal-gap-position
src/sound.c	0042B930	00424980	0042C510	00432E23	5	212	5	0042C420	InitializeDiskPromptTextContext	60	00424C05	unwarp	94			0042AA10	unequal-gap-position
src/sound.c	0042B930	00424980	0042C510	00432E23	5	212	6				00424D4D	DeBriefing	90			004056F0	wc2-insertion
src/sound.c	0042B930	00424980	0042C510	00432E23	5	212	7				00424E8C	MarkPilotDead	13				wc2-insertion
src/sound.c	0042B930	00424980	0042C510	00432E23	5	212	8				00424EA7	FUN_00424EA7	24				wc2-insertion
src/sound.c	0042B930	00424980	0042C510	00432E23	5	212	9				00424EFF	FUN_00424EFF	163				wc2-insertion
src/sound.c	0042B930	00424980	0042C510	00432E23	5	212	10				004251F2	stranded_sequence	160			00404BE0	wc2-insertion
src/sound.c	0042B930	00424980	0042C510	00432E23	5	212	11				004254C0	CheckHeapBlockSignature	26			004408A0	wc2-insertion
src/sound.c	0042B930	00424980	0042C510	00432E23	5	212	12				0042550E	HasValidShapeAllocationSignature	17				wc2-insertion
src/sound.c	0042B930	00424980	0042C510	00432E23	5	212	13				0042553A	GetPreparedShapeData	13			004408C0	wc2-insertion
src/sound.c	0042B930	00424980	0042C510	00432E23	5	212	14				00425550	GetShapeFrameCount	21			004408D0	wc2-insertion
src/sound.c	0042B930	00424980	0042C510	00432E23	5	212	15				0042557C	GetShapeFrameExtents	56			004408F0	wc2-insertion
src/sound.c	0042B930	00424980	0042C510	00432E23	5	212	16				00425618	DecodeShapeFrame	279			00440960	wc2-insertion
src/sound.c	0042B930	00424980	0042C510	00432E23	5	212	17				004259E2	SignExtendClipCoord	19			00440BE0	wc2-insertion
src/sound.c	0042B930	00424980	0042C510	00432E23	5	212	18				00425A16	ValidateViewportBounds	114			00440C00	wc2-insertion
src/sound.c	0042B930	00424980	0042C510	00432E23	5	212	19				00425B9E	ClipViewportToScreen	16			00440CF0	wc2-insertion
src/sound.c	0042B930	00424980	0042C510	00432E23	5	212	20				00425BBF	SetSolidColourTranslation	21			00440D10	wc2-insertion
src/sound.c	0042B930	00424980	0042C510	00432E23	5	212	21				00425BF6	PrepareShapeRLEData	308			00440D50	wc2-insertion
src/sound.c	0042B930	00424980	0042C510	00432E23	5	212	22				00425FB4	DrawSpriteTransformed	169			00440FE0	wc2-insertion
src/sound.c	0042B930	00424980	0042C510	00432E23	5	212	23				004261D5	RasterLineHook	11			00441140	wc2-insertion
src/sound.c	0042B930	00424980	0042C510	00432E23	5	212	24				004261E5	DrawFontGlyph	253			00441150	wc2-insertion
src/sound.c	0042B930	00424980	0042C510	00432E23	5	212	25				0042665A	FUN_0042665A	14				wc2-insertion
src/sound.c	0042B930	00424980	0042C510	00432E23	5	212	26				00426677	FUN_00426677	14				wc2-insertion
src/sound.c	0042B930	00424980	0042C510	00432E23	5	212	27				00426694	MarkActivePaletteEntries	14			00441370	wc2-insertion
src/sound.c	0042B930	00424980	0042C510	00432E23	5	212	28				004266B1	GetPaletteEntry	16			004413C0	wc2-insertion
src/sound.c	0042B930	00424980	0042C510	00432E23	5	212	29				004266CC	SetPaletteEntry	16			004413E0	wc2-insertion
src/sound.c	0042B930	00424980	0042C510	00432E23	5	212	30				004266E7	DrawSpriteDefault	45			00441400	wc2-insertion
src/sound.c	0042B930	00424980	0042C510	00432E23	5	212	31				00426769	CaptureSpriteBackground	305			00441450	wc2-insertion
src/sound.c	0042B930	00424980	0042C510	00432E23	5	212	32				00426B96	RestoreSpriteBackground	310			00441740	wc2-insertion
src/sound.c	0042B930	00424980	0042C510	00432E23	5	212	33				00426FD9	DrawSolidColourSprite	42			00441A40	wc2-insertion
src/sound.c	0042B930	00424980	0042C510	00432E23	5	212	34				00427047	CopyViewportContents	69			00441A90	wc2-insertion
src/sound.c	0042B930	00424980	0042C510	00432E23	5	212	35				00427123	ClearViewport	30			00441AE0	wc2-insertion
src/sound.c	0042B930	00424980	0042C510	00432E23	5	212	36				00427179	DrawViewportPixel	34			00441B20	wc2-insertion
src/sound.c	0042B930	00424980	0042C510	00432E23	5	212	37				004271D2	GetViewportPixel	34			00441B60	wc2-insertion
src/sound.c	0042B930	00424980	0042C510	00432E23	5	212	38				0042722E	DrawViewportLine	45			00441BA0	wc2-insertion
src/sound.c	0042B930	00424980	0042C510	00432E23	5	212	39				004272A5	TriangleRasterizerHook	13			00441BF0	wc2-insertion
src/sound.c	0042B930	00424980	0042C510	00432E23	5	212	40				00427D9F	FUN_00427D9F	28				wc2-insertion
src/sound.c	0042B930	00424980	0042C510	00432E23	5	212	41				00427DE8	snow_viewport	19			00442300	wc2-insertion
src/sound.c	0042B930	00424980	0042C510	00432E23	5	212	42				00427E1B	DrawFilledViewportRect	59			00441C70	wc2-insertion
src/sound.c	0042B930	00424980	0042C510	00432E23	5	212	43				00427EC8	DrawViewportBorder	123			00441CF0	wc2-insertion
src/sound.c	0042B930	00424980	0042C510	00432E23	5	212	44				00428023	DrawViewportEllipse	38			00441DD0	wc2-insertion
src/sound.c	0042B930	00424980	0042C510	00432E23	5	212	45				0042808F	FillViewportEllipse	38			00441E20	wc2-insertion
src/sound.c	0042B930	00424980	0042C510	00432E23	5	212	46				004280FB	DrawViewportEllipseShadow	38			00441E70	wc2-insertion
src/sound.c	0042B930	00424980	0042C510	00432E23	5	212	47				00428167	FUN_00428167	24				wc2-insertion
src/sound.c	0042B930	00424980	0042C510	00432E23	5	212	48				004281AE	FUN_004281AE	41				wc2-insertion
src/sound.c	0042B930	00424980	0042C510	00432E23	5	212	49				00428217	FUN_00428217	72				wc2-insertion
src/sound.c	0042B930	00424980	0042C510	00432E23	5	212	50				004282F0	FUN_004282F0	37				wc2-insertion
src/sound.c	0042B930	00424980	0042C510	00432E23	5	212	51				00428344	DrawSolidColourSpriteScaled	41			00442000	wc2-insertion
src/sound.c	0042B930	00424980	0042C510	00432E23	5	212	52				004283A4	GetTransformedShapeBounds	205			00442050	wc2-insertion
src/sound.c	0042B930	00424980	0042C510	00432E23	5	212	53				00428690	fizzle_fade	86			00442200	wc2-insertion
src/sound.c	0042B930	00424980	0042C510	00432E23	5	212	54				004287A4	FUN_004287A4	24				wc2-insertion
src/sound.c	0042B930	00424980	0042C510	00432E23	5	212	55				004287EB	FUN_004287EB	83				wc2-insertion
src/sound.c	0042B930	00424980	0042C510	00432E23	5	212	56				00428900	InitializeAudioStreamer	27			00442370	wc2-insertion
src/sound.c	0042B930	00424980	0042C510	00432E23	5	212	57				0042894B	SignalAudioMixerWakeEvent	18			00442350	wc2-insertion
src/sound.c	0042B930	00424980	0042C510	00432E23	5	212	58				00428979	UpdateStreamerStoppedFlag	20			00442330	wc2-insertion
src/sound.c	0042B930	00424980	0042C510	00432E23	5	212	59				004289BF	Streamer_open	33			004423B0	wc2-insertion
src/sound.c	0042B930	00424980	0042C510	00432E23	5	212	60				00428A2F	Streamer_play	18			00442430	wc2-insertion
src/sound.c	0042B930	00424980	0042C510	00432E23	5	212	61				00428A6D	Streamer_stop	18			00442460	wc2-insertion
src/sound.c	0042B930	00424980	0042C510	00432E23	5	212	62				00428AAB	SetStreamerIntensity	21			00442520	wc2-insertion
src/sound.c	0042B930	00424980	0042C510	00432E23	5	212	63				00428AEB	SetStreamerTrigger	26			004424D0	wc2-insertion
src/sound.c	0042B930	00424980	0042C510	00432E23	5	212	64				00428B3C	ForceStreamerTrigger	23			00442550	wc2-insertion
src/sound.c	0042B930	00424980	0042C510	00432E23	5	212	65				00428B86	Streamer_close	15			004425D0	wc2-insertion
src/sound.c	0042B930	00424980	0042C510	00432E23	5	212	66				00428BAD	DestroyAudioStreamer	15				wc2-insertion
src/sound.c	0042B930	00424980	0042C510	00432E23	5	212	67				00428BD4	ix_log_printf	31			004426A0	wc2-insertion
src/sound.c	0042B930	00424980	0042C510	00432E23	5	212	68				00428C35	FUN_00428C35	62				wc2-insertion
src/sound.c	0042B930	00424980	0042C510	00432E23	5	212	69				00428D09	ReadCheaterFlagFromRegistry	46			00442600	wc2-insertion
src/sound.c	0042B930	00424980	0042C510	00432E23	5	212	70				00428DA3	SetMusicStreamVolume	15			00442590	wc2-insertion
src/sound.c	0042B930	00424980	0042C510	00432E23	5	212	71				00428DBF	GetMusicStreamVolume	13				wc2-insertion
src/sound.c	0042B930	00424980	0042C510	00432E23	5	212	72				00428DE0	GetStreamerState	12				wc2-insertion
src/sound.c	0042B930	00424980	0042C510	00432E23	5	212	73				00428E00	FUN_00428E00	28				wc2-insertion
src/sound.c	0042B930	00424980	0042C510	00432E23	5	212	74				00428E5C	FUN_00428E5C	21				wc2-insertion
src/sound.c	0042B930	00424980	0042C510	00432E23	5	212	75				00428E98	FUN_00428E98	24				wc2-insertion
src/sound.c	0042B930	00424980	0042C510	00432E23	5	212	76				00428EDC	FUN_00428EDC	172				wc2-insertion
src/sound.c	0042B930	00424980	0042C510	00432E23	5	212	77				0042917D	FUN_0042917D	59				wc2-insertion
src/sound.c	0042B930	00424980	0042C510	00432E23	5	212	78				00429261	ShowTheEndScreen	105			004304F0	wc2-insertion
src/sound.c	0042B930	00424980	0042C510	00432E23	5	212	79				004293F9	LoadTemporaryCampaignGlobals	17				wc2-insertion
src/sound.c	0042B930	00424980	0042C510	00432E23	5	212	80				00429423	SaveAndFreeTemporaryCampaignGlobals	40				wc2-insertion
src/sound.c	0042B930	00424980	0042C510	00432E23	5	212	81				0042949F	LoadWholeDataFile	56				wc2-insertion
src/sound.c	0042B930	00424980	0042C510	00432E23	5	212	82				00429550	SendKilrathiAceGreetingOnce	19			00422090	wc2-insertion
src/sound.c	0042B930	00424980	0042C510	00432E23	5	212	83				00429581	signed_random	19			004220F0	wc2-insertion
src/sound.c	0042B930	00424980	0042C510	00432E23	5	212	84				004295A9	alert_flag	18			00422110	wc2-insertion
src/sound.c	0042B930	00424980	0042C510	00432E23	5	212	85				004295D9	set_alert	13			00422140	wc2-insertion
src/sound.c	0042B930	00424980	0042C510	00432E23	5	212	86				004295F2	clear_alert	16			00422160	wc2-insertion
src/sound.c	0042B930	00424980	0042C510	00432E23	5	212	87				00429625	start_collision_alert	36			00422180	wc2-insertion
src/sound.c	0042B930	00424980	0042C510	00432E23	5	212	88				00429698	try2end_collision_alert	26			004221E0	wc2-insertion
src/sound.c	0042B930	00424980	0042C510	00432E23	5	212	89				004296E2	normal_speed	27			00422220	wc2-insertion
src/sound.c	0042B930	00424980	0042C510	00432E23	5	212	90				00429736	real_crash_time	166			00422260	wc2-insertion
src/sound.c	0042B930	00424980	0042C510	00432E23	5	212	91				00429958	crash_time	32			00422460	wc2-insertion
src/sound.c	0042B930	00424980	0042C510	00432E23	5	212	92				004299C9	detect_collisions	97			004224F0	wc2-insertion
src/sound.c	0042B930	00424980	0042C510	00432E23	5	212	93				00429B55	unactive	25			00422560	wc2-insertion
src/sound.c	0042B930	00424980	0042C510	00432E23	5	212	94				00429BA8	are_alive	25			00422590	wc2-insertion
src/sound.c	0042B930	00424980	0042C510	00432E23	5	212	95				00429BF0	trim_goals	48			004225C0	wc2-insertion
src/sound.c	0042B930	00424980	0042C510	00432E23	5	212	96				00429CAD	report_kilrathi_rout	86			00422640	wc2-insertion
src/sound.c	0042B930	00424980	0042C510	00432E23	5	212	97				00429E24	find_ship_index	45			00422710	wc2-insertion
src/sound.c	0042B930	00424980	0042C510	00432E23	5	212	98				00429EE0	try2rout	76			00422780	wc2-insertion
src/sound.c	0042B930	00424980	0042C510	00432E23	5	212	99				0042A003	CanSetNewShipTurnGoal	29				wc2-insertion
src/sound.c	0042B930	00424980	0042C510	00432E23	5	212	100				0042A062	no_goal	23			00422830	wc2-insertion
src/sound.c	0042B930	00424980	0042C510	00432E23	5	212	101				0042A0A9	being_tailed	29			00422860	wc2-insertion
src/sound.c	0042B930	00424980	0042C510	00432E23	5	212	102				0042A108	detect_enemy_tail	50			00422930	wc2-insertion
src/sound.c	0042B930	00424980	0042C510	00432E23	5	212	103				0042A1C5	is_ship_tailing_player_target	33			004229B0	wc2-insertion
src/sound.c	0042B930	00424980	0042C510	00432E23	5	212	104				0042A222	FindMissileTargetingObject	31			004229F0	wc2-insertion
src/sound.c	0042B930	00424980	0042C510	00432E23	5	212	105				0042A28E	build_squad_list	36			00422A70	wc2-insertion
src/sound.c	0042B930	00424980	0042C510	00432E23	5	212	106				0042A313	find_squad_center	45			00422AC0	wc2-insertion
src/sound.c	0042B930	00424980	0042C510	00432E23	5	212	107				0042A39A	init_formation_burst	74			00422B30	wc2-insertion
src/sound.c	0042B930	00424980	0042C510	00432E23	5	212	108				0042A490	reset_mission_type	28			00422BE0	wc2-insertion
src/sound.c	0042B930	00424980	0042C510	00432E23	5	212	109				0042A4E5	change_mission_type	24			00422C30	wc2-insertion
src/sound.c	0042B930	00424980	0042C510	00432E23	5	212	110				0042A52A	reset_objective	22			00422C70	wc2-insertion
src/sound.c	0042B930	00424980	0042C510	00432E23	5	212	111				0042A55F	alter_objective	22			00422CA0	wc2-insertion
src/sound.c	0042B930	00424980	0042C510	00432E23	5	212	112				0042A594	reset_tactic	20			00422CD0	wc2-insertion
src/sound.c	0042B930	00424980	0042C510	00432E23	5	212	113				0042A5C8	alter_tactic	18			00422D00	wc2-insertion
src/sound.c	0042B930	00424980	0042C510	00432E23	5	212	114				0042A5F1	reset_maneuver	17			00422D30	wc2-insertion
src/sound.c	0042B930	00424980	0042C510	00432E23	5	212	115				0042A625	try2reset_maneuver	25			00422D60	wc2-insertion
src/sound.c	0042B930	00424980	0042C510	00432E23	5	212	116				0042A664	set_special	36			00422D90	wc2-insertion
src/sound.c	0042B930	00424980	0042C510	00432E23	5	212	117				0042A6E8	approach_zero_speed	15			00422DD0	wc2-insertion
src/sound.c	0042B930	00424980	0042C510	00432E23	5	212	118				0042A701	approach_min_speed	15			00422DF0	wc2-insertion
src/sound.c	0042B930	00424980	0042C510	00432E23	5	212	119				0042A71D	approach_half_speed	22			00422E10	wc2-insertion
src/sound.c	0042B930	00424980	0042C510	00432E23	5	212	120				0042A754	approach_cruise_speed	21			00422E50	wc2-insertion
src/sound.c	0042B930	00424980	0042C510	00432E23	5	212	121				0042A788	approach_full_speed	18			00422E80	wc2-insertion
src/sound.c	0042B930	00424980	0042C510	00432E23	5	212	122				0042A7AF	approach_ship_speed	17			00422EA0	wc2-insertion
src/sound.c	0042B930	00424980	0042C510	00432E23	5	212	123				0042A7D2	ComputePointAheadOfObject	32			00422EC0	wc2-insertion
src/sound.c	0042B930	00424980	0042C510	00432E23	5	212	124				0042A823	ComputePointBehindObject	33			00422F10	wc2-insertion
src/sound.c	0042B930	00424980	0042C510	00432E23	5	212	125				0042A876	close_behind	21			00422F60	wc2-insertion
src/sound.c	0042B930	00424980	0042C510	00432E23	5	212	126				0042A8B5	scan_for_enemy	86			00422F80	wc2-insertion
src/sound.c	0042B930	00424980	0042C510	00432E23	5	212	127				0042AA0D	any_enemy	50			00423070	wc2-insertion
src/sound.c	0042B930	00424980	0042C510	00432E23	5	212	128				0042AAD3	FUN_0042AAD3	47				wc2-insertion
src/sound.c	0042B930	00424980	0042C510	00432E23	5	212	129				0042AB81	ships_within_range	30			00423260	wc2-insertion
src/sound.c	0042B930	00424980	0042C510	00432E23	5	212	130				0042ABCE	attacker_in_range	56			004232B0	wc2-insertion
src/sound.c	0042B930	00424980	0042C510	00432E23	5	212	131				0042ACAF	in_danger	64			00423350	wc2-insertion
src/sound.c	0042B930	00424980	0042C510	00432E23	5	212	132				0042ADB8	target_within_range	42			00423400	wc2-insertion
src/sound.c	0042B930	00424980	0042C510	00432E23	5	212	133				0042AE32	build_target_list	72			00423440	wc2-insertion
src/sound.c	0042B930	00424980	0042C510	00432E23	5	212	134				0042AF60	inherit_leader_mission	43			00423530	wc2-insertion
src/sound.c	0042B930	00424980	0042C510	00432E23	5	212	135				0042B00A	inherit_leader	44			004235B0	wc2-insertion
src/sound.c	0042B930	00424980	0042C510	00432E23	5	212	136				0042B0B7	dead_ship	23			00423610	wc2-insertion
src/sound.c	0042B930	00424980	0042C510	00432E23	5	212	137				0042B0FB	gone_ship	29			00423640	wc2-insertion
src/sound.c	0042B930	00424980	0042C510	00432E23	5	212	138				0042B15A	skill_check	27			004236B0	wc2-insertion
src/sound.c	0042B930	00424980	0042C510	00432E23	5	212	139				0042B1AE	find_ships_sphere	64			004236F0	wc2-insertion
src/sound.c	0042B930	00424980	0042C510	00432E23	5	212	140				0042B2A7	locate_ship	75			00423780	wc2-insertion
src/sound.c	0042B930	00424980	0042C510	00432E23	5	212	141				0042B38F	get_follow_point	113			00423820	wc2-insertion
src/sound.c	0042B930	00424980	0042C510	00432E23	5	212	142				0042B524	get_first_follow_point	24			00423930	wc2-insertion
src/sound.c	0042B930	00424980	0042C510	00432E23	5	212	143				0042B565	hostile_sphere	41			00423970	wc2-insertion
src/sound.c	0042B930	00424980	0042C510	00432E23	5	212	144				0042B5F7	abandoned	63			004239D0	wc2-insertion
src/sound.c	0042B930	00424980	0042C510	00432E23	5	212	145				0042B6C5	engage	36			00423A50	wc2-insertion
src/sound.c	0042B930	00424980	0042C510	00432E23	5	212	146				0042B73B	target_valid	59			00423AC0	wc2-insertion
src/sound.c	0042B930	00424980	0042C510	00432E23	5	212	147				0042B80C	FUN_0042B80C	62				wc2-insertion
src/sound.c	0042B930	00424980	0042C510	00432E23	5	212	148				0042B916	FUN_0042B916	38				wc2-insertion
src/sound.c	0042B930	00424980	0042C510	00432E23	5	212	149				0042B985	evaluate_damage	88			00423C00	wc2-insertion
src/sound.c	0042B930	00424980	0042C510	00432E23	5	212	150				0042BAC0	FillGraphicSuffix	35			00436C70	wc2-insertion
src/sound.c	0042B930	00424980	0042C510	00432E23	5	212	151				0042BB17	ConvertChar_Int	32			00436CB0	wc2-insertion
src/sound.c	0042B930	00424980	0042C510	00432E23	5	212	152				0042BB70	PostMission	143			0040F010	wc2-insertion
src/sound.c	0042B930	00424980	0042C510	00432E23	5	212	153				0042BDDB	FUN_0042BDDB	16				wc2-insertion
src/sound.c	0042B930	00424980	0042C510	00432E23	5	212	154				0042BDFE	FUN_0042BDFE	10				wc2-insertion
src/sound.c	0042B930	00424980	0042C510	00432E23	5	212	155				0042BE09	FUN_0042BE09	23				wc2-insertion
src/sound.c	0042B930	00424980	0042C510	00432E23	5	212	156				0042BE4B	FUN_0042BE4B	60				wc2-insertion
src/sound.c	0042B930	00424980	0042C510	00432E23	5	212	157				0042BF0C	FUN_0042BF0C	55				wc2-insertion
src/sound.c	0042B930	00424980	0042C510	00432E23	5	212	158				0042BFB8	FUN_0042BFB8	39				wc2-insertion
src/sound.c	0042B930	00424980	0042C510	00432E23	5	212	159				0042C04B	FUN_0042C04B	25				wc2-insertion
src/sound.c	0042B930	00424980	0042C510	00432E23	5	212	160				0042C0A2	FUN_0042C0A2	25				wc2-insertion
src/sound.c	0042B930	00424980	0042C510	00432E23	5	212	161				0042C0F1	print_subtitle	155			00403920	wc2-insertion
src/sound.c	0042B930	00424980	0042C510	00432E23	5	212	162				0042C373	FUN_0042C373	21				wc2-insertion
src/sound.c	0042B930	00424980	0042C510	00432E23	5	212	163				0042C3A7	FUN_0042C3A7	43				wc2-insertion
src/sound.c	0042B930	00424980	0042C510	00432E23	5	212	164				0042C43D	DisplayTrainSimHighScoreTable	100			00425C60	wc2-insertion
src/sound.c	0042B930	00424980	0042C510	00432E23	5	212	165				0042C5A2	FUN_0042C5A2	34				wc2-insertion
src/sound.c	0042B930	00424980	0042C510	00432E23	5	212	166				0042C607	FUN_0042C607	27				wc2-insertion
src/sound.c	0042B930	00424980	0042C510	00432E23	5	212	167				0042C659	FUN_0042C659	27				wc2-insertion
src/sound.c	0042B930	00424980	0042C510	00432E23	5	212	168				0042C6AC	FUN_0042C6AC	42				wc2-insertion
src/sound.c	0042B930	00424980	0042C510	00432E23	5	212	169				0042C725	FUN_0042C725	25				wc2-insertion
src/sound.c	0042B930	00424980	0042C510	00432E23	5	212	170				0042C75D	FUN_0042C75D	27				wc2-insertion
src/sound.c	0042B930	00424980	0042C510	00432E23	5	212	171				0042C7BC	FUN_0042C7BC	78				wc2-insertion
src/sound.c	0042B930	00424980	0042C510	00432E23	5	212	172				0042C8E1	FUN_0042C8E1	57				wc2-insertion
src/sound.c	0042B930	00424980	0042C510	00432E23	5	212	173				0042C9B0	FUN_0042C9B0	39				wc2-insertion
src/sound.c	0042B930	00424980	0042C510	00432E23	5	212	174				0042CA28	FUN_0042CA28	65				wc2-insertion
src/sound.c	0042B930	00424980	0042C510	00432E23	5	212	175				0042CB08	FUN_0042CB08	90				wc2-insertion
src/sound.c	0042B930	00424980	0042C510	00432E23	5	212	176				0042CC42	FUN_0042CC42	91				wc2-insertion
src/sound.c	0042B930	00424980	0042C510	00432E23	5	212	177				0042CDB5	FUN_0042CDB5	165				wc2-insertion
src/sound.c	0042B930	00424980	0042C510	00432E23	5	212	178				0042CFDB	FUN_0042CFDB	127				wc2-insertion
src/sound.c	0042B930	00424980	0042C510	00432E23	5	212	179				0042D181	FUN_0042D181	56				wc2-insertion
src/sound.c	0042B930	00424980	0042C510	00432E23	5	212	180				0042D227	FUN_0042D227	124				wc2-insertion
src/sound.c	0042B930	00424980	0042C510	00432E23	5	212	181				0042D444	FUN_0042D444	30				wc2-insertion
src/sound.c	0042B930	00424980	0042C510	00432E23	5	212	182				0042D4C1	FUN_0042D4C1	20				wc2-insertion
src/sound.c	0042B930	00424980	0042C510	00432E23	5	212	183				0042D4FA	FUN_0042D4FA	29				wc2-insertion
src/sound.c	0042B930	00424980	0042C510	00432E23	5	212	184				0042D568	ViewMedals	159			00436E30	wc2-insertion
src/sound.c	0042B930	00424980	0042C510	00432E23	5	212	185				0042D81C	FUN_0042D81C	54				wc2-insertion
src/sound.c	0042B930	00424980	0042C510	00432E23	5	212	186				0042D8E2	FUN_0042D8E2	57				wc2-insertion
src/sound.c	0042B930	00424980	0042C510	00432E23	5	212	187				0042D98C	FUN_0042D98C	52				wc2-insertion
src/sound.c	0042B930	00424980	0042C510	00432E23	5	212	188				0042DA25	FUN_0042DA25	250				wc2-insertion
src/sound.c	0042B930	00424980	0042C510	00432E23	5	212	189				0042DD9F	FUN_0042DD9F	55				wc2-insertion
src/sound.c	0042B930	00424980	0042C510	00432E23	5	212	190				0042DE62	FUN_0042DE62	23				wc2-insertion
src/sound.c	0042B930	00424980	0042C510	00432E23	5	212	191				0042DE9D	FUN_0042DE9D	46				wc2-insertion
src/sound.c	0042B930	00424980	0042C510	00432E23	5	212	192				0042DF32	FUN_0042DF32	28				wc2-insertion
src/sound.c	0042B930	00424980	0042C510	00432E23	5	212	193				0042DF80	FUN_0042DF80	128				wc2-insertion
src/sound.c	0042B930	00424980	0042C510	00432E23	5	212	194				0042E12A	FUN_0042E12A	172				wc2-insertion
src/sound.c	0042B930	00424980	0042C510	00432E23	5	212	195				0042E3CF	PromptForTextInput	106			0041B420	wc2-insertion
src/sound.c	0042B930	00424980	0042C510	00432E23	5	212	196				0042E553	FUN_0042E553	93				wc2-insertion
src/sound.c	0042B930	00424980	0042C510	00432E23	5	212	197				0042E692	FUN_0042E692	29				wc2-insertion
src/sound.c	0042B930	00424980	0042C510	00432E23	5	212	198				0042E6EB	FUN_0042E6EB	40				wc2-insertion
src/sound.c	0042B930	00424980	0042C510	00432E23	5	212	199				0042E762	FUN_0042E762	66				wc2-insertion
src/sound.c	0042B930	00424980	0042C510	00432E23	5	212	200				0042E868	DrawFuneralLongShot	219			00439220	wc2-insertion
src/sound.c	0042B930	00424980	0042C510	00432E23	5	212	201				0042EBD0	FUN_0042EBD0	55			00426700	wc2-insertion
src/sound.c	0042B930	00424980	0042C510	00432E23	5	212	202				0042EC7F	FUN_0042EC7F	24				wc2-insertion
src/sound.c	0042B930	00424980	0042C510	00432E23	5	212	203				0042ECCB	UpdateMap	100			00405CC0	wc2-insertion
src/sound.c	0042B930	00424980	0042C510	00432E23	5	212	204				0042EE4F	FUN_0042EE4F	24				wc2-insertion
src/sound.c	0042B930	00424980	0042C510	00432E23	5	212	205				0042EE86	FUN_0042EE86	41				wc2-insertion
src/sound.c	0042B930	00424980	0042C510	00432E23	5	212	206				0042EF12	FUN_0042EF12	105				wc2-insertion
src/sound.c	0042B930	00424980	0042C510	00432E23	5	212	207				0042F0B3	FUN_0042F0B3	26				wc2-insertion
src/sound.c	0042B930	00424980	0042C510	00432E23	5	212	208				0042F100	FUN_0042F100	22				wc2-insertion
src/sound.c	0042B930	00424980	0042C510	00432E23	5	212	209				0042F135	FUN_0042F135	37				wc2-insertion
src/sound.c	0042B930	00424980	0042C510	00432E23	5	212	210				0042F19A	FUN_0042F19A	37				wc2-insertion
src/sound.c	0042B930	00424980	0042C510	00432E23	5	212	211				0042F1FD	FUN_0042F1FD	3599				wc2-insertion
src/sound.c	0042B930	00424980	0042C510	00432E23	5	212	212				00432DCC	FUN_00432DCC	31				wc2-insertion
src/spc.c	00410700	00418D5F	00410A30	00419C10	1	6	1	00410740	SetFleetOverviewView	229	00418DAA	HandleBarracksBunkSelection	83	0044ADE0	85.27	0041C090	unequal-gap-position
src/spc.c	00410700	00418D5F	00410A30	00419C10	1	6	2				00418ECD	WaitForKeyAcknowledge	94			00428EA0	wc2-insertion
src/spc.c	00410700	00418D5F	00410A30	00419C10	1	6	3				00418FFC	RecRoom	559			0043F940	wc2-insertion
src/spc.c	00410700	00418D5F	00410A30	00419C10	1	6	4				00419831	BarracksScreen	123			0041C170	wc2-insertion
src/spc.c	00410700	00418D5F	00410A30	00419C10	1	6	5				004199F0	WarpMouseTo	24			00401CE0	wc2-insertion
src/spc.c	00410700	00418D5F	00410A30	00419C10	1	6	6				00419A40	UpdateTrainSimMenuCursor	143			0042A610	wc2-insertion
src/spc.c	00410AD0	00419CDC	004117B0	0041AD51	1	1	1	00410AF0	set_eye_direction_and_position	862	00419D01	set_eye_direction_and_position	1125	00419D01	47.06	00410AF0	confirmed-order
src/spc.c	004117B0	0041AD51	00411EC0	0041B62E	1	2	1	004117D0	new_view	441	0041AD8B	FUN_0041AD8B	42	0041AE40	62.29		unequal-gap-position
src/spc.c	004117B0	0041AD51	00411EC0	0041B62E	1	2	2				0041AE40	new_view	494			004117D0	wc2-insertion
src/spc.c	00411EC0	0041B62E	00412410	0041BD44	2	2	1	00411FE0	generate_stars	86	0041B762	generate_stars	108	0041B762	89.81	00411FE0	confirmed-order
src/spc.c	00411EC0	0041B62E	00412410	0041BD44	2	2	2	00412100	update_star_field	219	0041B8D6	update_star_field	293	0041B8D6	89.04	00412100	confirmed-order
src/spc.c	00412410	0041BD44	00412920	0041CB3C	2	2	1	00412430	house_keep_objects	247	0041BD81	house_keep_objects	596	0041BD81	52.12	00412430	confirmed-order
src/spc.c	00412410	0041BD44	00412920	0041CB3C	2	2	2	00412820	update_objects_in_space	80	0041C7ED	update_objects_in_space	202	0041C7ED	49.25	00412820	confirmed-order
src/strdos.c	00435450	00462486	004354D0	0046250B	2	2	1	00435470	DosStrcpy	20	004624A7	ix_system_configure	17			00447426	candidate-target-conflict
src/strdos.c	00435450	00462486	004354D0	0046250B	2	2	2	004354A0	CopyFarString	20	004624C7	FUN_004624C7	23			00461AB0	candidate-target-conflict
src/sysinput.c	00402E80	00455A85	00402EA0	00455AC8	0	1	1				00455A9E	FUN_00455A9E	17				wc2-insertion
src/sysinput.c	00402EA0	00455AC8	00403060	00455E8F	0	13	1				00455D2D	FUN_00455D2D	14				wc2-insertion
src/sysinput.c	00402EA0	00455AC8	00403060	00455E8F	0	13	2				00455D48	FUN_00455D48	14				wc2-insertion
src/sysinput.c	00402EA0	00455AC8	00403060	00455E8F	0	13	3				00455D63	FUN_00455D63	14				wc2-insertion
src/sysinput.c	00402EA0	00455AC8	00403060	00455E8F	0	13	4				00455D7E	FUN_00455D7E	14				wc2-insertion
src/sysinput.c	00402EA0	00455AC8	00403060	00455E8F	0	13	5				00455D99	FUN_00455D99	14				wc2-insertion
src/sysinput.c	00402EA0	00455AC8	00403060	00455E8F	0	13	6				00455DB4	FUN_00455DB4	14				wc2-insertion
src/sysinput.c	00402EA0	00455AC8	00403060	00455E8F	0	13	7				00455DCF	FUN_00455DCF	14				wc2-insertion
src/sysinput.c	00402EA0	00455AC8	00403060	00455E8F	0	13	8				00455DEA	FUN_00455DEA	14				wc2-insertion
src/sysinput.c	00402EA0	00455AC8	00403060	00455E8F	0	13	9				00455E05	FUN_00455E05	14				wc2-insertion
src/sysinput.c	00402EA0	00455AC8	00403060	00455E8F	0	13	10				00455E23	FUN_00455E23	14				wc2-insertion
src/sysinput.c	00402EA0	00455AC8	00403060	00455E8F	0	13	11				00455E3E	FUN_00455E3E	14				wc2-insertion
src/sysinput.c	00402EA0	00455AC8	00403060	00455E8F	0	13	12				00455E59	FUN_00455E59	14				wc2-insertion
src/sysinput.c	00402EA0	00455AC8	00403060	00455E8F	0	13	13				00455E74	FUN_00455E74	14				wc2-insertion
src/sysinput.c	00403060	00455E8F	00403070	00455EBF	0	1	1				00455EAA	GetKeyboardModifiers	12			00403080	wc2-insertion
src/sysinput.c	00403080	00455EAA	00403090	00455EF5	0	2	1				00455EBF	GetControlKeyState	14			00403070	wc2-insertion
src/sysinput.c	00403080	00455EAA	00403090	00455EF5	0	2	2				00455EDA	FUN_00455EDA	14				wc2-insertion
src/winmain.c	00401000	00417550	004010C0	004176D2	2	2	1	00401020	RestoreGamePalette	5	004175AD	FUN_004175AD	30				candidate-unmapped
src/winmain.c	00401000	00417550	004010C0	004176D2	2	2	2	00401040	easy2see	37	00417610	FUN_00417610	53				candidate-unmapped
src/winmain.c	004010C0	004176D2	00401210	0041787A	1	1	1	004011D0	remove_hazard	14	00417838	remove_hazard	26	00417838	80.77	004011D0	confirmed-order
src/winmain.c	00401390	00417AD7	00401680	00417EA4	1	1	1	004013B0	init_hazard	217	00417AF9	init_hazard	273	00417AF9	88.64	004013B0	confirmed-order
src/winmain.c	004016A0	00417ED4	00401870	00418175	1	1	1	004016C0	try_far_spot	133	00417EFF	try_far_spot	176	00417EFF	84.70	004016C0	confirmed-order
src/winmain.c	00401930	00418288	004019E0	0041836E	1	1	1	00401950	approach	45	004182B6	approach	63	004182B6	87.30	00401950	confirmed-order
src/winmain.c	00401A60	00418426	00401BC0	004185CC	1	1	1	00401B30	update_hazards	42	004184F6	update_hazards	56	004184F6	80.36	00401B30	confirmed-order
src/winmain.c	00401C60	004186A4	00401CE0	004199F0	0	7	1				00418770	CalibrateJoystickInteractive	336			004102B0	wc2-insertion
src/winmain.c	00401C60	004186A4	00401CE0	004199F0	0	7	2				00418D14	WaitForJoystickButtonRelease	24			004106C0	wc2-insertion
src/winmain.c	00401C60	004186A4	00401CE0	004199F0	0	7	3				00418D5F	WaitForJoystickButtonPress	24			00410700	wc2-insertion
src/winmain.c	00401C60	004186A4	00401CE0	004199F0	0	7	4				00418DAA	HandleBarracksBunkSelection	83			0041C090	wc2-insertion
src/winmain.c	00401C60	004186A4	00401CE0	004199F0	0	7	5				00418ECD	WaitForKeyAcknowledge	94			00428EA0	wc2-insertion
src/winmain.c	00401C60	004186A4	00401CE0	004199F0	0	7	6				00418FFC	RecRoom	559			0043F940	wc2-insertion
src/winmain.c	00401C60	004186A4	00401CE0	004199F0	0	7	7				00419831	BarracksScreen	123			0041C170	wc2-insertion
src/winmain.c	00401CE0	004199F0	00402070	00454103	2	801	1	00401D10	CheckLauncherAndConfig	71	00419A40	UpdateTrainSimMenuCursor	143	00453C95	59.78	0042A610	unequal-gap-position
src/winmain.c	00401CE0	004199F0	00402070	00454103	2	801	2	00401E30	WinMain	164	00419C10	rotate_eye_to_goal	63	00453E60	85.21	00410A30	unequal-gap-position
src/winmain.c	00401CE0	004199F0	00402070	00454103	2	801	3				00419CDC	GetVectorMagnitude	18			00410AD0	wc2-insertion
src/winmain.c	00401CE0	004199F0	00402070	00454103	2	801	4				00419D01	set_eye_direction_and_position	1125			00410AF0	wc2-insertion
src/winmain.c	00401CE0	004199F0	00402070	00454103	2	801	5				0041AD51	force_view	22			004117B0	wc2-insertion
src/winmain.c	00401CE0	004199F0	00402070	00454103	2	801	6				0041AD8B	FUN_0041AD8B	42				wc2-insertion
src/winmain.c	00401CE0	004199F0	00402070	00454103	2	801	7				0041AE40	new_view	494			004117D0	wc2-insertion
src/winmain.c	00401CE0	004199F0	00402070	00454103	2	801	8				0041B62E	start_dust	109			00411EC0	wc2-insertion
src/winmain.c	00401CE0	004199F0	00402070	00454103	2	801	9				0041B762	generate_stars	108			00411FE0	wc2-insertion
src/winmain.c	00401CE0	004199F0	00402070	00454103	2	801	10				0041B8D6	update_star_field	293			00412100	wc2-insertion
src/winmain.c	00401CE0	004199F0	00402070	00454103	2	801	11				0041BD44	count_down	19			00412410	wc2-insertion
src/winmain.c	00401CE0	004199F0	00402070	00454103	2	801	12				0041BD81	house_keep_objects	596			00412430	wc2-insertion
src/winmain.c	00401CE0	004199F0	00402070	00454103	2	801	13				0041C7ED	update_objects_in_space	202			00412820	wc2-insertion
src/winmain.c	00401CE0	004199F0	00402070	00454103	2	801	14				0041CB3C	rotate_object	58			00412920	wc2-insertion
src/winmain.c	00401CE0	004199F0	00402070	00454103	2	801	15				0041CC0A	accelerate_and_move_object	300			004129A0	wc2-insertion
src/winmain.c	00401CE0	004199F0	00402070	00454103	2	801	16				0041D07B	animate_shape	138			00412CD0	wc2-insertion
src/winmain.c	00401CE0	004199F0	00402070	00454103	2	801	17				0041D2DA	animate_object	132			00412E30	wc2-insertion
src/winmain.c	00401CE0	004199F0	00402070	00454103	2	801	18				0041D4C7	hit_asteroid	68			00413030	wc2-insertion
src/winmain.c	00401CE0	004199F0	00402070	00454103	2	801	19				0041D591	object_collision	820			004130D0	wc2-insertion
src/winmain.c	00401CE0	004199F0	00402070	00454103	2	801	20				0041E276	object_intelligence	148			00413880	wc2-insertion
src/winmain.c	00401CE0	004199F0	00402070	00454103	2	801	21				0041E4E0	steer_away_from_object	71			00433AC0	wc2-insertion
src/winmain.c	00401CE0	004199F0	00402070	00454103	2	801	22				0041E5C8	steer_away_from_predicted_object	80			00433B90	wc2-insertion
src/winmain.c	00401CE0	004199F0	00402070	00454103	2	801	23				0041E6C8	prevent_collision	119			00433C80	wc2-insertion
src/winmain.c	00401CE0	004199F0	00402070	00454103	2	801	24				0041E860	handle_collisions	43			00433D90	wc2-insertion
src/winmain.c	00401CE0	004199F0	00402070	00454103	2	801	25				0041E8D3	FUN_0041E8D3	31				wc2-insertion
src/winmain.c	00401CE0	004199F0	00402070	00454103	2	801	26				0041E945	FUN_0041E945	76				wc2-insertion
src/winmain.c	00401CE0	004199F0	00402070	00454103	2	801	27				0041EA86	select_target	45			00433E50	wc2-insertion
src/winmain.c	00401CE0	004199F0	00402070	00454103	2	801	28				0041EB1D	veer_random	41			00433EC0	wc2-insertion
src/winmain.c	00401CE0	004199F0	00402070	00454103	2	801	29				0041EBC1	offset_location	68			00433F50	wc2-insertion
src/winmain.c	00401CE0	004199F0	00402070	00454103	2	801	30				0041EC73	compute_formation_destination	48			00433FF0	wc2-insertion
src/winmain.c	00401CE0	004199F0	00402070	00454103	2	801	31				0041ECEF	control_speed	72			00434040	wc2-insertion
src/winmain.c	00401CE0	004199F0	00402070	00454103	2	801	32				0041EDCC	chase_location	161			004340F0	wc2-insertion
src/winmain.c	00401CE0	004199F0	00402070	00454103	2	801	33				0041EFFE	goto_location	64			004342C0	wc2-insertion
src/winmain.c	00401CE0	004199F0	00402070	00454103	2	801	34				0041F0C5	goto_formation	147			00434360	wc2-insertion
src/winmain.c	00401CE0	004199F0	00402070	00454103	2	801	35				0041F2C5	maintain_formation	42			004344E0	wc2-insertion
src/winmain.c	00401CE0	004199F0	00402070	00454103	2	801	36				0041F337	reset_stress	56			00434550	wc2-insertion
src/winmain.c	00401CE0	004199F0	00402070	00454103	2	801	37				0041F3EF	stress_morale	26			004345D0	wc2-insertion
src/winmain.c	00401CE0	004199F0	00402070	00454103	2	801	38				0041F446	select_weighted_value	38			00422A30	wc2-insertion
src/winmain.c	00401CE0	004199F0	00402070	00454103	2	801	39				0041F4C6	pick_regular_maneuver	140			00434630	wc2-insertion
src/winmain.c	00401CE0	004199F0	00402070	00454103	2	801	40				0041F714	pick_from_list	80			00434800	wc2-insertion
src/winmain.c	00401CE0	004199F0	00402070	00454103	2	801	41				0041F83F	pick_kilrathi_maneuver	59			004348A0	wc2-insertion
src/winmain.c	00401CE0	004199F0	00402070	00454103	2	801	42				0041F902	FUN_0041F902	43				wc2-insertion
src/winmain.c	00401CE0	004199F0	00402070	00454103	2	801	43				0041F9AF	FUN_0041F9AF	209				wc2-insertion
src/winmain.c	00401CE0	004199F0	00402070	00454103	2	801	44				0041FD2B	handle_stress	116			00434980	wc2-insertion
src/winmain.c	00401CE0	004199F0	00402070	00454103	2	801	45				0041FF37	intelligence_events	241			00434A80	wc2-insertion
src/winmain.c	00401CE0	004199F0	00402070	00454103	2	801	46				00420340	EmitTextString	23			00413A10	wc2-insertion
src/winmain.c	00401CE0	004199F0	00402070	00454103	2	801	47				00420378	FUN_00420378	197			00413A40	wc2-insertion
src/winmain.c	00401CE0	004199F0	00402070	00454103	2	801	48				0042067F	InitializeTextContextFromFont	38			0041D510	wc2-insertion
src/winmain.c	00401CE0	004199F0	00402070	00454103	2	801	49				004206F2	AppendFormattedText	34			00413CB0	wc2-insertion
src/winmain.c	00401CE0	004199F0	00402070	00454103	2	801	50				0042075F	FUN_0042075F	27			004265A0	wc2-insertion
src/winmain.c	00401CE0	004199F0	00402070	00454103	2	801	51				004207B0	advance_canned_sequence	62			00403A80	wc2-insertion
src/winmain.c	00401CE0	004199F0	00402070	00454103	2	801	52				00420874	ReleaseNearHeapBlock	45			0040E900	wc2-insertion
src/winmain.c	00401CE0	004199F0	00402070	00454103	2	801	53				004208FC	PurgeNearHeapBlocks	58			0040E950	wc2-insertion
src/winmain.c	00401CE0	004199F0	00402070	00454103	2	801	54				004209C2	InitializeNearHeap	81			0040E9E0	wc2-insertion
src/winmain.c	00401CE0	004199F0	00402070	00454103	2	801	55				00420B12	LoadSpaceflightResources	36			00421F50	wc2-insertion
src/winmain.c	00401CE0	004199F0	00402070	00454103	2	801	56				00420B88	AllocateNearHeapBlockFromEnd	177			0040EB70	wc2-insertion
src/winmain.c	00401CE0	004199F0	00402070	00454103	2	801	57				00420E16	AllocateNearHeapBlockByFlags	184			0040ED30	wc2-insertion
src/winmain.c	00401CE0	004199F0	00402070	00454103	2	801	58				004210B8	FUN_004210B8	46				wc2-insertion
src/winmain.c	00401CE0	004199F0	00402070	00454103	2	801	59				00421144	GetFreeNearHeapBytes	58			0042F890	wc2-insertion
src/winmain.c	00401CE0	004199F0	00402070	00454103	2	801	60				00421210	FUN_00421210	111				wc2-insertion
src/winmain.c	00401CE0	004199F0	00402070	00454103	2	801	61				004213FE	FUN_004213FE	10				wc2-insertion
src/winmain.c	00401CE0	004199F0	00402070	00454103	2	801	62				00421409	PollJoystickButtonEvents	72			00430840	wc2-insertion
src/winmain.c	00401CE0	004199F0	00402070	00454103	2	801	63				00421530	PollMenuInputDevices	206			00430920	wc2-insertion
src/winmain.c	00401CE0	004199F0	00402070	00454103	2	801	64				00421910	cleanup_objectives	186			0042EFC0	wc2-insertion
src/winmain.c	00401CE0	004199F0	00402070	00454103	2	801	65				00421BC6	IsShipRouting	19			0042F1F0	wc2-insertion
src/winmain.c	00401CE0	004199F0	00402070	00454103	2	801	66				00421BFC	SendWingmanCommandAcknowledgement	24			0042F210	wc2-insertion
src/winmain.c	00401CE0	004199F0	00402070	00454103	2	801	67				00421C35	disobey_formation	51			0042F240	wc2-insertion
src/winmain.c	00401CE0	004199F0	00402070	00454103	2	801	68				00421CF6	IsEngagementTargetDisallowed	31			0042F270	wc2-insertion
src/winmain.c	00401CE0	004199F0	00402070	00454103	2	801	69				00421D59	CanPlayerLand	70			0042F2B0	wc2-insertion
src/winmain.c	00401CE0	004199F0	00402070	00454103	2	801	70				00421E6D	ShouldWingmanAcceptRoutCommand	70			0042F350	wc2-insertion
src/winmain.c	00401CE0	004199F0	00402070	00454103	2	801	71				00421F86	request	392			0042F3F0	wc2-insertion
src/winmain.c	00401CE0	004199F0	00402070	00454103	2	801	72				004225A0	StepPaletteTransition	186			0041C510	wc2-insertion
src/winmain.c	00401CE0	004199F0	00402070	00454103	2	801	73				004228B0	visit_the_cinema	43			00403E50	wc2-insertion
src/winmain.c	00401CE0	004199F0	00402070	00454103	2	801	74				00422953	player_wingman	21			00403EE0	wc2-insertion
src/winmain.c	00401CE0	004199F0	00402070	00454103	2	801	75				00422990	set_speed	18			00403F10	wc2-insertion
src/winmain.c	00401CE0	004199F0	00402070	00454103	2	801	76				004229B9	auto_position	100			00403F40	wc2-insertion
src/winmain.c	00401CE0	004199F0	00402070	00454103	2	801	77				00422B1C	auto_pilot_sequence	582			00404050	wc2-insertion
src/winmain.c	00401CE0	004199F0	00402070	00454103	2	801	78				00423480	LoadJoystickCalibrationFile	276			00431A10	wc2-insertion
src/winmain.c	00401CE0	004199F0	00402070	00454103	2	801	79				004238E9	ReadCalibratedJoystick	193			00431D20	wc2-insertion
src/winmain.c	00401CE0	004199F0	00402070	00454103	2	801	80				00423C60	FUN_00423C60	22				wc2-insertion
src/winmain.c	00401CE0	004199F0	00402070	00454103	2	801	81				00423CA0	InitializeAudioSystem	30			0042B160	wc2-insertion
src/winmain.c	00401CE0	004199F0	00402070	00454103	2	801	82				00423D02	ServiceAudioStream	21			0042B1B0	wc2-insertion
src/winmain.c	00401CE0	004199F0	00402070	00454103	2	801	83				00423D4F	AllocateWaveTableEntry	31			0042B1F0	wc2-insertion
src/winmain.c	00401CE0	004199F0	00402070	00454103	2	801	84				00423DBB	FindWaveTableEntryByName	32			0042B240	wc2-insertion
src/winmain.c	00401CE0	004199F0	00402070	00454103	2	801	85				00423E12	RemoveWaveTableEntry	56			0042B290	wc2-insertion
src/winmain.c	00401CE0	004199F0	00402070	00454103	2	801	86				00423ED1	FreeWaveTable	35			0042B300	wc2-insertion
src/winmain.c	00401CE0	004199F0	00402070	00454103	2	801	87				00423F3F	AllocateActiveSoundEntry	31			0042B340	wc2-insertion
src/winmain.c	00401CE0	004199F0	00402070	00454103	2	801	88				00423FAB	RemoveActiveSoundEntry	51			0042B390	wc2-insertion
src/winmain.c	00401CE0	004199F0	00402070	00454103	2	801	89				0042405E	FUN_0042405E	28				wc2-insertion
src/winmain.c	00401CE0	004199F0	00402070	00454103	2	801	90				004240AE	ReleaseFinishedSoundEntries	36			0042B410	wc2-insertion
src/winmain.c	00401CE0	004199F0	00402070	00454103	2	801	91				00424113	StopSoundsUsingWave	40			0042B450	wc2-insertion
src/winmain.c	00401CE0	004199F0	00402070	00454103	2	801	92				0042418C	playWAVE	203			0042B4A0	wc2-insertion
src/winmain.c	00401CE0	004199F0	00402070	00454103	2	801	93				00424417	FUN_00424417	100				wc2-insertion
src/winmain.c	00401CE0	004199F0	00402070	00454103	2	801	94				004245A2	stop_all_sounds	22			0042B640	wc2-insertion
src/winmain.c	00401CE0	004199F0	00402070	00454103	2	801	95				004245F8	PlaySnowStaticSound	104			0042B680	wc2-insertion
src/winmain.c	00401CE0	004199F0	00402070	00454103	2	801	96				0042476B	ServiceSoundSystem	39			0042B7D0	wc2-insertion
src/winmain.c	00401CE0	004199F0	00402070	00454103	2	801	97				0042482E	SetSoundEffectsVolume	18			0042B7E0	wc2-insertion
src/winmain.c	00401CE0	004199F0	00402070	00454103	2	801	98				0042485C	RegistryQueryValue	23			0042B810	wc2-insertion
src/winmain.c	00401CE0	004199F0	00402070	00454103	2	801	99				00424888	RegistryStoreValue	23			0042B840	wc2-insertion
src/winmain.c	00401CE0	004199F0	00402070	00454103	2	801	100				004248B4	LoadVolumeSettingsFromRegistry	62			0042B870	wc2-insertion
src/winmain.c	00401CE0	004199F0	00402070	00454103	2	801	101				00424980	SaveVolumeSettingsToRegistry	40			0042B930	wc2-insertion
src/winmain.c	00401CE0	004199F0	00402070	00454103	2	801	102				00424A00	FUN_00424A00	20				wc2-insertion
src/winmain.c	00401CE0	004199F0	00402070	00454103	2	801	103				00424A40	FUN_00424A40	15				wc2-insertion
src/winmain.c	00401CE0	004199F0	00402070	00454103	2	801	104				00424A60	ReserveContiguousPaletteEntries	40			00431900	wc2-insertion
src/winmain.c	00401CE0	004199F0	00402070	00454103	2	801	105				00424AEE	arrive_from_warp	77			0042A950	wc2-insertion
src/winmain.c	00401CE0	004199F0	00402070	00454103	2	801	106				00424C05	unwarp	94			0042AA10	wc2-insertion
src/winmain.c	00401CE0	004199F0	00402070	00454103	2	801	107				00424D4D	DeBriefing	90			004056F0	wc2-insertion
src/winmain.c	00401CE0	004199F0	00402070	00454103	2	801	108				00424E8C	MarkPilotDead	13				wc2-insertion
src/winmain.c	00401CE0	004199F0	00402070	00454103	2	801	109				00424EA7	FUN_00424EA7	24				wc2-insertion
src/winmain.c	00401CE0	004199F0	00402070	00454103	2	801	110				00424EFF	FUN_00424EFF	163				wc2-insertion
src/winmain.c	00401CE0	004199F0	00402070	00454103	2	801	111				004251F2	stranded_sequence	160			00404BE0	wc2-insertion
src/winmain.c	00401CE0	004199F0	00402070	00454103	2	801	112				004254C0	CheckHeapBlockSignature	26			004408A0	wc2-insertion
src/winmain.c	00401CE0	004199F0	00402070	00454103	2	801	113				0042550E	HasValidShapeAllocationSignature	17				wc2-insertion
src/winmain.c	00401CE0	004199F0	00402070	00454103	2	801	114				0042553A	GetPreparedShapeData	13			004408C0	wc2-insertion
src/winmain.c	00401CE0	004199F0	00402070	00454103	2	801	115				00425550	GetShapeFrameCount	21			004408D0	wc2-insertion
src/winmain.c	00401CE0	004199F0	00402070	00454103	2	801	116				0042557C	GetShapeFrameExtents	56			004408F0	wc2-insertion
src/winmain.c	00401CE0	004199F0	00402070	00454103	2	801	117				00425618	DecodeShapeFrame	279			00440960	wc2-insertion
src/winmain.c	00401CE0	004199F0	00402070	00454103	2	801	118				004259E2	SignExtendClipCoord	19			00440BE0	wc2-insertion
src/winmain.c	00401CE0	004199F0	00402070	00454103	2	801	119				00425A16	ValidateViewportBounds	114			00440C00	wc2-insertion
src/winmain.c	00401CE0	004199F0	00402070	00454103	2	801	120				00425B9E	ClipViewportToScreen	16			00440CF0	wc2-insertion
src/winmain.c	00401CE0	004199F0	00402070	00454103	2	801	121				00425BBF	SetSolidColourTranslation	21			00440D10	wc2-insertion
src/winmain.c	00401CE0	004199F0	00402070	00454103	2	801	122				00425BF6	PrepareShapeRLEData	308			00440D50	wc2-insertion
src/winmain.c	00401CE0	004199F0	00402070	00454103	2	801	123				00425FB4	DrawSpriteTransformed	169			00440FE0	wc2-insertion
src/winmain.c	00401CE0	004199F0	00402070	00454103	2	801	124				004261D5	RasterLineHook	11			00441140	wc2-insertion
src/winmain.c	00401CE0	004199F0	00402070	00454103	2	801	125				004261E5	DrawFontGlyph	253			00441150	wc2-insertion
src/winmain.c	00401CE0	004199F0	00402070	00454103	2	801	126				0042665A	FUN_0042665A	14				wc2-insertion
src/winmain.c	00401CE0	004199F0	00402070	00454103	2	801	127				00426677	FUN_00426677	14				wc2-insertion
src/winmain.c	00401CE0	004199F0	00402070	00454103	2	801	128				00426694	MarkActivePaletteEntries	14			00441370	wc2-insertion
src/winmain.c	00401CE0	004199F0	00402070	00454103	2	801	129				004266B1	GetPaletteEntry	16			004413C0	wc2-insertion
src/winmain.c	00401CE0	004199F0	00402070	00454103	2	801	130				004266CC	SetPaletteEntry	16			004413E0	wc2-insertion
src/winmain.c	00401CE0	004199F0	00402070	00454103	2	801	131				004266E7	DrawSpriteDefault	45			00441400	wc2-insertion
src/winmain.c	00401CE0	004199F0	00402070	00454103	2	801	132				00426769	CaptureSpriteBackground	305			00441450	wc2-insertion
src/winmain.c	00401CE0	004199F0	00402070	00454103	2	801	133				00426B96	RestoreSpriteBackground	310			00441740	wc2-insertion
src/winmain.c	00401CE0	004199F0	00402070	00454103	2	801	134				00426FD9	DrawSolidColourSprite	42			00441A40	wc2-insertion
src/winmain.c	00401CE0	004199F0	00402070	00454103	2	801	135				00427047	CopyViewportContents	69			00441A90	wc2-insertion
src/winmain.c	00401CE0	004199F0	00402070	00454103	2	801	136				00427123	ClearViewport	30			00441AE0	wc2-insertion
src/winmain.c	00401CE0	004199F0	00402070	00454103	2	801	137				00427179	DrawViewportPixel	34			00441B20	wc2-insertion
src/winmain.c	00401CE0	004199F0	00402070	00454103	2	801	138				004271D2	GetViewportPixel	34			00441B60	wc2-insertion
src/winmain.c	00401CE0	004199F0	00402070	00454103	2	801	139				0042722E	DrawViewportLine	45			00441BA0	wc2-insertion
src/winmain.c	00401CE0	004199F0	00402070	00454103	2	801	140				004272A5	TriangleRasterizerHook	13			00441BF0	wc2-insertion
src/winmain.c	00401CE0	004199F0	00402070	00454103	2	801	141				00427D9F	FUN_00427D9F	28				wc2-insertion
src/winmain.c	00401CE0	004199F0	00402070	00454103	2	801	142				00427DE8	snow_viewport	19			00442300	wc2-insertion
src/winmain.c	00401CE0	004199F0	00402070	00454103	2	801	143				00427E1B	DrawFilledViewportRect	59			00441C70	wc2-insertion
src/winmain.c	00401CE0	004199F0	00402070	00454103	2	801	144				00427EC8	DrawViewportBorder	123			00441CF0	wc2-insertion
src/winmain.c	00401CE0	004199F0	00402070	00454103	2	801	145				00428023	DrawViewportEllipse	38			00441DD0	wc2-insertion
src/winmain.c	00401CE0	004199F0	00402070	00454103	2	801	146				0042808F	FillViewportEllipse	38			00441E20	wc2-insertion
src/winmain.c	00401CE0	004199F0	00402070	00454103	2	801	147				004280FB	DrawViewportEllipseShadow	38			00441E70	wc2-insertion
src/winmain.c	00401CE0	004199F0	00402070	00454103	2	801	148				00428167	FUN_00428167	24				wc2-insertion
src/winmain.c	00401CE0	004199F0	00402070	00454103	2	801	149				004281AE	FUN_004281AE	41				wc2-insertion
src/winmain.c	00401CE0	004199F0	00402070	00454103	2	801	150				00428217	FUN_00428217	72				wc2-insertion
src/winmain.c	00401CE0	004199F0	00402070	00454103	2	801	151				004282F0	FUN_004282F0	37				wc2-insertion
src/winmain.c	00401CE0	004199F0	00402070	00454103	2	801	152				00428344	DrawSolidColourSpriteScaled	41			00442000	wc2-insertion
src/winmain.c	00401CE0	004199F0	00402070	00454103	2	801	153				004283A4	GetTransformedShapeBounds	205			00442050	wc2-insertion
src/winmain.c	00401CE0	004199F0	00402070	00454103	2	801	154				00428690	fizzle_fade	86			00442200	wc2-insertion
src/winmain.c	00401CE0	004199F0	00402070	00454103	2	801	155				004287A4	FUN_004287A4	24				wc2-insertion
src/winmain.c	00401CE0	004199F0	00402070	00454103	2	801	156				004287EB	FUN_004287EB	83				wc2-insertion
src/winmain.c	00401CE0	004199F0	00402070	00454103	2	801	157				00428900	InitializeAudioStreamer	27			00442370	wc2-insertion
src/winmain.c	00401CE0	004199F0	00402070	00454103	2	801	158				0042894B	SignalAudioMixerWakeEvent	18			00442350	wc2-insertion
src/winmain.c	00401CE0	004199F0	00402070	00454103	2	801	159				00428979	UpdateStreamerStoppedFlag	20			00442330	wc2-insertion
src/winmain.c	00401CE0	004199F0	00402070	00454103	2	801	160				004289BF	Streamer_open	33			004423B0	wc2-insertion
src/winmain.c	00401CE0	004199F0	00402070	00454103	2	801	161				00428A2F	Streamer_play	18			00442430	wc2-insertion
src/winmain.c	00401CE0	004199F0	00402070	00454103	2	801	162				00428A6D	Streamer_stop	18			00442460	wc2-insertion
src/winmain.c	00401CE0	004199F0	00402070	00454103	2	801	163				00428AAB	SetStreamerIntensity	21			00442520	wc2-insertion
src/winmain.c	00401CE0	004199F0	00402070	00454103	2	801	164				00428AEB	SetStreamerTrigger	26			004424D0	wc2-insertion
src/winmain.c	00401CE0	004199F0	00402070	00454103	2	801	165				00428B3C	ForceStreamerTrigger	23			00442550	wc2-insertion
src/winmain.c	00401CE0	004199F0	00402070	00454103	2	801	166				00428B86	Streamer_close	15			004425D0	wc2-insertion
src/winmain.c	00401CE0	004199F0	00402070	00454103	2	801	167				00428BAD	DestroyAudioStreamer	15				wc2-insertion
src/winmain.c	00401CE0	004199F0	00402070	00454103	2	801	168				00428BD4	ix_log_printf	31			004426A0	wc2-insertion
src/winmain.c	00401CE0	004199F0	00402070	00454103	2	801	169				00428C35	FUN_00428C35	62				wc2-insertion
src/winmain.c	00401CE0	004199F0	00402070	00454103	2	801	170				00428D09	ReadCheaterFlagFromRegistry	46			00442600	wc2-insertion
src/winmain.c	00401CE0	004199F0	00402070	00454103	2	801	171				00428DA3	SetMusicStreamVolume	15			00442590	wc2-insertion
src/winmain.c	00401CE0	004199F0	00402070	00454103	2	801	172				00428DBF	GetMusicStreamVolume	13				wc2-insertion
src/winmain.c	00401CE0	004199F0	00402070	00454103	2	801	173				00428DE0	GetStreamerState	12				wc2-insertion
src/winmain.c	00401CE0	004199F0	00402070	00454103	2	801	174				00428E00	FUN_00428E00	28				wc2-insertion
src/winmain.c	00401CE0	004199F0	00402070	00454103	2	801	175				00428E5C	FUN_00428E5C	21				wc2-insertion
src/winmain.c	00401CE0	004199F0	00402070	00454103	2	801	176				00428E98	FUN_00428E98	24				wc2-insertion
src/winmain.c	00401CE0	004199F0	00402070	00454103	2	801	177				00428EDC	FUN_00428EDC	172				wc2-insertion
src/winmain.c	00401CE0	004199F0	00402070	00454103	2	801	178				0042917D	FUN_0042917D	59				wc2-insertion
src/winmain.c	00401CE0	004199F0	00402070	00454103	2	801	179				00429261	ShowTheEndScreen	105			004304F0	wc2-insertion
src/winmain.c	00401CE0	004199F0	00402070	00454103	2	801	180				004293F9	LoadTemporaryCampaignGlobals	17				wc2-insertion
src/winmain.c	00401CE0	004199F0	00402070	00454103	2	801	181				00429423	SaveAndFreeTemporaryCampaignGlobals	40				wc2-insertion
src/winmain.c	00401CE0	004199F0	00402070	00454103	2	801	182				0042949F	LoadWholeDataFile	56				wc2-insertion
src/winmain.c	00401CE0	004199F0	00402070	00454103	2	801	183				00429550	SendKilrathiAceGreetingOnce	19			00422090	wc2-insertion
src/winmain.c	00401CE0	004199F0	00402070	00454103	2	801	184				00429581	signed_random	19			004220F0	wc2-insertion
src/winmain.c	00401CE0	004199F0	00402070	00454103	2	801	185				004295A9	alert_flag	18			00422110	wc2-insertion
src/winmain.c	00401CE0	004199F0	00402070	00454103	2	801	186				004295D9	set_alert	13			00422140	wc2-insertion
src/winmain.c	00401CE0	004199F0	00402070	00454103	2	801	187				004295F2	clear_alert	16			00422160	wc2-insertion
src/winmain.c	00401CE0	004199F0	00402070	00454103	2	801	188				00429625	start_collision_alert	36			00422180	wc2-insertion
src/winmain.c	00401CE0	004199F0	00402070	00454103	2	801	189				00429698	try2end_collision_alert	26			004221E0	wc2-insertion
src/winmain.c	00401CE0	004199F0	00402070	00454103	2	801	190				004296E2	normal_speed	27			00422220	wc2-insertion
src/winmain.c	00401CE0	004199F0	00402070	00454103	2	801	191				00429736	real_crash_time	166			00422260	wc2-insertion
src/winmain.c	00401CE0	004199F0	00402070	00454103	2	801	192				00429958	crash_time	32			00422460	wc2-insertion
src/winmain.c	00401CE0	004199F0	00402070	00454103	2	801	193				004299C9	detect_collisions	97			004224F0	wc2-insertion
src/winmain.c	00401CE0	004199F0	00402070	00454103	2	801	194				00429B55	unactive	25			00422560	wc2-insertion
src/winmain.c	00401CE0	004199F0	00402070	00454103	2	801	195				00429BA8	are_alive	25			00422590	wc2-insertion
src/winmain.c	00401CE0	004199F0	00402070	00454103	2	801	196				00429BF0	trim_goals	48			004225C0	wc2-insertion
src/winmain.c	00401CE0	004199F0	00402070	00454103	2	801	197				00429CAD	report_kilrathi_rout	86			00422640	wc2-insertion
src/winmain.c	00401CE0	004199F0	00402070	00454103	2	801	198				00429E24	find_ship_index	45			00422710	wc2-insertion
src/winmain.c	00401CE0	004199F0	00402070	00454103	2	801	199				00429EE0	try2rout	76			00422780	wc2-insertion
src/winmain.c	00401CE0	004199F0	00402070	00454103	2	801	200				0042A003	CanSetNewShipTurnGoal	29				wc2-insertion
src/winmain.c	00401CE0	004199F0	00402070	00454103	2	801	201				0042A062	no_goal	23			00422830	wc2-insertion
src/winmain.c	00401CE0	004199F0	00402070	00454103	2	801	202				0042A0A9	being_tailed	29			00422860	wc2-insertion
src/winmain.c	00401CE0	004199F0	00402070	00454103	2	801	203				0042A108	detect_enemy_tail	50			00422930	wc2-insertion
src/winmain.c	00401CE0	004199F0	00402070	00454103	2	801	204				0042A1C5	is_ship_tailing_player_target	33			004229B0	wc2-insertion
src/winmain.c	00401CE0	004199F0	00402070	00454103	2	801	205				0042A222	FindMissileTargetingObject	31			004229F0	wc2-insertion
src/winmain.c	00401CE0	004199F0	00402070	00454103	2	801	206				0042A28E	build_squad_list	36			00422A70	wc2-insertion
src/winmain.c	00401CE0	004199F0	00402070	00454103	2	801	207				0042A313	find_squad_center	45			00422AC0	wc2-insertion
src/winmain.c	00401CE0	004199F0	00402070	00454103	2	801	208				0042A39A	init_formation_burst	74			00422B30	wc2-insertion
src/winmain.c	00401CE0	004199F0	00402070	00454103	2	801	209				0042A490	reset_mission_type	28			00422BE0	wc2-insertion
src/winmain.c	00401CE0	004199F0	00402070	00454103	2	801	210				0042A4E5	change_mission_type	24			00422C30	wc2-insertion
src/winmain.c	00401CE0	004199F0	00402070	00454103	2	801	211				0042A52A	reset_objective	22			00422C70	wc2-insertion
src/winmain.c	00401CE0	004199F0	00402070	00454103	2	801	212				0042A55F	alter_objective	22			00422CA0	wc2-insertion
src/winmain.c	00401CE0	004199F0	00402070	00454103	2	801	213				0042A594	reset_tactic	20			00422CD0	wc2-insertion
src/winmain.c	00401CE0	004199F0	00402070	00454103	2	801	214				0042A5C8	alter_tactic	18			00422D00	wc2-insertion
src/winmain.c	00401CE0	004199F0	00402070	00454103	2	801	215				0042A5F1	reset_maneuver	17			00422D30	wc2-insertion
src/winmain.c	00401CE0	004199F0	00402070	00454103	2	801	216				0042A625	try2reset_maneuver	25			00422D60	wc2-insertion
src/winmain.c	00401CE0	004199F0	00402070	00454103	2	801	217				0042A664	set_special	36			00422D90	wc2-insertion
src/winmain.c	00401CE0	004199F0	00402070	00454103	2	801	218				0042A6E8	approach_zero_speed	15			00422DD0	wc2-insertion
src/winmain.c	00401CE0	004199F0	00402070	00454103	2	801	219				0042A701	approach_min_speed	15			00422DF0	wc2-insertion
src/winmain.c	00401CE0	004199F0	00402070	00454103	2	801	220				0042A71D	approach_half_speed	22			00422E10	wc2-insertion
src/winmain.c	00401CE0	004199F0	00402070	00454103	2	801	221				0042A754	approach_cruise_speed	21			00422E50	wc2-insertion
src/winmain.c	00401CE0	004199F0	00402070	00454103	2	801	222				0042A788	approach_full_speed	18			00422E80	wc2-insertion
src/winmain.c	00401CE0	004199F0	00402070	00454103	2	801	223				0042A7AF	approach_ship_speed	17			00422EA0	wc2-insertion
src/winmain.c	00401CE0	004199F0	00402070	00454103	2	801	224				0042A7D2	ComputePointAheadOfObject	32			00422EC0	wc2-insertion
src/winmain.c	00401CE0	004199F0	00402070	00454103	2	801	225				0042A823	ComputePointBehindObject	33			00422F10	wc2-insertion
src/winmain.c	00401CE0	004199F0	00402070	00454103	2	801	226				0042A876	close_behind	21			00422F60	wc2-insertion
src/winmain.c	00401CE0	004199F0	00402070	00454103	2	801	227				0042A8B5	scan_for_enemy	86			00422F80	wc2-insertion
src/winmain.c	00401CE0	004199F0	00402070	00454103	2	801	228				0042AA0D	any_enemy	50			00423070	wc2-insertion
src/winmain.c	00401CE0	004199F0	00402070	00454103	2	801	229				0042AAD3	FUN_0042AAD3	47				wc2-insertion
src/winmain.c	00401CE0	004199F0	00402070	00454103	2	801	230				0042AB81	ships_within_range	30			00423260	wc2-insertion
src/winmain.c	00401CE0	004199F0	00402070	00454103	2	801	231				0042ABCE	attacker_in_range	56			004232B0	wc2-insertion
src/winmain.c	00401CE0	004199F0	00402070	00454103	2	801	232				0042ACAF	in_danger	64			00423350	wc2-insertion
src/winmain.c	00401CE0	004199F0	00402070	00454103	2	801	233				0042ADB8	target_within_range	42			00423400	wc2-insertion
src/winmain.c	00401CE0	004199F0	00402070	00454103	2	801	234				0042AE32	build_target_list	72			00423440	wc2-insertion
src/winmain.c	00401CE0	004199F0	00402070	00454103	2	801	235				0042AF60	inherit_leader_mission	43			00423530	wc2-insertion
src/winmain.c	00401CE0	004199F0	00402070	00454103	2	801	236				0042B00A	inherit_leader	44			004235B0	wc2-insertion
src/winmain.c	00401CE0	004199F0	00402070	00454103	2	801	237				0042B0B7	dead_ship	23			00423610	wc2-insertion
src/winmain.c	00401CE0	004199F0	00402070	00454103	2	801	238				0042B0FB	gone_ship	29			00423640	wc2-insertion
src/winmain.c	00401CE0	004199F0	00402070	00454103	2	801	239				0042B15A	skill_check	27			004236B0	wc2-insertion
src/winmain.c	00401CE0	004199F0	00402070	00454103	2	801	240				0042B1AE	find_ships_sphere	64			004236F0	wc2-insertion
src/winmain.c	00401CE0	004199F0	00402070	00454103	2	801	241				0042B2A7	locate_ship	75			00423780	wc2-insertion
src/winmain.c	00401CE0	004199F0	00402070	00454103	2	801	242				0042B38F	get_follow_point	113			00423820	wc2-insertion
src/winmain.c	00401CE0	004199F0	00402070	00454103	2	801	243				0042B524	get_first_follow_point	24			00423930	wc2-insertion
src/winmain.c	00401CE0	004199F0	00402070	00454103	2	801	244				0042B565	hostile_sphere	41			00423970	wc2-insertion
src/winmain.c	00401CE0	004199F0	00402070	00454103	2	801	245				0042B5F7	abandoned	63			004239D0	wc2-insertion
src/winmain.c	00401CE0	004199F0	00402070	00454103	2	801	246				0042B6C5	engage	36			00423A50	wc2-insertion
src/winmain.c	00401CE0	004199F0	00402070	00454103	2	801	247				0042B73B	target_valid	59			00423AC0	wc2-insertion
src/winmain.c	00401CE0	004199F0	00402070	00454103	2	801	248				0042B80C	FUN_0042B80C	62				wc2-insertion
src/winmain.c	00401CE0	004199F0	00402070	00454103	2	801	249				0042B916	FUN_0042B916	38				wc2-insertion
src/winmain.c	00401CE0	004199F0	00402070	00454103	2	801	250				0042B985	evaluate_damage	88			00423C00	wc2-insertion
src/winmain.c	00401CE0	004199F0	00402070	00454103	2	801	251				0042BAC0	FillGraphicSuffix	35			00436C70	wc2-insertion
src/winmain.c	00401CE0	004199F0	00402070	00454103	2	801	252				0042BB17	ConvertChar_Int	32			00436CB0	wc2-insertion
src/winmain.c	00401CE0	004199F0	00402070	00454103	2	801	253				0042BB70	PostMission	143			0040F010	wc2-insertion
src/winmain.c	00401CE0	004199F0	00402070	00454103	2	801	254				0042BDDB	FUN_0042BDDB	16				wc2-insertion
src/winmain.c	00401CE0	004199F0	00402070	00454103	2	801	255				0042BDFE	FUN_0042BDFE	10				wc2-insertion
src/winmain.c	00401CE0	004199F0	00402070	00454103	2	801	256				0042BE09	FUN_0042BE09	23				wc2-insertion
src/winmain.c	00401CE0	004199F0	00402070	00454103	2	801	257				0042BE4B	FUN_0042BE4B	60				wc2-insertion
src/winmain.c	00401CE0	004199F0	00402070	00454103	2	801	258				0042BF0C	FUN_0042BF0C	55				wc2-insertion
src/winmain.c	00401CE0	004199F0	00402070	00454103	2	801	259				0042BFB8	FUN_0042BFB8	39				wc2-insertion
src/winmain.c	00401CE0	004199F0	00402070	00454103	2	801	260				0042C04B	FUN_0042C04B	25				wc2-insertion
src/winmain.c	00401CE0	004199F0	00402070	00454103	2	801	261				0042C0A2	FUN_0042C0A2	25				wc2-insertion
src/winmain.c	00401CE0	004199F0	00402070	00454103	2	801	262				0042C0F1	print_subtitle	155			00403920	wc2-insertion
src/winmain.c	00401CE0	004199F0	00402070	00454103	2	801	263				0042C373	FUN_0042C373	21				wc2-insertion
src/winmain.c	00401CE0	004199F0	00402070	00454103	2	801	264				0042C3A7	FUN_0042C3A7	43				wc2-insertion
src/winmain.c	00401CE0	004199F0	00402070	00454103	2	801	265				0042C43D	DisplayTrainSimHighScoreTable	100			00425C60	wc2-insertion
src/winmain.c	00401CE0	004199F0	00402070	00454103	2	801	266				0042C5A2	FUN_0042C5A2	34				wc2-insertion
src/winmain.c	00401CE0	004199F0	00402070	00454103	2	801	267				0042C607	FUN_0042C607	27				wc2-insertion
src/winmain.c	00401CE0	004199F0	00402070	00454103	2	801	268				0042C659	FUN_0042C659	27				wc2-insertion
src/winmain.c	00401CE0	004199F0	00402070	00454103	2	801	269				0042C6AC	FUN_0042C6AC	42				wc2-insertion
src/winmain.c	00401CE0	004199F0	00402070	00454103	2	801	270				0042C725	FUN_0042C725	25				wc2-insertion
src/winmain.c	00401CE0	004199F0	00402070	00454103	2	801	271				0042C75D	FUN_0042C75D	27				wc2-insertion
src/winmain.c	00401CE0	004199F0	00402070	00454103	2	801	272				0042C7BC	FUN_0042C7BC	78				wc2-insertion
src/winmain.c	00401CE0	004199F0	00402070	00454103	2	801	273				0042C8E1	FUN_0042C8E1	57				wc2-insertion
src/winmain.c	00401CE0	004199F0	00402070	00454103	2	801	274				0042C9B0	FUN_0042C9B0	39				wc2-insertion
src/winmain.c	00401CE0	004199F0	00402070	00454103	2	801	275				0042CA28	FUN_0042CA28	65				wc2-insertion
src/winmain.c	00401CE0	004199F0	00402070	00454103	2	801	276				0042CB08	FUN_0042CB08	90				wc2-insertion
src/winmain.c	00401CE0	004199F0	00402070	00454103	2	801	277				0042CC42	FUN_0042CC42	91				wc2-insertion
src/winmain.c	00401CE0	004199F0	00402070	00454103	2	801	278				0042CDB5	FUN_0042CDB5	165				wc2-insertion
src/winmain.c	00401CE0	004199F0	00402070	00454103	2	801	279				0042CFDB	FUN_0042CFDB	127				wc2-insertion
src/winmain.c	00401CE0	004199F0	00402070	00454103	2	801	280				0042D181	FUN_0042D181	56				wc2-insertion
src/winmain.c	00401CE0	004199F0	00402070	00454103	2	801	281				0042D227	FUN_0042D227	124				wc2-insertion
src/winmain.c	00401CE0	004199F0	00402070	00454103	2	801	282				0042D444	FUN_0042D444	30				wc2-insertion
src/winmain.c	00401CE0	004199F0	00402070	00454103	2	801	283				0042D4C1	FUN_0042D4C1	20				wc2-insertion
src/winmain.c	00401CE0	004199F0	00402070	00454103	2	801	284				0042D4FA	FUN_0042D4FA	29				wc2-insertion
src/winmain.c	00401CE0	004199F0	00402070	00454103	2	801	285				0042D568	ViewMedals	159			00436E30	wc2-insertion
src/winmain.c	00401CE0	004199F0	00402070	00454103	2	801	286				0042D81C	FUN_0042D81C	54				wc2-insertion
src/winmain.c	00401CE0	004199F0	00402070	00454103	2	801	287				0042D8E2	FUN_0042D8E2	57				wc2-insertion
src/winmain.c	00401CE0	004199F0	00402070	00454103	2	801	288				0042D98C	FUN_0042D98C	52				wc2-insertion
src/winmain.c	00401CE0	004199F0	00402070	00454103	2	801	289				0042DA25	FUN_0042DA25	250				wc2-insertion
src/winmain.c	00401CE0	004199F0	00402070	00454103	2	801	290				0042DD9F	FUN_0042DD9F	55				wc2-insertion
src/winmain.c	00401CE0	004199F0	00402070	00454103	2	801	291				0042DE62	FUN_0042DE62	23				wc2-insertion
src/winmain.c	00401CE0	004199F0	00402070	00454103	2	801	292				0042DE9D	FUN_0042DE9D	46				wc2-insertion
src/winmain.c	00401CE0	004199F0	00402070	00454103	2	801	293				0042DF32	FUN_0042DF32	28				wc2-insertion
src/winmain.c	00401CE0	004199F0	00402070	00454103	2	801	294				0042DF80	FUN_0042DF80	128				wc2-insertion
src/winmain.c	00401CE0	004199F0	00402070	00454103	2	801	295				0042E12A	FUN_0042E12A	172				wc2-insertion
src/winmain.c	00401CE0	004199F0	00402070	00454103	2	801	296				0042E3CF	PromptForTextInput	106			0041B420	wc2-insertion
src/winmain.c	00401CE0	004199F0	00402070	00454103	2	801	297				0042E553	FUN_0042E553	93				wc2-insertion
src/winmain.c	00401CE0	004199F0	00402070	00454103	2	801	298				0042E692	FUN_0042E692	29				wc2-insertion
src/winmain.c	00401CE0	004199F0	00402070	00454103	2	801	299				0042E6EB	FUN_0042E6EB	40				wc2-insertion
src/winmain.c	00401CE0	004199F0	00402070	00454103	2	801	300				0042E762	FUN_0042E762	66				wc2-insertion
src/winmain.c	00401CE0	004199F0	00402070	00454103	2	801	301				0042E868	DrawFuneralLongShot	219			00439220	wc2-insertion
src/winmain.c	00401CE0	004199F0	00402070	00454103	2	801	302				0042EBD0	FUN_0042EBD0	55			00426700	wc2-insertion
src/winmain.c	00401CE0	004199F0	00402070	00454103	2	801	303				0042EC7F	FUN_0042EC7F	24				wc2-insertion
src/winmain.c	00401CE0	004199F0	00402070	00454103	2	801	304				0042ECCB	UpdateMap	100			00405CC0	wc2-insertion
src/winmain.c	00401CE0	004199F0	00402070	00454103	2	801	305				0042EE4F	FUN_0042EE4F	24				wc2-insertion
src/winmain.c	00401CE0	004199F0	00402070	00454103	2	801	306				0042EE86	FUN_0042EE86	41				wc2-insertion
src/winmain.c	00401CE0	004199F0	00402070	00454103	2	801	307				0042EF12	FUN_0042EF12	105				wc2-insertion
src/winmain.c	00401CE0	004199F0	00402070	00454103	2	801	308				0042F0B3	FUN_0042F0B3	26				wc2-insertion
src/winmain.c	00401CE0	004199F0	00402070	00454103	2	801	309				0042F100	FUN_0042F100	22				wc2-insertion
src/winmain.c	00401CE0	004199F0	00402070	00454103	2	801	310				0042F135	FUN_0042F135	37				wc2-insertion
src/winmain.c	00401CE0	004199F0	00402070	00454103	2	801	311				0042F19A	FUN_0042F19A	37				wc2-insertion
src/winmain.c	00401CE0	004199F0	00402070	00454103	2	801	312				0042F1FD	FUN_0042F1FD	3599				wc2-insertion
src/winmain.c	00401CE0	004199F0	00402070	00454103	2	801	313				00432DCC	FUN_00432DCC	31				wc2-insertion
src/winmain.c	00401CE0	004199F0	00402070	00454103	2	801	314				00432E23	RewriteDiskFileGraphicsExtensions	34			0042C510	wc2-insertion
src/winmain.c	00401CE0	004199F0	00402070	00454103	2	801	315				00432E83	FUN_00432E83	34				wc2-insertion
src/winmain.c	00401CE0	004199F0	00402070	00454103	2	801	316				00432EE4	FUN_00432EE4	28				wc2-insertion
src/winmain.c	00401CE0	004199F0	00402070	00454103	2	801	317				00432F2A	FUN_00432F2A	205				wc2-insertion
src/winmain.c	00401CE0	004199F0	00402070	00454103	2	801	318				00433269	FUN_00433269	52				wc2-insertion
src/winmain.c	00401CE0	004199F0	00402070	00454103	2	801	319				00433328	FUN_00433328	59				wc2-insertion
src/winmain.c	00401CE0	004199F0	00402070	00454103	2	801	320				004333F8	SceneEnterHook	13			00425AF0	wc2-insertion
src/winmain.c	00401CE0	004199F0	00402070	00454103	2	801	321				00433410	PanToScreen	201			00439430	wc2-insertion
src/winmain.c	00401CE0	004199F0	00402070	00454103	2	801	322				00433690	FUN_00433690	63				wc2-insertion
src/winmain.c	00401CE0	004199F0	00402070	00454103	2	801	323				0043374E	FUN_0043374E	17				wc2-insertion
src/winmain.c	00401CE0	004199F0	00402070	00454103	2	801	324				00433777	FUN_00433777	181				wc2-insertion
src/winmain.c	00401CE0	004199F0	00402070	00454103	2	801	325				00433A14	FUN_00433A14	37				wc2-insertion
src/winmain.c	00401CE0	004199F0	00402070	00454103	2	801	326				00433A75	FUN_00433A75	26				wc2-insertion
src/winmain.c	00401CE0	004199F0	00402070	00454103	2	801	327				00433AB0	FUN_00433AB0	12				wc2-insertion
src/winmain.c	00401CE0	004199F0	00402070	00454103	2	801	328				00433AD0	FUN_00433AD0	92				wc2-insertion
src/winmain.c	00401CE0	004199F0	00402070	00454103	2	801	329				00433C84	FUN_00433C84	136				wc2-insertion
src/winmain.c	00401CE0	004199F0	00402070	00454103	2	801	330				00433E8C	FUN_00433E8C	25				wc2-insertion
src/winmain.c	00401CE0	004199F0	00402070	00454103	2	801	331				00433ED7	GetBunkInfo	60			0041BB20	wc2-insertion
src/winmain.c	00401CE0	004199F0	00402070	00454103	2	801	332				00433F94	Dismissed	57			00437B80	wc2-insertion
src/winmain.c	00401CE0	004199F0	00402070	00454103	2	801	333				00434043	get_pilot_talk	98			0040C1C0	wc2-insertion
src/winmain.c	00401CE0	004199F0	00402070	00454103	2	801	334				00434177	DrawMedalLongShot	93			00437250	wc2-insertion
src/winmain.c	00401CE0	004199F0	00402070	00454103	2	801	335				004342E8	OpenDiskDataFile	170			0041D6C0	wc2-insertion
src/winmain.c	00401CE0	004199F0	00402070	00454103	2	801	336				0043456E	FUN_0043456E	24				wc2-insertion
src/winmain.c	00401CE0	004199F0	00402070	00454103	2	801	337				004345A1	EraseLastTextInputCharacter	94			0041DDF0	wc2-insertion
src/winmain.c	00401CE0	004199F0	00402070	00454103	2	801	338				004346E9	WarnLoadGameFirst	69			0041B550	wc2-insertion
src/winmain.c	00401CE0	004199F0	00402070	00454103	2	801	339				004347D6	FUN_004347D6	69			00426660	wc2-insertion
src/winmain.c	00401CE0	004199F0	00402070	00454103	2	801	340				004348C3	FUN_004348C3	148			00426600	wc2-insertion
src/winmain.c	00401CE0	004199F0	00402070	00454103	2	801	341				00434ACE	FUN_00434ACE	64				wc2-insertion
src/winmain.c	00401CE0	004199F0	00402070	00454103	2	801	342				00434BB5	FUN_00434BB5	178				wc2-insertion
src/winmain.c	00401CE0	004199F0	00402070	00454103	2	801	343				00434EBC	DrawArcadeScorePanel	64			00429E90	wc2-insertion
src/winmain.c	00401CE0	004199F0	00402070	00454103	2	801	344				00434F7D	ConfirmQuitWingCommander	64			0041BF10	wc2-insertion
src/winmain.c	00401CE0	004199F0	00402070	00454103	2	801	345				00435064	FUN_00435064	207				wc2-insertion
src/winmain.c	00401CE0	004199F0	00402070	00454103	2	801	346				004353D4	FUN_004353D4	991			00426C70	wc2-insertion
src/winmain.c	00401CE0	004199F0	00402070	00454103	2	801	347				0043641C	ConfirmReplaceFaultyData	182			0041BFE0	wc2-insertion
src/winmain.c	00401CE0	004199F0	00402070	00454103	2	801	348				00436722	ConfirmAwakenAfterBadData	182			0041BF60	wc2-insertion
src/winmain.c	00401CE0	004199F0	00402070	00454103	2	801	349				00436A4D	FUN_00436A4D	23				wc2-insertion
src/winmain.c	00401CE0	004199F0	00402070	00454103	2	801	350				00436A8F	FUN_00436A8F	789				wc2-insertion
src/winmain.c	00401CE0	004199F0	00402070	00454103	2	801	351				00437760	SplitGameClockTicks	52			00403C40	wc2-insertion
src/winmain.c	00401CE0	004199F0	00402070	00454103	2	801	352				004377F0	MonoDebug_install	69			00403C90	wc2-insertion
src/winmain.c	00401CE0	004199F0	00402070	00454103	2	801	353				004378D9	MonoDebug_remove	16			00403D60	wc2-insertion
src/winmain.c	00401CE0	004199F0	00402070	00454103	2	801	354				00437907	FUN_00437907	25				wc2-insertion
src/winmain.c	00401CE0	004199F0	00402070	00454103	2	801	355				00437946	SoundDebugPrintf	24			00403DB0	wc2-insertion
src/winmain.c	00401CE0	004199F0	00402070	00454103	2	801	356				00437983	MonoDebug_print	29			00403DE0	wc2-insertion
src/winmain.c	00401CE0	004199F0	00402070	00454103	2	801	357				004379D4	ReadPerformanceCounter	13			00403E30	wc2-insertion
src/winmain.c	00401CE0	004199F0	00402070	00454103	2	801	358				004379F0	FUN_004379F0	24				wc2-insertion
src/winmain.c	00401CE0	004199F0	00402070	00454103	2	801	359				00437A44	FUN_00437A44	37				wc2-insertion
src/winmain.c	00401CE0	004199F0	00402070	00454103	2	801	360				00437AB4	exit_squadron	21			00427370	wc2-insertion
src/winmain.c	00401CE0	004199F0	00402070	00454103	2	801	361				00437AEC	ShowMemoryStatusDebug	103			004273C0	wc2-insertion
src/winmain.c	00401CE0	004199F0	00402070	00454103	2	801	362				00437C2E	ShowModalMessage	38			00428F20	wc2-insertion
src/winmain.c	00401CE0	004199F0	00402070	00454103	2	801	363				00437C96	ReportOutOfMemoryAndExit	18			00428F80	wc2-insertion
src/winmain.c	00401CE0	004199F0	00402070	00454103	2	801	364				00437CBF	InitializeConversationViewport	42			00427B20	wc2-insertion
src/winmain.c	00401CE0	004199F0	00402070	00454103	2	801	365				00437D68	ResetScreenClipToFullHeight	15			00427BA0	wc2-insertion
src/winmain.c	00401CE0	004199F0	00402070	00454103	2	801	366				00437D92	InitializeConversationText	29			00427BC0	wc2-insertion
src/winmain.c	00401CE0	004199F0	00402070	00454103	2	801	367				00437DFA	ShowOnScreenMessage	86			00428FA0	wc2-insertion
src/winmain.c	00401CE0	004199F0	00402070	00454103	2	801	368				00437F2F	ShowGamePausedBanner	24			004290A0	wc2-insertion
src/winmain.c	00401CE0	004199F0	00402070	00454103	2	801	369				00437F77	ShowVersionBanner	16			004290D0	wc2-insertion
src/winmain.c	00401CE0	004199F0	00402070	00454103	2	801	370				00437F9A	SetMessageDisplaySpeed	23			004290F0	wc2-insertion
src/winmain.c	00401CE0	004199F0	00402070	00454103	2	801	371				00437FD3	ReportFramesSkipped	29			00429120	wc2-insertion
src/winmain.c	00401CE0	004199F0	00402070	00454103	2	801	372				00438020	FUN_00438020	32				wc2-insertion
src/winmain.c	00401CE0	004199F0	00402070	00454103	2	801	373				00438080	FUN_00438080	16				wc2-insertion
src/winmain.c	00401CE0	004199F0	00402070	00454103	2	801	374				004380B0	FatalErrorAndExit	26			00413CE0	wc2-insertion
src/winmain.c	00401CE0	004199F0	00402070	00454103	2	801	375				004380FD	IsCockpitExplosionActive	17			00413D20	wc2-insertion
src/winmain.c	00401CE0	004199F0	00402070	00454103	2	801	376				00438129	EraseCockpitReadoutRegion	37			00413D40	wc2-insertion
src/winmain.c	00401CE0	004199F0	00402070	00454103	2	801	377				00438194	vdu_polygon	189			00413DA0	wc2-insertion
src/winmain.c	00401CE0	004199F0	00402070	00454103	2	801	378				00438454	InitializeCockpitReadout	27			00413F70	wc2-insertion
src/winmain.c	00401CE0	004199F0	00402070	00454103	2	801	379				004384AD	DrawCockpitReadout	73			00413FB0	wc2-insertion
src/winmain.c	00401CE0	004199F0	00402070	00454103	2	801	380				004385B3	DrawHudMessageSlot	105			004140A0	wc2-insertion
src/winmain.c	00401CE0	004199F0	00402070	00454103	2	801	381				00438711	ClearHudMessageSlot	43			00414180	wc2-insertion
src/winmain.c	00401CE0	004199F0	00402070	00454103	2	801	382				004387A7	ClearHudMessageIfMatching	18			004141B0	wc2-insertion
src/winmain.c	00401CE0	004199F0	00402070	00454103	2	801	383				004387CD	ClearHudGunReadouts	14			004141D0	wc2-insertion
src/winmain.c	00401CE0	004199F0	00402070	00454103	2	801	384				004387FA	SetHudMessageSlot	38			004141F0	wc2-insertion
src/winmain.c	00401CE0	004199F0	00402070	00454103	2	801	385				00438864	UpdateMessage	30			00414240	wc2-insertion
src/winmain.c	00401CE0	004199F0	00402070	00454103	2	801	386				004388B6	set_global_message	27			00414270	wc2-insertion
src/winmain.c	00401CE0	004199F0	00402070	00454103	2	801	387				004388F5	CockpitMessage	21			004142B0	wc2-insertion
src/winmain.c	00401CE0	004199F0	00402070	00454103	2	801	388				00438923	FUN_00438923	15				wc2-insertion
src/winmain.c	00401CE0	004199F0	00402070	00454103	2	801	389				0043893F	remove_message	17			004142E0	wc2-insertion
src/winmain.c	00401CE0	004199F0	00402070	00454103	2	801	390				0043895F	kilrathi_near	45			00414300	wc2-insertion
src/winmain.c	00401CE0	004199F0	00402070	00454103	2	801	391				004389FE	IsMissionObjectiveOutOfSystem	56				wc2-insertion
src/winmain.c	00401CE0	004199F0	00402070	00454103	2	801	392				00438ADD	auto_pilot_valid	129			00414380	wc2-insertion
src/winmain.c	00401CE0	004199F0	00402070	00454103	2	801	393				00438CEB	reset_cockpit	22			00414410	wc2-insertion
src/winmain.c	00401CE0	004199F0	00402070	00454103	2	801	394				00438D30	SetCockpitLightBlink	36			00414440	wc2-insertion
src/winmain.c	00401CE0	004199F0	00402070	00454103	2	801	395				00438DAD	draw_cockpit_lights	108			00414490	wc2-insertion
src/winmain.c	00401CE0	004199F0	00402070	00454103	2	801	396				00438F62	update_lights	77			004145B0	wc2-insertion
src/winmain.c	00401CE0	004199F0	00402070	00454103	2	801	397				00439076	update_bars	151			00414690	wc2-insertion
src/winmain.c	00401CE0	004199F0	00402070	00454103	2	801	398				00439264	get_mode	16			004147E0	wc2-insertion
src/winmain.c	00401CE0	004199F0	00402070	00454103	2	801	399				0043928E	set_mode	33			00414800	wc2-insertion
src/winmain.c	00401CE0	004199F0	00402070	00454103	2	801	400				004392F1	SetVduModeIfChanged	32			00414850	wc2-insertion
src/winmain.c	00401CE0	004199F0	00402070	00454103	2	801	401				0043934D	GetVduModeStackDepth	13			00414890	wc2-insertion
src/winmain.c	00401CE0	004199F0	00402070	00454103	2	801	402				00439369	push_mode	26			004148A0	wc2-insertion
src/winmain.c	00401CE0	004199F0	00402070	00454103	2	801	403				004393B3	pop_mode	20			004148E0	wc2-insertion
src/winmain.c	00401CE0	004199F0	00402070	00454103	2	801	404				004393E1	set_new_vdu	56			00414910	wc2-insertion
src/winmain.c	00401CE0	004199F0	00402070	00454103	2	801	405				004394A0	update_vid_disp	31			00414980	wc2-insertion
src/winmain.c	00401CE0	004199F0	00402070	00454103	2	801	406				00439500	InvalidateVduMode	12			004149C0	wc2-insertion
src/winmain.c	00401CE0	004199F0	00402070	00454103	2	801	407				0043951A	clear_message_time	11			004149E0	wc2-insertion
src/winmain.c	00401CE0	004199F0	00402070	00454103	2	801	408				0043952E	message_showing	17			004149F0	wc2-insertion
src/winmain.c	00401CE0	004199F0	00402070	00454103	2	801	409				00439559	set_message_time	16			00414A10	wc2-insertion
src/winmain.c	00401CE0	004199F0	00402070	00454103	2	801	410				00439588	check_message	69			00414A20	wc2-insertion
src/winmain.c	00401CE0	004199F0	00402070	00454103	2	801	411				004396BF	update_digital_readouts	50			00414A50	wc2-insertion
src/winmain.c	00401CE0	004199F0	00402070	00454103	2	801	412				00439753	malf_sound	25			00414AE0	wc2-insertion
src/winmain.c	00401CE0	004199F0	00402070	00454103	2	801	413				00439789	malf	26			00414AF0	wc2-insertion
src/winmain.c	00401CE0	004199F0	00402070	00454103	2	801	414				004397D5	vdu_malf	39			00414B20	wc2-insertion
src/winmain.c	00401CE0	004199F0	00402070	00454103	2	801	415				0043984F	ShowComponentHitHudMessage	40			00414B70	wc2-insertion
src/winmain.c	00401CE0	004199F0	00402070	00454103	2	801	416				004398CB	damage_your_component	75			00414BF0	wc2-insertion
src/winmain.c	00401CE0	004199F0	00402070	00454103	2	801	417				004399C6	RemovePlayerReleaseWeapon	36			00414CB0	wc2-insertion
src/winmain.c	00401CE0	004199F0	00402070	00454103	2	801	418				00439A5A	fire_computer_graphic_missile	87			00414D50	wc2-insertion
src/winmain.c	00401CE0	004199F0	00402070	00454103	2	801	419				00439BB7	show_weapon_disp	239			00414EA0	wc2-insertion
src/winmain.c	00401CE0	004199F0	00402070	00454103	2	801	420				00439F5F	update_status_text	166			00415040	wc2-insertion
src/winmain.c	00401CE0	004199F0	00402070	00454103	2	801	421				0043A1EB	sighted	19			00415050	wc2-insertion
src/winmain.c	00401CE0	004199F0	00402070	00454103	2	801	422				0043A21E	visited	19			00415070	wc2-insertion
src/winmain.c	00401CE0	004199F0	00402070	00454103	2	801	423				0043A251	achieved	25			00415090	wc2-insertion
src/winmain.c	00401CE0	004199F0	00402070	00454103	2	801	424				0043A29E	flag_objective	19			004150B0	wc2-insertion
src/winmain.c	00401CE0	004199F0	00402070	00454103	2	801	425				0043A2CD	DrawCalculatingLabel	49			004150D0	wc2-insertion
src/winmain.c	00401CE0	004199F0	00402070	00454103	2	801	426				0043A374	objective_name	39			00415130	wc2-insertion
src/winmain.c	00401CE0	004199F0	00402070	00454103	2	801	427				0043A3F8	show_navigation_disp	38			00415180	wc2-insertion
src/winmain.c	00401CE0	004199F0	00402070	00454103	2	801	428				0043A474	hidden_objective	184			004151F0	wc2-insertion
src/winmain.c	00401CE0	004199F0	00402070	00454103	2	801	429				0043A75E	set_new_objective	60			004152C0	wc2-insertion
src/winmain.c	00401CE0	004199F0	00402070	00454103	2	801	430				0043A851	cycle_next_objective	42			00415370	wc2-insertion
src/winmain.c	00401CE0	004199F0	00402070	00454103	2	801	431				0043A8EA	set_next_destination	60			004153D0	wc2-insertion
src/winmain.c	00401CE0	004199F0	00402070	00454103	2	801	432				0043A9D7	LocateMobileObjective	36			00415470	wc2-insertion
src/winmain.c	00401CE0	004199F0	00402070	00454103	2	801	433				0043AA3F	is_any_ship_returning_to_current_nav_point	35			004154C0	wc2-insertion
src/winmain.c	00401CE0	004199F0	00402070	00454103	2	801	434				0043AAC3	escorting_a_ship	21			00415510	wc2-insertion
src/winmain.c	00401CE0	004199F0	00402070	00454103	2	801	435				0043AAFF	flag_reached	153			00415530	wc2-insertion
src/winmain.c	00401CE0	004199F0	00402070	00454103	2	801	436				0043AD61	check_sighting	32			004156D0	wc2-insertion
src/winmain.c	00401CE0	004199F0	00402070	00454103	2	801	437				0043ADC4	check_visit	33			00415720	wc2-insertion
src/winmain.c	00401CE0	004199F0	00402070	00454103	2	801	438				0043AE2F	update_objective_location	124			00415770	wc2-insertion
src/winmain.c	00401CE0	004199F0	00402070	00454103	2	801	439				0043AFD3	objective_lost	49			00415850	wc2-insertion
src/winmain.c	00401CE0	004199F0	00402070	00454103	2	801	440				0043B089	check_objectives	30			004158A0	wc2-insertion
src/winmain.c	00401CE0	004199F0	00402070	00454103	2	801	441				0043B0EB	rotational_pos_to_scanner_pos	78			004158F0	wc2-insertion
src/winmain.c	00401CE0	004199F0	00402070	00454103	2	801	442				0043B1F0	mobile_objective	32			00415A30	wc2-insertion
src/winmain.c	00401CE0	004199F0	00402070	00454103	2	801	443				0043B258	ResetScannerContacts	21			00415A70	wc2-insertion
src/winmain.c	00401CE0	004199F0	00402070	00454103	2	801	444				0043B29D	clear_head_up_display	129			00415A90	wc2-insertion
src/winmain.c	00401CE0	004199F0	00402070	00454103	2	801	445				0043B4CF	set_objective_range	57			00415B70	wc2-insertion
src/winmain.c	00401CE0	004199F0	00402070	00454103	2	801	446				0043B570	FUN_0043B570	50				wc2-insertion
src/winmain.c	00401CE0	004199F0	00402070	00454103	2	801	447				0043B61F	get_color	95			00415C00	wc2-insertion
src/winmain.c	00401CE0	004199F0	00402070	00454103	2	801	448				0043B7C0	draw_3d_scanner	414			00415CE0	wc2-insertion
src/winmain.c	00401CE0	004199F0	00402070	00454103	2	801	449				0043BE1B	start_lock	18			00415FC0	wc2-insertion
src/winmain.c	00401CE0	004199F0	00402070	00454103	2	801	450				0043BE55	starting_lock	21			00415FF0	wc2-insertion
src/winmain.c	00401CE0	004199F0	00402070	00454103	2	801	451				0043BE8D	lock_off	29			00416010	wc2-insertion
src/winmain.c	00401CE0	004199F0	00402070	00454103	2	801	452				0043BEFF	CheckTargetLockMalfunction	35			00416040	wc2-insertion
src/winmain.c	00401CE0	004199F0	00402070	00454103	2	801	453				0043BF67	decrement_lock_time	60			00416090	wc2-insertion
src/winmain.c	00401CE0	004199F0	00402070	00454103	2	801	454				0043C048	target_locking	169			00416120	wc2-insertion
src/winmain.c	00401CE0	004199F0	00402070	00454103	2	801	455				0043C30D	SetRectBounds	22			00416220	wc2-insertion
src/winmain.c	00401CE0	004199F0	00402070	00454103	2	801	456				0043C344	GetRectHeight	16			00416250	wc2-insertion
src/winmain.c	00401CE0	004199F0	00402070	00454103	2	801	457				0043C364	print_message_text	153			00416260	wc2-insertion
src/winmain.c	00401CE0	004199F0	00402070	00454103	2	801	458				0043C570	ShowHudTextLine	24			00416460	wc2-insertion
src/winmain.c	00401CE0	004199F0	00402070	00454103	2	801	459				0043C5B0	RestoreHudMessageBackground	27				wc2-insertion
src/winmain.c	00401CE0	004199F0	00402070	00454103	2	801	460				0043C601	SetHudTextColour	25			00416480	wc2-insertion
src/winmain.c	00401CE0	004199F0	00402070	00454103	2	801	461				0043C64D	ClearHudMessageDisplay	37				wc2-insertion
src/winmain.c	00401CE0	004199F0	00402070	00454103	2	801	462				0043C6D8	draw_target_box	368			004164B0	wc2-insertion
src/winmain.c	00401CE0	004199F0	00402070	00454103	2	801	463				0043CBD3	remove_nav_pointer	17			004168A0	wc2-insertion
src/winmain.c	00401CE0	004199F0	00402070	00454103	2	801	464				0043CBFD	draw_nav_pointer	160			004168C0	wc2-insertion
src/winmain.c	00401CE0	004199F0	00402070	00454103	2	801	465				0043CE8F	sort_viable_target_list	52			0041E860	wc2-insertion
src/winmain.c	00401CE0	004199F0	00402070	00454103	2	801	466				0043CF5A	FUN_0043CF5A	258				wc2-insertion
src/winmain.c	00401CE0	004199F0	00402070	00454103	2	801	467				0043D323	FUN_0043D323	30				wc2-insertion
src/winmain.c	00401CE0	004199F0	00402070	00454103	2	801	468				0043D386	overlay_head_up_display	269			00416AC0	wc2-insertion
src/winmain.c	00401CE0	004199F0	00402070	00454103	2	801	469				0043D7F2	RestoreCockpitExplosionIfVisible	17			00416C90	wc2-insertion
src/winmain.c	00401CE0	004199F0	00402070	00454103	2	801	470				0043D81F	RestoreTransientCockpitGraphics	86			00416CB0	wc2-insertion
src/winmain.c	00401CE0	004199F0	00402070	00454103	2	801	471				0043D956	SetHudMessageText	28			00416DE0	wc2-insertion
src/winmain.c	00401CE0	004199F0	00402070	00454103	2	801	472				0043D9AB	FUN_0043D9AB	20				wc2-insertion
src/winmain.c	00401CE0	004199F0	00402070	00454103	2	801	473				0043D9DA	malf_noise	46			00416E20	wc2-insertion
src/winmain.c	00401CE0	004199F0	00402070	00454103	2	801	474				0043DA68	build_your_target_list	164			00416E90	wc2-insertion
src/winmain.c	00401CE0	004199F0	00402070	00454103	2	801	475				0043DD1B	cycle_onscreen_targets	56			00416F30	wc2-insertion
src/winmain.c	00401CE0	004199F0	00402070	00454103	2	801	476				0043DDFC	check_target	162			00416FD0	wc2-insertion
src/winmain.c	00401CE0	004199F0	00402070	00454103	2	801	477				0043E101	FUN_0043E101	52				wc2-insertion
src/winmain.c	00401CE0	004199F0	00402070	00454103	2	801	478				0043E1B2	update_missile_warning	60			00417190	wc2-insertion
src/winmain.c	00401CE0	004199F0	00402070	00454103	2	801	479				0043E297	determine_pilot_hand	67			004171D0	wc2-insertion
src/winmain.c	00401CE0	004199F0	00402070	00454103	2	801	480				0043E371	DrawPilotHandFrame	56			00417260	wc2-insertion
src/winmain.c	00401CE0	004199F0	00402070	00454103	2	801	481				0043E43A	animate_pilot	18			004173C0	wc2-insertion
src/winmain.c	00401CE0	004199F0	00402070	00454103	2	801	482				0043E472	ResetPilotHandAnimation	18			004173F0	wc2-insertion
src/winmain.c	00401CE0	004199F0	00402070	00454103	2	801	483				0043E4A8	send_message	69			00417420	wc2-insertion
src/winmain.c	00401CE0	004199F0	00402070	00454103	2	801	484				0043E5DA	npc_communication	153			004174F0	wc2-insertion
src/winmain.c	00401CE0	004199F0	00402070	00454103	2	801	485				0043E870	clear_cockpit_damage	22			00417610	wc2-insertion
src/winmain.c	00401CE0	004199F0	00402070	00454103	2	801	486				0043E8B2	explosion_draw	77			00417630	wc2-insertion
src/winmain.c	00401CE0	004199F0	00402070	00454103	2	801	487				0043E9E2	DrawPendingCockpitDamage	63			004176C0	wc2-insertion
src/winmain.c	00401CE0	004199F0	00402070	00454103	2	801	488				0043EAE3	RestoreCockpitExplosionBackground	31			00417760	wc2-insertion
src/winmain.c	00401CE0	004199F0	00402070	00454103	2	801	489				0043EB46	cockpit_explosion	69			004177B0	wc2-insertion
src/winmain.c	00401CE0	004199F0	00402070	00454103	2	801	490				0043EC50	place_damage_on_cockpit	34			004178A0	wc2-insertion
src/winmain.c	00401CE0	004199F0	00402070	00454103	2	801	491				0043ECD9	vid_transmit	210			00417910	wc2-insertion
src/winmain.c	00401CE0	004199F0	00402070	00454103	2	801	492				0043F042	vid_equiv	30			00417AC0	wc2-insertion
src/winmain.c	00401CE0	004199F0	00402070	00454103	2	801	493				0043F09D	update_dead_disp	19			00417B10	wc2-insertion
src/winmain.c	00401CE0	004199F0	00402070	00454103	2	801	494				0043F0C3	check_stranded	24			00417B30	wc2-insertion
src/winmain.c	00401CE0	004199F0	00402070	00454103	2	801	495				0043F110	CopyTrainSimPilotViewToVdus	117			00417320	wc2-insertion
src/winmain.c	00401CE0	004199F0	00402070	00454103	2	801	496				0043F2F5	update_VDUs	212			00417B70	wc2-insertion
src/winmain.c	00401CE0	004199F0	00402070	00454103	2	801	497				0043F6C9	update_cockpit	77			00417E70	wc2-insertion
src/winmain.c	00401CE0	004199F0	00402070	00454103	2	801	498				0043F81B	IsCockpitWeaponShapeLoaded	17				wc2-insertion
src/winmain.c	00401CE0	004199F0	00402070	00454103	2	801	499				0043F849	PlayCockpitSelectionSfx	15			00417F00	wc2-insertion
src/winmain.c	00401CE0	004199F0	00402070	00454103	2	801	500				0043F862	vdu_pop_all	36			00417F10	wc2-insertion
src/winmain.c	00401CE0	004199F0	00402070	00454103	2	801	501				0043F8CD	SelectCockpitVduMode	116			00417F60	wc2-insertion
src/winmain.c	00401CE0	004199F0	00402070	00454103	2	801	502				0043FAC0	show_target_disp	292			0042DB90	wc2-insertion
src/winmain.c	00401CE0	004199F0	00402070	00454103	2	801	503				0043FF40	DrawTargetRangeReadout	144			0042DEA0	wc2-insertion
src/winmain.c	00401CE0	004199F0	00402070	00454103	2	801	504				004401C0	LoadMissionData	238			004059B0	wc2-insertion
src/winmain.c	00401CE0	004199F0	00402070	00454103	2	801	505				00440490	HandleUnsupportedManeuver	24				wc2-insertion
src/winmain.c	00401CE0	004199F0	00402070	00454103	2	801	506				004404CC	FUN_004404CC	34				wc2-insertion
src/winmain.c	00401CE0	004199F0	00402070	00454103	2	801	507				00440549	ResetShipWeaponFireState	14				wc2-insertion
src/winmain.c	00401CE0	004199F0	00402070	00454103	2	801	508				00440571	chase_speed	46			00434C70	wc2-insertion
src/winmain.c	00401CE0	004199F0	00402070	00454103	2	801	509				00440606	SetShipAiScratchWord	12			004060A0	wc2-insertion
src/winmain.c	00401CE0	004199F0	00402070	00454103	2	801	510				0044061B	maneuver_complete	20			004060B0	wc2-insertion
src/winmain.c	00401CE0	004199F0	00402070	00454103	2	801	511				00440642	Mline_up_drop	39			004060D0	wc2-insertion
src/winmain.c	00401CE0	004199F0	00402070	00454103	2	801	512				004406BA	Mwabble	69			00406130	wc2-insertion
src/winmain.c	00401CE0	004199F0	00402070	00454103	2	801	513				004407B0	advance	16			004061E0	wc2-insertion
src/winmain.c	00401CE0	004199F0	00402070	00454103	2	801	514				004407DA	ShipAiState35	17			00406200	wc2-insertion
src/winmain.c	00401CE0	004199F0	00402070	00454103	2	801	515				004407F7	Mfull_ahead	17			00406310	wc2-insertion
src/winmain.c	00401CE0	004199F0	00402070	00454103	2	801	516				00440814	Mchill	17			00406350	wc2-insertion
src/winmain.c	00401CE0	004199F0	00402070	00454103	2	801	517				00440831	Mdrop_a_mine	17			004063B0	wc2-insertion
src/winmain.c	00401CE0	004199F0	00402070	00454103	2	801	518				0044084E	Mthink	17			00406400	wc2-insertion
src/winmain.c	00401CE0	004199F0	00402070	00454103	2	801	519				0044086B	Mtight_loop	71			00406440	wc2-insertion
src/winmain.c	00401CE0	004199F0	00402070	00454103	2	801	520				00440967	Mhard_break	72			004064F0	wc2-insertion
src/winmain.c	00401CE0	004199F0	00402070	00454103	2	801	521				00440A93	Msit_n_spin	163			004065A0	wc2-insertion
src/winmain.c	00401CE0	004199F0	00402070	00454103	2	801	522				00440D0B	Mturn_n_spin	83			004067A0	wc2-insertion
src/winmain.c	00401CE0	004199F0	00402070	00454103	2	801	523				00440E46	Mburnout	58			00406860	wc2-insertion
src/winmain.c	00401CE0	004199F0	00402070	00454103	2	801	524				00440F01	Mkickit	37			004068D0	wc2-insertion
src/winmain.c	00401CE0	004199F0	00402070	00454103	2	801	525				00440F76	Mturn_n_kick	91			00406910	wc2-insertion
src/winmain.c	00401CE0	004199F0	00402070	00454103	2	801	526				004410C0	Mroll_over	41			00406990	wc2-insertion
src/winmain.c	00401CE0	004199F0	00402070	00454103	2	801	527				00441146	Mhard_turn	48			004069F0	wc2-insertion
src/winmain.c	00401CE0	004199F0	00402070	00454103	2	801	528				004411E1	Mfish_hook	110			00406A50	wc2-insertion
src/winmain.c	00401CE0	004199F0	00402070	00454103	2	801	529				00441379	Mtry2tail	73			00406B60	wc2-insertion
src/winmain.c	00401CE0	004199F0	00402070	00454103	2	801	530				0044145A	Msplit_left	57			00406BD0	wc2-insertion
src/winmain.c	00401CE0	004199F0	00402070	00454103	2	801	531				0044151B	Msplit_right	57			00406C20	wc2-insertion
src/winmain.c	00401CE0	004199F0	00402070	00454103	2	801	532				004415DC	Mgloat	66			00406C70	wc2-insertion
src/winmain.c	00401CE0	004199F0	00402070	00454103	2	801	533				004416D5	Mtail_fire	40			00406D20	wc2-insertion
src/winmain.c	00401CE0	004199F0	00402070	00454103	2	801	534				00441742	Mzip_past	76			00406D80	wc2-insertion
src/winmain.c	00401CE0	004199F0	00402070	00454103	2	801	535				00441837	FUN_00441837	32				wc2-insertion
src/winmain.c	00401CE0	004199F0	00402070	00454103	2	801	536				00441895	FUN_00441895	17				wc2-insertion
src/winmain.c	00401CE0	004199F0	00402070	00454103	2	801	537				004418B2	FUN_004418B2	68				wc2-insertion
src/winmain.c	00401CE0	004199F0	00402070	00454103	2	801	538				0044199B	Mram_missile	41			00406EC0	wc2-insertion
src/winmain.c	00401CE0	004199F0	00402070	00454103	2	801	539				00441A13	Mbuzz_debris	70			00406F20	wc2-insertion
src/winmain.c	00401CE0	004199F0	00402070	00454103	2	801	540				00441AFC	Mstrafe_enemy	58			00406FB0	wc2-insertion
src/winmain.c	00401CE0	004199F0	00402070	00454103	2	801	541				00441BC1	Mbest_strafe	26			00407030	wc2-insertion
src/winmain.c	00401CE0	004199F0	00402070	00454103	2	801	542				00441C01	Mtarget_missile	76			00406E10	wc2-insertion
src/winmain.c	00401CE0	004199F0	00402070	00454103	2	801	543				00441D00	Msit_n_fire	41			00407060	wc2-insertion
src/winmain.c	00401CE0	004199F0	00402070	00454103	2	801	544				00441D71	Mstrafe_n_roll	23			004070D0	wc2-insertion
src/winmain.c	00401CE0	004199F0	00402070	00454103	2	801	545				00441DB3	Mkill_missile	74			00407100	wc2-insertion
src/winmain.c	00401CE0	004199F0	00402070	00454103	2	801	546				00441E9C	Msuicide_run	21			004071B0	wc2-insertion
src/winmain.c	00401CE0	004199F0	00402070	00454103	2	801	547				00441EC8	Mget_distance	60			004071E0	wc2-insertion
src/winmain.c	00401CE0	004199F0	00402070	00454103	2	801	548				00441F86	general_zig	93			00407270	wc2-insertion
src/winmain.c	00401CE0	004199F0	00402070	00454103	2	801	549				0044210C	Mzig_zag	17			00407350	wc2-insertion
src/winmain.c	00401CE0	004199F0	00402070	00454103	2	801	550				00442129	Mzig_zag_pitch	17			00407370	wc2-insertion
src/winmain.c	00401CE0	004199F0	00402070	00454103	2	801	551				00442146	Mcorkscrew	67			00407390	wc2-insertion
src/winmain.c	00401CE0	004199F0	00402070	00454103	2	801	552				00442252	Mveer_away	117			00407450	wc2-insertion
src/winmain.c	00401CE0	004199F0	00402070	00454103	2	801	553				004423E2	ShipAiState44	16			00407560	wc2-insertion
src/winmain.c	00401CE0	004199F0	00402070	00454103	2	801	554				00442404	Mtarget_laser	17			00407580	wc2-insertion
src/winmain.c	00401CE0	004199F0	00402070	00454103	2	801	555				00442421	Mrout_me	14			004075A0	wc2-insertion
src/winmain.c	00401CE0	004199F0	00402070	00454103	2	801	556				00442438	FUN_00442438	17				wc2-insertion
src/winmain.c	00401CE0	004199F0	00402070	00454103	2	801	557				00442455	FUN_00442455	40				wc2-insertion
src/winmain.c	00401CE0	004199F0	00402070	00454103	2	801	558				004424C2	Mnone	10			004075B0	wc2-insertion
src/winmain.c	00401CE0	004199F0	00402070	00454103	2	801	559				004424CD	Mreset	14			004075C0	wc2-insertion
src/winmain.c	00401CE0	004199F0	00402070	00454103	2	801	560				004424E4	perform_maneuver	164			004075D0	wc2-insertion
src/winmain.c	00401CE0	004199F0	00402070	00454103	2	801	561				00442770	cruise_home	155			00409760	wc2-insertion
src/winmain.c	00401CE0	004199F0	00402070	00454103	2	801	562				004429A7	FUN_004429A7	15				wc2-insertion
src/winmain.c	00401CE0	004199F0	00402070	00454103	2	801	563				004429C0	FUN_004429C0	124				wc2-insertion
src/winmain.c	00401CE0	004199F0	00402070	00454103	2	801	564				00442B78	run_away	99			004099C0	wc2-insertion
src/winmain.c	00401CE0	004199F0	00402070	00454103	2	801	565				00442CC3	check_engage_target	45			00409AC0	wc2-insertion
src/winmain.c	00401CE0	004199F0	00402070	00454103	2	801	566				00442D58	check_destroy_target	113			00409B10	wc2-insertion
src/winmain.c	00401CE0	004199F0	00402070	00454103	2	801	567				00442EFC	maneuvering	21			00409C20	wc2-insertion
src/winmain.c	00401CE0	004199F0	00402070	00454103	2	801	568				00442F2D	formation_burst	57			00409C50	wc2-insertion
src/winmain.c	00401CE0	004199F0	00402070	00454103	2	801	569				00442FE9	disallow_engage	11			00409CE0	wc2-insertion
src/winmain.c	00401CE0	004199F0	00402070	00454103	2	801	570				00442FFD	allow_engage	12			00409CF0	wc2-insertion
src/winmain.c	00401CE0	004199F0	00402070	00454103	2	801	571				0044301A	try2allow_engage	33			00409D10	wc2-insertion
src/winmain.c	00401CE0	004199F0	00402070	00454103	2	801	572				00443095	imperial_formation	157			00409D60	wc2-insertion
src/winmain.c	00401CE0	004199F0	00402070	00454103	2	801	573				004432EB	formation_break	52			00409F00	wc2-insertion
src/winmain.c	00401CE0	004199F0	00402070	00454103	2	801	574				004433B1	imperial_wingman	64			00409F80	wc2-insertion
src/winmain.c	00401CE0	004199F0	00402070	00454103	2	801	575				00443499	kilrathi_wingman	103			0040A030	wc2-insertion
src/winmain.c	00401CE0	004199F0	00402070	00454103	2	801	576				00443631	wingman_mission	23			0040A130	wc2-insertion
src/winmain.c	00401CE0	004199F0	00402070	00454103	2	801	577				0044366D	dist_from_home	19			0040A160	wc2-insertion
src/winmain.c	00401CE0	004199F0	00402070	00454103	2	801	578				00443698	scan_and_lock	32			0040A180	wc2-insertion
src/winmain.c	00401CE0	004199F0	00402070	00454103	2	801	579				00443707	patrol_area	158			0040A1C0	wc2-insertion
src/winmain.c	00401CE0	004199F0	00402070	00454103	2	801	580				00443930	kilrathi_patrol	53			0040A360	wc2-insertion
src/winmain.c	00401CE0	004199F0	00402070	00454103	2	801	581				00443A08	cruise_to_destination	159			0040A410	wc2-insertion
src/winmain.c	00401CE0	004199F0	00402070	00454103	2	801	582				00443C45	prepare_for_jump	81			0040A540	wc2-insertion
src/winmain.c	00401CE0	004199F0	00402070	00454103	2	801	583				00443D6E	accelerate_and_jump	27			0040A630	wc2-insertion
src/winmain.c	00401CE0	004199F0	00402070	00454103	2	801	584				00443DBD	reach_warp	57			0040A670	wc2-insertion
src/winmain.c	00401CE0	004199F0	00402070	00454103	2	801	585				00443E8C	FUN_00443E8C	26				wc2-insertion
src/winmain.c	00401CE0	004199F0	00402070	00454103	2	801	586				00443EE9	warp_arrival	24			0040A710	wc2-insertion
src/winmain.c	00401CE0	004199F0	00402070	00454103	2	801	587				00443F28	return_to_buddy	47			0040A740	wc2-insertion
src/winmain.c	00401CE0	004199F0	00402070	00454103	2	801	588				00443FA2	escort_buddy	29			0040A7A0	wc2-insertion
src/winmain.c	00401CE0	004199F0	00402070	00454103	2	801	589				00443FE4	escort_mission	121			0040A7D0	wc2-insertion
src/winmain.c	00401CE0	004199F0	00402070	00454103	2	801	590				00444199	check_goal	29			0040A900	wc2-insertion
src/winmain.c	00401CE0	004199F0	00402070	00454103	2	801	591				004441E5	streak_toward	59			0040A940	wc2-insertion
src/winmain.c	00401CE0	004199F0	00402070	00454103	2	801	592				00444291	approach_and_engage	116			0040A9B0	wc2-insertion
src/winmain.c	00401CE0	004199F0	00402070	00454103	2	801	593				00444420	strike_mission	172			0040AAC0	wc2-insertion
src/winmain.c	00401CE0	004199F0	00402070	00454103	2	801	594				004446C9	return_to_master	40			0040ABB0	wc2-insertion
src/winmain.c	00401CE0	004199F0	00402070	00454103	2	801	595				0044472C	defend_mission	155			0040AC00	wc2-insertion
src/winmain.c	00401CE0	004199F0	00402070	00454103	2	801	596				00444966	rendezvous_mission	116			0040AD80	wc2-insertion
src/winmain.c	00401CE0	004199F0	00402070	00454103	2	801	597				00444ADC	ship_intelligence	108			0040AE80	wc2-insertion
src/winmain.c	00401CE0	004199F0	00402070	00454103	2	801	598				00444C80	orbit_sphere	73			0040AF70	wc2-insertion
src/winmain.c	00401CE0	004199F0	00402070	00454103	2	801	599				00444D5C	tanker_intelligence	76			0040B010	wc2-insertion
src/winmain.c	00401CE0	004199F0	00402070	00454103	2	801	600				00444E51	destroyer_intelligence	32			0040B0C0	wc2-insertion
src/winmain.c	00401CE0	004199F0	00402070	00454103	2	801	601				00444EA7	stationary_intelligence	42			0040B110	wc2-insertion
src/winmain.c	00401CE0	004199F0	00402070	00454103	2	801	602				00444F53	FUN_00444F53	92				wc2-insertion
src/winmain.c	00401CE0	004199F0	00402070	00454103	2	801	603				00445087	FUN_00445087	723				wc2-insertion
src/winmain.c	00401CE0	004199F0	00402070	00454103	2	801	604				00445AAC	capital_ship_intelligence	184			0040B140	wc2-insertion
src/winmain.c	00401CE0	004199F0	00402070	00454103	2	801	605				00445D9A	futurion_intelligence	46			0040B320	wc2-insertion
src/winmain.c	00401CE0	004199F0	00402070	00454103	2	801	606				00445E68	heat_seeking_missile_intelligence	169			0040B430	wc2-insertion
src/winmain.c	00401CE0	004199F0	00402070	00454103	2	801	607				00446133	FF_missile_intelligence	143			0040B570	wc2-insertion
src/winmain.c	00401CE0	004199F0	00402070	00454103	2	801	608				00446395	FUN_00446395	59				wc2-insertion
src/winmain.c	00401CE0	004199F0	00402070	00454103	2	801	609				00446474	mine_intelligence	62			0040B3A0	wc2-insertion
src/winmain.c	00401CE0	004199F0	00402070	00454103	2	801	610				00446560	FUN_00446560	12				wc2-insertion
src/winmain.c	00401CE0	004199F0	00402070	00454103	2	801	611				00446580	FUN_00446580	17				wc2-insertion
src/winmain.c	00401CE0	004199F0	00402070	00454103	2	801	612				004465A0	PacketLoad	98			0042B050	wc2-insertion
src/winmain.c	00401CE0	004199F0	00402070	00454103	2	801	613				00446710	DrawPodiumShot	67			00439070	wc2-insertion
src/winmain.c	00401CE0	004199F0	00402070	00454103	2	801	614				00446823	FUN_00446823	61				wc2-insertion
src/winmain.c	00401CE0	004199F0	00402070	00454103	2	801	615				00446910	DosStrcat	25			0041C740	wc2-insertion
src/winmain.c	00401CE0	004199F0	00402070	00454103	2	801	616				00446950	FUN_00446950	11				wc2-insertion
src/winmain.c	00401CE0	004199F0	00402070	00454103	2	801	617				00446960	FUN_00446960	18				wc2-insertion
src/winmain.c	00401CE0	004199F0	00402070	00454103	2	801	618				0044698F	FUN_0044698F	42				wc2-insertion
src/winmain.c	00401CE0	004199F0	00402070	00454103	2	801	619				00446A1D	FUN_00446A1D	82				wc2-insertion
src/winmain.c	00401CE0	004199F0	00402070	00454103	2	801	620				00446B6A	FUN_00446B6A	94				wc2-insertion
src/winmain.c	00401CE0	004199F0	00402070	00454103	2	801	621				00446CC2	FUN_00446CC2	29				wc2-insertion
src/winmain.c	00401CE0	004199F0	00402070	00454103	2	801	622				00446D0D	FUN_00446D0D	30				wc2-insertion
src/winmain.c	00401CE0	004199F0	00402070	00454103	2	801	623				00446D55	FUN_00446D55	86				wc2-insertion
src/winmain.c	00401CE0	004199F0	00402070	00454103	2	801	624				00446E9D	FUN_00446E9D	38				wc2-insertion
src/winmain.c	00401CE0	004199F0	00402070	00454103	2	801	625				00446F14	FUN_00446F14	57				wc2-insertion
src/winmain.c	00401CE0	004199F0	00402070	00454103	2	801	626				00446FC8	FUN_00446FC8	95				wc2-insertion
src/winmain.c	00401CE0	004199F0	00402070	00454103	2	801	627				00447170	GetShapeFrameExtent	26			00407710	wc2-insertion
src/winmain.c	00401CE0	004199F0	00402070	00454103	2	801	628				004471B0	free_viewport	76			0040F940	wc2-insertion
src/winmain.c	00401CE0	004199F0	00402070	00454103	2	801	629				00447300	LoadCommPortraitResources	33			00431520	wc2-insertion
src/winmain.c	00401CE0	004199F0	00402070	00454103	2	801	630				00447369	FUN_00447369	28				wc2-insertion
src/winmain.c	00401CE0	004199F0	00402070	00454103	2	801	631				004473D1	IsCommMenuIdle	17			00430CA0	wc2-insertion
src/winmain.c	00401CE0	004199F0	00402070	00454103	2	801	632				004473FC	AppendCommMenuChoice	30			00430CB0	wc2-insertion
src/winmain.c	00401CE0	004199F0	00402070	00454103	2	801	633				00447479	SendCommMenuChoice	27			00430D30	wc2-insertion
src/winmain.c	00401CE0	004199F0	00402070	00454103	2	801	634				004474CA	OpenCommMenuForTarget	19			00430D50	wc2-insertion
src/winmain.c	00401CE0	004199F0	00402070	00454103	2	801	635				004474F4	IsCommChoiceMenuOpen	20			00430D80	wc2-insertion
src/winmain.c	00401CE0	004199F0	00402070	00454103	2	801	636				00447526	OpenCommRecipientMenu	15			00430DC0	wc2-insertion
src/winmain.c	00401CE0	004199F0	00402070	00454103	2	801	637				00447544	CloseCommChoiceMenu	19			00430DE0	wc2-insertion
src/winmain.c	00401CE0	004199F0	00402070	00454103	2	801	638				0044756F	wingman_dead	17			00430E10	wc2-insertion
src/winmain.c	00401CE0	004199F0	00402070	00454103	2	801	639				0044759B	have_target	21			00430E30	wc2-insertion
src/winmain.c	00401CE0	004199F0	00402070	00454103	2	801	640				004475D3	CanOpenCommMenu	22			00430E50	wc2-insertion
src/winmain.c	00401CE0	004199F0	00402070	00454103	2	801	641				0044760F	SelectCommRecipient	13			00430E70	wc2-insertion
src/winmain.c	00401CE0	004199F0	00402070	00454103	2	801	642				00447629	BuildCommunicationRecipientMenu	144			00430E90	wc2-insertion
src/winmain.c	00401CE0	004199F0	00402070	00454103	2	801	643				00447890	BuildCommunicationCommandMenu	275			00430FC0	wc2-insertion
src/winmain.c	00401CE0	004199F0	00402070	00454103	2	801	644				00447D85	RefreshCommunicationMenu	28			00431200	wc2-insertion
src/winmain.c	00401CE0	004199F0	00402070	00454103	2	801	645				00447DE3	HandleCommunicationMenuRequest	32			00431240	wc2-insertion
src/winmain.c	00401CE0	004199F0	00402070	00454103	2	801	646				00447E47	show_communications_disp	51			00431290	wc2-insertion
src/winmain.c	00401CE0	004199F0	00402070	00454103	2	801	647				00447EF5	Chosen_communicate_option	68			00431350	wc2-insertion
src/winmain.c	00401CE0	004199F0	00402070	00454103	2	801	648				00448008	IssueQuickCommCommand	24			00431400	wc2-insertion
src/winmain.c	00401CE0	004199F0	00402070	00454103	2	801	649				0044804A	FreeCommDisplayResources	13			00431410	wc2-insertion
src/winmain.c	00401CE0	004199F0	00402070	00454103	2	801	650				00448070	EndCommSessionWithWingman	30			00431470	wc2-insertion
src/winmain.c	00401CE0	004199F0	00402070	00454103	2	801	651				004480C6	EndCommMenu	20			004314C0	wc2-insertion
src/winmain.c	00401CE0	004199F0	00402070	00454103	2	801	652				00448100	ShowCentredPrompt	22			004314F0	wc2-insertion
src/winmain.c	00401CE0	004199F0	00402070	00454103	2	801	653				00448136	ExpandCommMessageTokens	102			004315C0	wc2-insertion
src/winmain.c	00401CE0	004199F0	00402070	00454103	2	801	654				004482CA	real_vid_transmit	180			004316E0	wc2-insertion
src/winmain.c	00401CE0	004199F0	00402070	00454103	2	801	655				00448570	FUN_00448570	435				wc2-insertion
src/winmain.c	00401CE0	004199F0	00402070	00454103	2	801	656				00448D1A	SetViewportHorizontalBounds	16				wc2-insertion
src/winmain.c	00401CE0	004199F0	00402070	00454103	2	801	657				00448D39	SetViewportVerticalBounds	16				wc2-insertion
src/winmain.c	00401CE0	004199F0	00402070	00454103	2	801	658				00448D58	FUN_00448D58	1107				wc2-insertion
src/winmain.c	00401CE0	004199F0	00402070	00454103	2	801	659				00449FAE	FUN_00449FAE	34				wc2-insertion
src/winmain.c	00401CE0	004199F0	00402070	00454103	2	801	660				0044A009	FUN_0044A009	22				wc2-insertion
src/winmain.c	00401CE0	004199F0	00402070	00454103	2	801	661				0044A03C	FUN_0044A03C	539				wc2-insertion
src/winmain.c	00401CE0	004199F0	00402070	00454103	2	801	662				0044A910	FUN_0044A910	129				wc2-insertion
src/winmain.c	00401CE0	004199F0	00402070	00454103	2	801	663				0044AAE5	FUN_0044AAE5	263				wc2-insertion
src/winmain.c	00401CE0	004199F0	00402070	00454103	2	801	664				0044ADE0	SetFleetOverviewView	292			00410740	wc2-insertion
src/winmain.c	00401CE0	004199F0	00402070	00454103	2	801	665				0044B200	set_sphere_point	26			0040B670	wc2-insertion
src/winmain.c	00401CE0	004199F0	00402070	00454103	2	801	666				0044B239	is_alive	14			0040B6A0	wc2-insertion
src/winmain.c	00401CE0	004199F0	00402070	00454103	2	801	667				0044B257	check_futurion	20			0040B700	wc2-insertion
src/winmain.c	00401CE0	004199F0	00402070	00454103	2	801	668				0044B29D	FUN_0044B29D	22				wc2-insertion
src/winmain.c	00401CE0	004199F0	00402070	00454103	2	801	669				0044B2E2	init_mission	86			0040B730	wc2-insertion
src/winmain.c	00401CE0	004199F0	00402070	00454103	2	801	670				0044B48F	FUN_0044B48F	207				wc2-insertion
src/winmain.c	00401CE0	004199F0	00402070	00454103	2	801	671				0044B83C	FUN_0044B83C	99				wc2-insertion
src/winmain.c	00401CE0	004199F0	00402070	00454103	2	801	672				0044B981	FUN_0044B981	61				wc2-insertion
src/winmain.c	00401CE0	004199F0	00402070	00454103	2	801	673				0044BA73	prepare_mission	154			0040B7A0	wc2-insertion
src/winmain.c	00401CE0	004199F0	00402070	00454103	2	801	674				0044BCF7	release_all_capital_ship_shapes	37			0040B940	wc2-insertion
src/winmain.c	00401CE0	004199F0	00402070	00454103	2	801	675				0044BD83	release_capital_ship_shapes	64			0040B990	wc2-insertion
src/winmain.c	00401CE0	004199F0	00402070	00454103	2	801	676				0044BE84	FUN_0044BE84	30				wc2-insertion
src/winmain.c	00401CE0	004199F0	00402070	00454103	2	801	677				0044BEE5	load_ship	553			0040B9F0	wc2-insertion
src/winmain.c	00401CE0	004199F0	00402070	00454103	2	801	678				0044C796	free_ship	302			0040BC70	wc2-insertion
src/winmain.c	00401CE0	004199F0	00402070	00454103	2	801	679				0044CC84	free_all_slots	30			0040BE20	wc2-insertion
src/winmain.c	00401CE0	004199F0	00402070	00454103	2	801	680				0044CCE1	load_all_slots	63			0040BE60	wc2-insertion
src/winmain.c	00401CE0	004199F0	00402070	00454103	2	801	681				0044CDCF	remove_nav_point_objects	22			0040BEA0	wc2-insertion
src/winmain.c	00401CE0	004199F0	00402070	00454103	2	801	682				0044CE0A	get_shape_slot	29			0040BEC0	wc2-insertion
src/winmain.c	00401CE0	004199F0	00402070	00454103	2	801	683				0044CE68	shape_loaded	30			0040BEF0	wc2-insertion
src/winmain.c	00401CE0	004199F0	00402070	00454103	2	801	684				0044CEC8	shape_needed	31			0040BF20	wc2-insertion
src/winmain.c	00401CE0	004199F0	00402070	00454103	2	801	685				0044CF2D	new_sphere_shapes	115			0040BF50	wc2-insertion
src/winmain.c	00401CE0	004199F0	00402070	00454103	2	801	686				0044D0C7	FUN_0044D0C7	156				wc2-insertion
src/winmain.c	00401CE0	004199F0	00402070	00454103	2	801	687				0044D35D	set_up_action_sphere	229			0040BFF0	wc2-insertion
src/winmain.c	00401CE0	004199F0	00402070	00454103	2	801	688				0044D72E	room_for_me	67			0040C350	wc2-insertion
src/winmain.c	00401CE0	004199F0	00402070	00454103	2	801	689				0044D81F	place_ship_near_player_until_valid	36			0040C360	wc2-insertion
src/winmain.c	00401CE0	004199F0	00402070	00454103	2	801	690				0044D888	set_up_next_wave	90			0040C3C0	wc2-insertion
src/winmain.c	00401CE0	004199F0	00402070	00454103	2	801	691				0044D9E2	sub_int_vector	31			0040C4A0	wc2-insertion
src/winmain.c	00401CE0	004199F0	00402070	00454103	2	801	692				0044DA2F	set_formation_position	101			0040C4E0	wc2-insertion
src/winmain.c	00401CE0	004199F0	00402070	00454103	2	801	693				0044DB7E	Set_up_ship_info	270			0040C5E0	wc2-insertion
src/winmain.c	00401CE0	004199F0	00402070	00454103	2	801	694				0044E028	is_team_member	33			0040C740	wc2-insertion
src/winmain.c	00401CE0	004199F0	00402070	00454103	2	801	695				0044E09C	find_next_ship_turn_slot	55			0040C780	wc2-insertion
src/winmain.c	00401CE0	004199F0	00402070	00454103	2	801	696				0044E187	init_ship	209			0040C800	wc2-insertion
src/winmain.c	00401CE0	004199F0	00402070	00454103	2	801	697				0044E44F	init_intelligence_data	356			0040C950	wc2-insertion
src/winmain.c	00401CE0	004199F0	00402070	00454103	2	801	698				0044EA50	FUN_0044EA50	57				wc2-insertion
src/winmain.c	00401CE0	004199F0	00402070	00454103	2	801	699				0044EB4E	FUN_0044EB4E	37				wc2-insertion
src/winmain.c	00401CE0	004199F0	00402070	00454103	2	801	700				0044EBCA	ejection_sequence	272			004046A0	wc2-insertion
src/winmain.c	00401CE0	004199F0	00402070	00454103	2	801	701				0044F010	OpenPacketSection	135			0042D730	wc2-insertion
src/winmain.c	00401CE0	004199F0	00402070	00454103	2	801	702				0044F1C7	CloseDataFileByHandle	15			0042D870	wc2-insertion
src/winmain.c	00401CE0	004199F0	00402070	00454103	2	801	703				0044F1F0	SampleBothJoysticks	39			0040CAA0	wc2-insertion
src/winmain.c	00401CE0	004199F0	00402070	00454103	2	801	704				0044F247	FUN_0044F247	41				wc2-insertion
src/winmain.c	00401CE0	004199F0	00402070	00454103	2	801	705				0044F2B8	FUN_0044F2B8	12				wc2-insertion
src/winmain.c	00401CE0	004199F0	00402070	00454103	2	801	706				0044F2CD	FUN_0044F2CD	19				wc2-insertion
src/winmain.c	00401CE0	004199F0	00402070	00454103	2	801	707				0044F300	FUN_0044F300	11				wc2-insertion
src/winmain.c	00401CE0	004199F0	00402070	00454103	2	801	708				0044F310	FUN_0044F310	12				wc2-insertion
src/winmain.c	00401CE0	004199F0	00402070	00454103	2	801	709				0044F322	FUN_0044F322	11				wc2-insertion
src/winmain.c	00401CE0	004199F0	00402070	00454103	2	801	710				0044F332	SetAwakenBarracksMenuLabel	41			0041B110	wc2-insertion
src/winmain.c	00401CE0	004199F0	00402070	00454103	2	801	711				0044F3A4	FUN_0044F3A4	22				wc2-insertion
src/winmain.c	00401CE0	004199F0	00402070	00454103	2	801	712				0044F52E	FUN_0044F52E	35				wc2-insertion
src/winmain.c	00401CE0	004199F0	00402070	00454103	2	801	713				0044F581	FUN_0044F581	12				wc2-insertion
src/winmain.c	00401CE0	004199F0	00402070	00454103	2	801	714				0044F5B1	FUN_0044F5B1	11				wc2-insertion
src/winmain.c	00401CE0	004199F0	00402070	00454103	2	801	715				0044F5C5	FUN_0044F5C5	13				wc2-insertion
src/winmain.c	00401CE0	004199F0	00402070	00454103	2	801	716				0044F84F	FUN_0044F84F	132				wc2-insertion
src/winmain.c	00401CE0	004199F0	00402070	00454103	2	801	717				0044FA31	FUN_0044FA31	19				wc2-insertion
src/winmain.c	00401CE0	004199F0	00402070	00454103	2	801	718				0044FA70	DrawNavTextLine	36			0040CB60	wc2-insertion
src/winmain.c	00401CE0	004199F0	00402070	00454103	2	801	719				0044FADA	SetNavMapCoordinateScaling	12			0040CBB0	wc2-insertion
src/winmain.c	00401CE0	004199F0	00402070	00454103	2	801	720				0044FAEF	ScaleNavMapMarkerSize	20			0040CBC0	wc2-insertion
src/winmain.c	00401CE0	004199F0	00402070	00454103	2	801	721				0044FB19	ScaleNavMapCoordinates	29			0040CBE0	wc2-insertion
src/winmain.c	00401CE0	004199F0	00402070	00454103	2	801	722				0044FB68	nav_getxy	39			0040CC30	wc2-insertion
src/winmain.c	00401CE0	004199F0	00402070	00454103	2	801	723				0044FBC8	CheckPoint	38			0040CC80	wc2-insertion
src/winmain.c	00401CE0	004199F0	00402070	00454103	2	801	724				0044FC37	IncludeNavMapWorldPoint	27			0040CCF0	wc2-insertion
src/winmain.c	00401CE0	004199F0	00402070	00454103	2	801	725				0044FC6D	SetScale	158			0040CD30	wc2-insertion
src/winmain.c	00401CE0	004199F0	00402070	00454103	2	801	726				0044FE9F	Build_objective_list	167			0040CED0	wc2-insertion
src/winmain.c	00401CE0	004199F0	00402070	00454103	2	801	727				00450136	FUN_00450136	34				wc2-insertion
src/winmain.c	00401CE0	004199F0	00402070	00454103	2	801	728				004501B2	NavMapLabelFits	30			0040D0E0	wc2-insertion
src/winmain.c	00401CE0	004199F0	00402070	00454103	2	801	729				00450210	NavMapLabelPositionAvailable	81			0040D120	wc2-insertion
src/winmain.c	00401CE0	004199F0	00402070	00454103	2	801	730				00450329	ResetNavMapReservedAreas	11			0040D1D0	wc2-insertion
src/winmain.c	00401CE0	004199F0	00402070	00454103	2	801	731				0045033D	ReserveNavMapArea	27			0040D1E0	wc2-insertion
src/winmain.c	00401CE0	004199F0	00402070	00454103	2	801	732				004503A7	ResetNavMapLabels	11			0040D240	wc2-insertion
src/winmain.c	00401CE0	004199F0	00402070	00454103	2	801	733				004503BB	TryPlaceNavMapLabel	50			0040D250	wc2-insertion
src/winmain.c	00401CE0	004199F0	00402070	00454103	2	801	734				00450458	PlaceNavMapLabel	152			0040D2C0	wc2-insertion
src/winmain.c	00401CE0	004199F0	00402070	00454103	2	801	735				00450623	FUN_00450623	55				wc2-insertion
src/winmain.c	00401CE0	004199F0	00402070	00454103	2	801	736				004506F8	AddUniqueObjectiveNavLabel	73			0040D410	wc2-insertion
src/winmain.c	00401CE0	004199F0	00402070	00454103	2	801	737				004507DA	IsPointInNavMapLabel	46			0040D490	wc2-insertion
src/winmain.c	00401CE0	004199F0	00402070	00454103	2	801	738				0045087F	DrawNavMapLabels	38			0040D540	wc2-insertion
src/winmain.c	00401CE0	004199F0	00402070	00454103	2	801	739				00450900	DrawNavRectangleMarker	80			0040D5A0	wc2-insertion
src/winmain.c	00401CE0	004199F0	00402070	00454103	2	801	740				004509C9	DrawNavSquareOutline	32			0040D640	wc2-insertion
src/winmain.c	00401CE0	004199F0	00402070	00454103	2	801	741				00450A12	DrawNavSquareMarker	94			0040D680	wc2-insertion
src/winmain.c	00401CE0	004199F0	00402070	00454103	2	801	742				00450B03	DrawNavTriangleOutline	72			0040D740	wc2-insertion
src/winmain.c	00401CE0	004199F0	00402070	00454103	2	801	743				00450BBA	DrawNavTriangleMarker	46			0040D7D0	wc2-insertion
src/winmain.c	00401CE0	004199F0	00402070	00454103	2	801	744				00450C2A	DrawNavCrossMarker	78			0040D830	wc2-insertion
src/winmain.c	00401CE0	004199F0	00402070	00454103	2	801	745				00450CF8	FUN_00450CF8	66				wc2-insertion
src/winmain.c	00401CE0	004199F0	00402070	00454103	2	801	746				00450DF6	SetScreenClipRect	21			0040D8C0	wc2-insertion
src/winmain.c	00401CE0	004199F0	00402070	00454103	2	801	747				00450E1E	DrawNavHazardMarker	55			0040D8F0	wc2-insertion
src/winmain.c	00401CE0	004199F0	00402070	00454103	2	801	748				00450E98	DrawNavPlayerMarker	53			0040D980	wc2-insertion
src/winmain.c	00401CE0	004199F0	00402070	00454103	2	801	749				00450F1E	FUN_00450F1E	73				wc2-insertion
src/winmain.c	00401CE0	004199F0	00402070	00454103	2	801	750				00450FE2	BuildMap	391			0040DA00	wc2-insertion
src/winmain.c	00401CE0	004199F0	00402070	00454103	2	801	751				0045153A	UpdateInflightNavText	70			0040DDA0	wc2-insertion
src/winmain.c	00401CE0	004199F0	00402070	00454103	2	801	752				00451637	FormatNavCoordinates	24			0040DE70	wc2-insertion
src/winmain.c	00401CE0	004199F0	00402070	00454103	2	801	753				00451673	DrawSelectedNavLegendEntry	27			0040DEA0	wc2-insertion
src/winmain.c	00401CE0	004199F0	00402070	00454103	2	801	754				004516C0	DrawNavMapLegend	48			0040DEE0	wc2-insertion
src/winmain.c	00401CE0	004199F0	00402070	00454103	2	801	755				00451756	nav_note	55			0040DF50	wc2-insertion
src/winmain.c	00401CE0	004199F0	00402070	00454103	2	801	756				0045180F	DrawNavLocationReadout	188			0040DF70	wc2-insertion
src/winmain.c	00401CE0	004199F0	00402070	00454103	2	801	757				00451AD3	BriefingMap_LoadShapes	47			0040E190	wc2-insertion
src/winmain.c	00401CE0	004199F0	00402070	00454103	2	801	758				00451B70	BriefingMap_DisplayMap	61			0040E210	wc2-insertion
src/winmain.c	00401CE0	004199F0	00402070	00454103	2	801	759				00451C5C	SelectNavObjectiveAtPoint	107			0040E2B0	wc2-insertion
src/winmain.c	00401CE0	004199F0	00402070	00454103	2	801	760				00451DDB	CentreMouseOnCurrentNavObjective	41			0040E3C0	wc2-insertion
src/winmain.c	00401CE0	004199F0	00402070	00454103	2	801	761				00451E57	ShowConfedNavScan	36			0040E430	wc2-insertion
src/winmain.c	00401CE0	004199F0	00402070	00454103	2	801	762				00451EC9	FUN_00451EC9	55				wc2-insertion
src/winmain.c	00401CE0	004199F0	00402070	00454103	2	801	763				00451FAA	InflightComputer	303			0040E480	wc2-insertion
src/winmain.c	00401CE0	004199F0	00402070	00454103	2	801	764				00452450	FUN_00452450	325				wc2-insertion
src/winmain.c	00401CE0	004199F0	00402070	00454103	2	801	765				00452930	FUN_00452930	59				wc2-insertion
src/winmain.c	00401CE0	004199F0	00402070	00454103	2	801	766				00452A00	StopMusicStream	11				wc2-insertion
src/winmain.c	00401CE0	004199F0	00402070	00454103	2	801	767				00452A10	SetMusBreakpt	10			0042E380	wc2-insertion
src/winmain.c	00401CE0	004199F0	00402070	00454103	2	801	768				00452A1B	FUN_00452A1B	10				wc2-insertion
src/winmain.c	00401CE0	004199F0	00402070	00454103	2	801	769				00452A26	StopMusic	12			0042E350	wc2-insertion
src/winmain.c	00401CE0	004199F0	00402070	00454103	2	801	770				00452A40	FUN_00452A40	17				wc2-insertion
src/winmain.c	00401CE0	004199F0	00402070	00454103	2	801	771				00452A64	FUN_00452A64	23				wc2-insertion
src/winmain.c	00401CE0	004199F0	00402070	00454103	2	801	772				00452A99	PaletteFadeHook	12			0042E390	wc2-insertion
src/winmain.c	00401CE0	004199F0	00402070	00454103	2	801	773				00452AAB	FlushSoundEffect	14			0042E3A0	wc2-insertion
src/winmain.c	00401CE0	004199F0	00402070	00454103	2	801	774				00452AC8	FlushSoundEffects	14			0042E3C0	wc2-insertion
src/winmain.c	00401CE0	004199F0	00402070	00454103	2	801	775				00452AE5	FadeMusic	10			0042E320	wc2-insertion
src/winmain.c	00401CE0	004199F0	00402070	00454103	2	801	776				00452AF0	SceneLeaveHook	12			0042E3E0	wc2-insertion
src/winmain.c	00401CE0	004199F0	00402070	00454103	2	801	777				00452B03	ProcessMusicScriptCommand	128			0042E6F0	wc2-insertion
src/winmain.c	00401CE0	004199F0	00402070	00454103	2	801	778				00452CF4	spacetrack	24			0042E880	wc2-insertion
src/winmain.c	00401CE0	004199F0	00402070	00454103	2	801	779				00452D32	StopMusicUnlessSuppressed	19			0042E8B0	wc2-insertion
src/winmain.c	00401CE0	004199F0	00402070	00454103	2	801	780				00452D66	IsMusicTrackComplete	23			0042E8D0	wc2-insertion
src/winmain.c	00401CE0	004199F0	00402070	00454103	2	801	781				00452DB0	wait_for_end_of_music	42			0042E900	wc2-insertion
src/winmain.c	00401CE0	004199F0	00402070	00454103	2	801	782				00452E46	new_space_music_changes	91			0042E9E0	wc2-insertion
src/winmain.c	00401CE0	004199F0	00402070	00454103	2	801	783				00452F90	changetrack	53			0042EAD0	wc2-insertion
src/winmain.c	00401CE0	004199F0	00402070	00454103	2	801	784				00453085	gametrack	104			0042EB60	wc2-insertion
src/winmain.c	00401CE0	004199F0	00402070	00454103	2	801	785				00453240	servicetrack	142			0042ECB0	wc2-insertion
src/winmain.c	00401CE0	004199F0	00402070	00454103	2	801	786				00453496	ResetSoundState	13			0042EE80	wc2-insertion
src/winmain.c	00401CE0	004199F0	00402070	00454103	2	801	787				004534BA	ResetSoundStateForScene	12			0042EEA0	wc2-insertion
src/winmain.c	00401CE0	004199F0	00402070	00454103	2	801	788				004534D3	ResetSoundStateForFlight	12			0042EEB0	wc2-insertion
src/winmain.c	00401CE0	004199F0	00402070	00454103	2	801	789				004534F1	FUN_004534F1	10				wc2-insertion
src/winmain.c	00401CE0	004199F0	00402070	00454103	2	801	790				004534FC	EnableMusicForScene	14			0042EEE0	wc2-insertion
src/winmain.c	00401CE0	004199F0	00402070	00454103	2	801	791				0045351A	LogUnknownSoundEffect	16				wc2-insertion
src/winmain.c	00401CE0	004199F0	00402070	00454103	2	801	792				0045357E	FlushSoundEffectsAndLog	16			0042EF10	wc2-insertion
src/winmain.c	00401CE0	004199F0	00402070	00454103	2	801	793				004535BB	sound_effect	19			0042EF20	wc2-insertion
src/winmain.c	00401CE0	004199F0	00402070	00454103	2	801	794				0045373B	PlaySfxWaveFileByNumber	64			0042EF30	wc2-insertion
src/winmain.c	00401CE0	004199F0	00402070	00454103	2	801	795				00453820	FadeViewportPaletteToColour	179			0042A700	wc2-insertion
src/winmain.c	00401CE0	004199F0	00402070	00454103	2	801	796				00453A70	GetPacketSize	56			0042F810	wc2-insertion
src/winmain.c	00401CE0	004199F0	00402070	00454103	2	801	797				00453B30	MeasureTextPixelWidthClamped	52			00418080	wc2-insertion
src/winmain.c	00401CE0	004199F0	00402070	00454103	2	801	798				00453BD0	FUN_00453BD0	58				wc2-insertion
src/winmain.c	00401CE0	004199F0	00402070	00454103	2	801	799				00453C80	FUN_00453C80	12				wc2-insertion
src/winmain.c	00401CE0	004199F0	00402070	00454103	2	801	800				00453C95	CheckLauncherAndConfig	94			00401D10	wc2-insertion
src/winmain.c	00401CE0	004199F0	00402070	00454103	2	801	801				00453E60	WinMain	169			00401E30	wc2-insertion
src/winmain.c	004020E0	0045418B	00402110	0045422D	0	1	1				004541BD	FUN_004541BD	37				wc2-insertion
src/winmain.c	00402180	004542B7	00402A20	004551E7	3	2	1	00402320	PumpWindowMessages	144	0045445A	PumpWindowMessages	114	0045445A	47.52	00402320	unequal-gap-position
src/winmain.c	00402180	004542B7	00402A20	004551E7	3	2	2	00402520	GetF1KeyLatch	2	00454625	MainWindowProc	561			00402530	unequal-gap-position
src/winmain.c	00402180	004542B7	00402A20	004551E7	3	2	3	00402530	MainWindowProc	278				00454625	42.21		wc1-elimination
src/winmain.c	00402AC0	00455346	00402B80	00455427	1	1	1	00402AE0	GetJoystickDevCaps	46	0045536F	FUN_0045536F	52	0045536F		00402AE0	confirmed-order
src/winmain.c	00402BA0	00455451	00402CA0	00455565	1	1	1	00402BB0	AllocateGuardedMemory	60	00455466	AllocateGuardedMemory	73	00455466	66.67	00402BB0	confirmed-order
